No,Nama Perusahaan,Detail Perusahaan
1,LEAFHEA INTERNATIONAL NETWORKPerseroan Terbatas (PT),Website :www.leafhea.comEmail :leafheaofficial@gmail.com
2,GLASSTO INTER NATIONALPerseroan Terbatas (PT),Website :https://www.glassto.id/Email :glassto.international@gmail.com
3,AIIVISION INTERNASIONAL INDONESIAPerseroan Terbatas (PT),Website :www.aiivision.co.idEmail :ptaiivision@gmail.com
4,IZAUNET BERKAH MANDIRIPerseroan Terbatas (PT),Website :www.izaunet.comEmail :cs_izaura@yahoo.co.id
5,ELYSYLE COSMO INDONESIAPerseroan Terbatas (PT),Website :www.elysyle.co.idEmail :legal@elysyle.co.id
6,LEAMOR INTI NUSANTARAPerseroan Terbatas (PT),Website :https://calestraofficial.comEmail :leamorintinusantara@gmail.com
7,BIOKAYA ESTETIKA LABPerseroan Terbatas (PT),Website :www.biokaya.comEmail :biokaya.lab@gmail.com
8,NYRTEA BEAUTIKA NUSANTARAPerseroan Terbatas (PT),Website :www.nyrteanusantara.comEmail :nyrtea.nusantara@gmail.com
9,BERSAMA LEBIH SEMANGAT SEJAHTERAPerseroan Terbatas (PT),Website :www.squad.co.idEmail :squadbless.id@gmail.com
10,EMAS KARYA ABADIPerseroan Terbatas (PT),Website :momapan.idEmail :masduit@masduit.com
11,BERSAMA LEBIH SEMANGAT SEJAHTERAPerseroan Terbatas (PT),Website :www.squad.co.idEmail :squadbless.id@gmail.com
12,AMINDOWAY JAYAPerseroan Terbatas (PT),Website :https://www.amway.id/id/Email :amwayindonesia.bcr.legal@amway.com
13,ACCELERATING BUSINESS EMINENCEPerseroan Terbatas (PT),Website :Abe-global.comEmail :marketing@abe.id
14,THRIVE INTER NATIONALPerseroan Terbatas (PT),Website :https://eazim.id/Email :ptthriveinternational@gmail.com
15,GRIYO MORO INTERNATIONALPerseroan Terbatas (PT),Website :www.griyomorointernational.comEmail :pt.griyomorointernational@gmail.com
16,JIFU INTER GLOBALPerseroan Terbatas (PT),Website :id.jifu.comEmail :jifuinterglobal@gmail.com
17,JIFU INTER GLOBALPerseroan Terbatas (PT),Website :id.jifu.comEmail :jifuinterglobal@gmail.com
18,CINTA ANUGRAH PERSADAPerseroan Terbatas (PT),Website :www.superblessing.co.idEmail :cintaanugrahpersada@gmail.com
19,GRIYO MORO INDONESIAPerseroan Terbatas (PT),Website :www.klikgmind.comEmail :griyomoroindonesia@gmail.com
20,SYAM SHARIFAH INDONESIAPerseroan Terbatas (PT),Website :www.ssi25.comEmail :honey_alkaff@yahoo.com
21,BERNIAGA GEMILANG NUSANTARAPerseroan Terbatas (PT),Website :bgncorp.idEmail :ptberniagagemilangnusantara@gmail.com
22,BIOKAYA ESTETIKA LABPerseroan Terbatas (PT),Website :www.biokaya.comEmail :biokaya.lab@gmail.com
23,OLYLIFE INTERNATIONAL INDONESIAPerseroan Terbatas (PT),Website :https://olylifeindonesia.co.idEmail :olylifeinternational@gmail.com
24,HERBATECH MAHAKARYA INDONESIAPerseroan Terbatas (PT),Website :https://yokinamember.com/member/login.phpEmail :info.herbatceh@gmail.com
25,MEGA GLORYOUNG INTERNATIONALPerseroan Terbatas (PT),Website :www.mgiclub.comEmail :mgiclubglory@gmail.com
26,JAGAD PESONA BUANAPerseroan Terbatas (PT),Website :www.jpbuana.comEmail :ceojpbuana@jpbuana.com
27,ROYAL BOSS STARPerseroan Terbatas (PT),Website :www.id-rbs.comEmail :royalboss.star@gmail.com
28,HARMONI DINAMIK INDONESIAPerseroan Terbatas (PT),Website :https://www.hdistore.com/Email :corporate@hdinetwork.com
29,MITRA JAYA NETWORKPerseroan Terbatas (PT),Website :www.mitrajayanetwork.comEmail :mitrajayanetwork@gmail.com
30,MAGIC LIFE GLOBALPerseroan Terbatas (PT),Website :magiclife.co.idEmail :ptmagiclifeglobal@gmail.com
31,EVERYS LIFE SUCCESSPerseroan Terbatas (PT),Website :www.everyslife.comEmail :everyslifesuccess@gmail.com
32,GOLDEN DAYS INDONESIAPerseroan Terbatas (PT),Website :goldendaysindonesia.comEmail :Goldendaysindonesia@gmail.com
33,USANA HEALTH SCIENCES INDONESIAPerseroan Terbatas (PT),Website :www.usana.comEmail :tiffani.victoria@usanainc.com
34,KINO TEKNOLOGI NUSANTARAPerseroan Terbatas (PT),Website :ktnusantara.co.idEmail :kinoteknologinusantara@gmail.com
35,DAYNET ANUGERAH INDONESIAPerseroan Terbatas (PT),Website :daynet.idEmail :daynetanugerahindonesia@gmail.com
36,HEALTH WEALTH INTERNATIONALPerseroan Terbatas (PT),Website :https://www.healthwealthint.comEmail :realmailhwi@gmail.com
37,THUR SINA LANGGENGPerseroan Terbatas (PT),Website :www.thursinalanggeng.comEmail :langgengthursina@gmail.com
38,REVOOBIT INTERNATIONAL INDONESIAPerseroan Terbatas (PT),Website :www.revoobit.my.idEmail :revoobitindonesiapt@gmail.com
39,BEI INTERNATIONAL MARKETINGPerseroan Terbatas (PT),Website :www.beintil.co.idEmail :ptbeiinternational@beintl.com
40,IONAYA OPTIMA NATURAPerseroan Terbatas (PT),Website :www.ionaya.comEmail :ionayaoptimanatura@gmail.com
41,BINNERY INSAN PROSPERAPerseroan Terbatas (PT),Website :www.auriti.co.idEmail :binarypro.official@gmail.com
42,IONAYA OPTIMA NATURAPerseroan Terbatas (PT),Website :www.ionaya.comEmail :ionayaoptimanatura@gmail.com
43,LEAFHEA INTERNATIONAL NETWORKPerseroan Terbatas (PT),Website :www.leafhea.comEmail :Leafheaofficial@gmail.com
44,GOLDEN BIZ INTERNASIONALPerseroan Terbatas (PT),Website :www.goldenbizint.comEmail :goldenbiz.internasional@gmail.com
45,SINDUA SUKSES BERKAHPerseroan Terbatas (PT),Website :www.sindua.idEmail :ptsinduasuksesberkah@gmail.com
46,MILAGROS INDONESIA MEGAHPerseroan Terbatas (PT),Website :www.milagros.co.idEmail :legal@milagros.co.id
47,LABA JAYA INTERNASIONALPerseroan Terbatas (PT),Website :www.lancarbarokahjaya.comEmail :labajayainternasional@gmail.com
48,ORIENTASI SEMESTA INDEPENDENPerseroan Terbatas (PT),Website :www.osinetwork.idEmail :orientasisemestaindependen@gmail.com
49,AYOAJA TEKNOLOGI DIGITALPerseroan Terbatas (PT),Website :www.ayoaja.idEmail :ayoaja@ayoaja.id
50,SYAM SHARIFAH INDONESIAPerseroan Terbatas (PT),Website :www.ssi25.comEmail :honey_alkaff@yahoo.com
51,JMOA INDONESIA INTERNASIONALPerseroan Terbatas (PT),Website :www.bzzworld.comEmail :pmljmoa@gmail.com
52,DIVA INFINITY SOLUTIONPerseroan Terbatas (PT),Website :davins.asiaEmail :Frestyglow@gmail.com
53,LUHAZAHURA SUKSES BERSAMAPerseroan Terbatas (PT),Website :www.Luhazahura.my.idEmail :ptluhazahurasuksesbersama@gmail.com
54,JUARA KASIH SAYANGPerseroan Terbatas (PT),Website :www.juarakasihsayang.co.idEmail :ptjuarakasihsayang@gmail.com
55,JOY CITRA MAKMURPerseroan Terbatas (PT),Website :www.bicnet.idEmail :bicnet777@gmail.com
56,PUTRA MEGA NUSANTARAPerseroan Terbatas (PT),Website :https://levelups.click/Email :adeliafirnanda76@gmail.com
57,NAGA LANGIT SEMESTAPerseroan Terbatas (PT),Website :www.nagita.netEmail :nagalangitsemestapt@gmail.com
58,BERKAH AMANAH SELALUPerseroan Terbatas (PT),Website :berkahamanah.idEmail :ptberkahamanahselalu@gmail.com
59,JMOA INDONESIA INTERNASIONALPerseroan Terbatas (PT),Website :www.bzzworld.idEmail :pmljmoa@gmail.com
60,SINAR SUKSES IMPIANPerseroan Terbatas (PT),Website :www.551.co.idEmail :ssisinarsukses@gmail.com
61,HEALTHY WAY GLOBALPerseroan Terbatas (PT),Website :healthywayglobalindonesia.comEmail :healthywayglobal@gmail.com
62,NATURA PRIMA BEAUTYPerseroan Terbatas (PT),Website :WWW.NATURAWORLD.CO.IDEmail :naturaworld.official@gmail.com
63,KLADN SKIN BEAUTYPerseroan Terbatas (PT),Website :www.kladn.comEmail :ptkladn@gmail.com
64,OLA NETWORK ASIAPerseroan Terbatas (PT),Website :asc.jpn.comEmail :Olahrd2024@gmail.com
65,XAURA GLOBAL TRADINGPerseroan Terbatas (PT),Website :www.xauraglobal.comEmail :xauraglobaltrading@gmail.com
66,TRIDAYA SINERGI INDONESIAPerseroan Terbatas (PT),Website :www.tridayasinergi.comEmail :tridayasinergiindonesia@gmail.com
67,SUPERPLAN KARYA BERSAMAPerseroan Terbatas (PT),Website :www.superplan.idEmail :superplanofficial@gmail.com
68,HYDRO INNOVA GENERASI HEBATPerseroan Terbatas (PT),Website :www.dr-hydro.bizEmail :hydroinnovagenerasihebat@gmail.com
69,RALETSIA MAJU BERJAYAPerseroan Terbatas (PT),Website :www.raletsia.co.idEmail :ptraletsiamajub@gmail.com
70,REVELL MITRA ABADIPerseroan Terbatas (PT),Website :www.revellindo.comEmail :ptrevellmitraabadi@gmail.com
71,LABA JAYA INTERNASIONALPerseroan Terbatas (PT),Website :www.lancarbarokahjaya.comEmail :labajayainternasional@gmail.com
72,CAHAYA POHON ABADIPerseroan Terbatas (PT),Website :http://cahayapohonabadi.comEmail :pt.cahayapohonabadi@gmail.com
73,NASANUERA GLOBAL SYNERGYPerseroan Terbatas (PT),Website :-Email :nasanuera@gmail.com
74,NYRTEA BEAUTIKA NUSANTARAPerseroan Terbatas (PT),Website :www.nyrteanusantara.comEmail :nyrtea.nusantara@gmail.com
75,QN INTERNATIONAL INDONESIAPerseroan Terbatas (PT),Website :www.qnet-indonesia.co.idEmail :ganang.rindarko@qnet.net
76,BOKASHI TERAPI NATUROPATIPerseroan Terbatas (PT),Website :www.bokashitheraphy.comEmail :naturopatiterapi@gmail.com
77,VOLCANO INTERNATIONAL TECHNOLOGYPerseroan Terbatas (PT),Website :1001jewelrybox.comEmail :volcanotechnology42@gmail.com
78,GEO MULIA PERKASA SEJAHTERAPerseroan Terbatas (PT),Website :www.gmpsejahtera.co.idEmail :Gmpsejahtera@gmail.com
79,ELYSYLE COSMO INDONESIAPerseroan Terbatas (PT),Website :www.elysyle.co.idEmail :legal@elysyle.co.id
80,SUNRIDER NUSAPERDANA ABADIPerseroan Terbatas (PT),Website :www.sunrider.co.idEmail :pt.sunrider.abadi@gmail.com
81,GEO MULIA PERKASA SEJAHTERAPerseroan Terbatas (PT),Website :www.gmpsejahtera.co.idEmail :Gmpsejahtera@gmail.com
82,KOMPAK INDONESIA SUKSESPerseroan Terbatas (PT),Website :-Email :kompakindonesiasukses@gmail.com
83,NETWORK INDONESIA SATUPerseroan Terbatas (PT),Website :https://networksatu.id/Email :office@networksatu.id
84,ELYSYLE COSMO INDONESIAPerseroan Terbatas (PT),Website :www.elysyle.co.idEmail :legal@elysyle.co.id
85,LINTAS ARTHA KREATIF USAHAPerseroan Terbatas (PT),Website :www.lakuindonesia.comEmail :lkreatifusaha@gmail.com
86,AIDA DAHAYU PERKASAPerseroan Terbatas (PT),Website :www.7diamonds.idEmail :dahayuaidaniaga@gmail.com
87,KLADN SKIN BEAUTYPerseroan Terbatas (PT),Website :www.kladn.comEmail :ptkladn@gmail.com
88,SELLERPRO SUKSES ABADIPerseroan Terbatas (PT),Website :www.sellerpro.idEmail :sellerprosukses@gmail.com
89,ACCELERATING BUSINESS EMINENCEPerseroan Terbatas (PT),Website :Abe-global.comEmail :marketing@abe.id
90,EBANI KARIB SETIAPerseroan Terbatas (PT),Website :www.eonnipro.idEmail :ebanikaribsetia@gmail.com
91,PASTI SUKSES SEMUAPerseroan Terbatas (PT),Website :www.pastisukses.co.idEmail :ratushopping168@gmail.com
92,BERKAH AMANAH SELALUPerseroan Terbatas (PT),Website :berkahamanah.idEmail :ptberkahamanahselalu@gmail.com
93,ESA COSME INTERNASIONALPerseroan Terbatas (PT),Website :www.cuanse.co.idEmail :esadirekcuanse@gmail.com
94,GEO MULIA PERKASA SEJAHTERAPerseroan Terbatas (PT),Website :www.gmpsejahtera.co.idEmail :Gmpsejahtera@gmail.com
95,DWI LEGASI NUSANTARAPerseroan Terbatas (PT),Website :https://cms-dev.smartdnm.com/auth/loginEmail :indonesiaakademiinspiradzi@gmail.com
96,GOLDEN MILENIUM CEMERLANGPerseroan Terbatas (PT),Website :Goldenmilenium.comEmail :ptgoldenmileniumcemerlang@gmail.com
97,DENDIS BERKAH MULIAPerseroan Terbatas (PT),Website :-Email :pt.dendisberkahmulia@gmail.com
98,SOLUSI GLOBAL GROUPPerseroan Terbatas (PT),Website :http://nic.co.id/Email :solusiglobalgrup@gmail.com
99,JMOA INDONESIA INTERNASIONALPerseroan Terbatas (PT),Website :www.bzzworld.idEmail :pmljmoa@gmail.com
100,I LINK AGE INTERNATIONAL INDONESIAPerseroan Terbatas (PT),Website :www.nutric.comEmail :info.id@nutric.com
101,I LINK AGE INTERNATIONAL INDONESIAPerseroan Terbatas (PT),Website :www.nutric.comEmail :info.id@nutric.com
102,ELYSYLE COSMO INDONESIAPerseroan Terbatas (PT),Website :www.elysyle.co.idEmail :legal@elysyle.co.id
103,BERKAH INFINITY GEMILANGPerseroan Terbatas (PT),Website :berkahinfinity.comEmail :network.big.official@gmail.com
104,DAMAI EKA PRATAMA INDONESIAPerseroan Terbatas (PT),Website :www.damaiekapratamaindonesia.comEmail :fatdept.depindo@gmail.com
105,SAINS NATURA BIOTECHPerseroan Terbatas (PT),Website :www.sainsbiotech.comEmail :sainsnaturabiotech@gmail.com
106,USANA HEALTH SCIENCES INDONESIAPerseroan Terbatas (PT),Website :www.usana.comEmail :tiffani.victoria@usanainc.com
107,GRIYO MORO INDONESIAPerseroan Terbatas (PT),Website :www.klikgmind.comEmail :griyomoroindonesia@gmail.com
108,HARMONI DINAMIK INDONESIAPerseroan Terbatas (PT),Website :https://www.hdistore.com/Email :corporate@hdinetwork.com
109,BEI INTERNATIONAL MARKETINGPerseroan Terbatas (PT),Website :-Email :ptbeiinternational@beintl.com
110,ELYSYLE COSMO INDONESIAPerseroan Terbatas (PT),Website :www.elysyle.co.idEmail :legal@elysyle.co.id
111,SUNRIDER NUSAPERDANAPerseroan Terbatas (PT),Website :www.sunrider.co.idEmail :business.service@sunrider.co.id
112,HARAPAN GEMILANG INDONESIAPerseroan Terbatas (PT),Website :www.happygrowth.idEmail :ptharapangemilangindonesia@gmail.com
113,TUJUH DANA LANGITPerseroan Terbatas (PT),Website :sevenpro.idEmail :tujuhdanalangit@gmail.com
114,HARMONI DINAMIK INDONESIAPerseroan Terbatas (PT),Website :https://www.hdistore.com/Email :corporate@hdinetwork.com
115,NEW IMAGE INTERNATIONAL INDONESIAPerseroan Terbatas (PT),Website :-Email :ptnewimage.ii@gmail.com
116,FITLINE NUTRITION AND COSMETICSPerseroan Terbatas (PT),Website :www.fitline.com & www.pm-international.comEmail :office-fitline@pm-international.co.id
117,DUTA DANA KOSMETIKPerseroan Terbatas (PT),Website :nabbclinic.co.idEmail :ptdutadanakosmetik.2024@gmail.com
118,III INTERNATIONAL WELLNESS NETWORKPerseroan Terbatas (PT),Website :threeinternational.com/idEmail :iii.interwellnessnetwork@gmail.com
119,PASTI SUKSES SEMUAPerseroan Terbatas (PT),Website :www.pastisukses.co.idEmail :ratushopping168@gmail.com
120,BEI INTERNATIONAL MARKETINGPerseroan Terbatas (PT),Website :-Email :ptbeiinternational@beintl.com
121,COWAY INTERNATIONAL INDONESIAPerseroan Terbatas (PT),Website :www.coway.idEmail :indonesiacoway@hotmail.com
122,PRESTIGE INDONESIA SUKSESPerseroan Terbatas (PT),Website :www.m-prestige.comEmail :prestigeindonesiasukses@gmail.com
123,NUSA SELARAS INDONESIAPerseroan Terbatas (PT),Website :https://www.nuskin.com/content/nuskin/in_ID/home.htmlEmail :kkisizenia@nuskin.com
124,MARKET AMERICA INDONESIAPerseroan Terbatas (PT),Website :unfranchise.comEmail :valerias@marketamerica.com
125,LIFEPHARM GLOBAL INDONESIAPerseroan Terbatas (PT),Website :www.lifepharm.comEmail :lifepharmglobalidn@gmail.com
126,FITLINE NUTRITION AND COSMETICSPerseroan Terbatas (PT),Website :-Email :office-fitline@pm-international.co.id
127,BERSAMA LEBIH SEMANGAT SEJAHTERAPerseroan Terbatas (PT),Website :www.squad.co.idEmail :squadbless.id@gmail.com
128,FOURMI ASHA SEJAHTERAPerseroan Terbatas (PT),Website :fourmi.idEmail :fourmiashasejahtera@gmail.com
129,UNIVERSAL HEALTH NETWORKPerseroan Terbatas (PT),Website :https://www.sohoglobalhealth.comEmail :debby.alfi@sohoglobalhealth.com
130,MAHKOTA SUKSES INDONESIAPerseroan Terbatas (PT),Website :www.mymsi.co.idEmail :mahkotaindonesia.official@gmail.com
131,MAHKOTA SUKSES INDONESIAPerseroan Terbatas (PT),Website :www.mymsi.co.idEmail :mahkotaindonesia.official@gmail.com
132,ORINDO ALAM AYUPerseroan Terbatas (PT),Website :id.oriflame.comEmail :Indonesia.Regulatory@oriflame.com
133,BERLIAN SEJATI INDONESIAPerseroan Terbatas (PT),Website :htpps://berliansukses.comEmail :bsi.berlian3@gmail.com
134,FANTASTIC FOUR INTERNATIONALPerseroan Terbatas (PT),Website :www.funfoyu.idEmail :fantastic4int@gmail.com
135,PANEN INTI NUSANTARAPerseroan Terbatas (PT),Website :https://pintaracorp.co.idEmail :pintaracorp@gmail.com
136,WINET PROFISINDO INTERNASIONALPerseroan Terbatas (PT),Website :www.winetpro.comEmail :oss.winetprofisindo@gmail.com
137,DOTERRA INDONESIA MARKETINGPerseroan Terbatas (PT),Website :https://www.doterra.com/ID/id_IDEmail :indonesia@doterra.com
138,MYMOZZA BILLIONAIRE INTERNATIONALPerseroan Terbatas (PT),Website :www.mymozza-int.comEmail :mymozzabillionaireinternationa@gmail.com
139,JALUR OPTIMIS SUKSESPerseroan Terbatas (PT),Website :www.jos-official.comEmail :Josjosjos2x@gmail.com
140,MILAGROS INDONESIA MEGAHPerseroan Terbatas (PT),Website :www.milagros.co.idEmail :legal@milagros.co.id
141,SINGA LANGIT JAYAPerseroan Terbatas (PT),Website :http://www.tiens.co.id/Email :singa_langit@yahoo.com
142,JMOA INDONESIA INTERNASIONALPerseroan Terbatas (PT),Website :www.bzzworld.idEmail :pmljmoa@gmail.com
143,KKI NUSANTARA GEMILANGPerseroan Terbatas (PT),Website :www.kkigroup.co.idEmail :kkinusantaragemilang@gmail.com
144,PASTI SUKSES SEMUAPerseroan Terbatas (PT),Website :www.pastisukses.co.idEmail :ratushopping168@gmail.com
145,GRYA SMART MANDIRIPerseroan Terbatas (PT),Website :www.gryasmartmandiri.comEmail :pt.gryasmartmandiri@yahoo.com
146,SINAR SUKSES IMPIANPerseroan Terbatas (PT),Website :www.551.co.idEmail :ssisinarsukses@gmail.com
147,LEAFHEA INTERNATIONAL NETWORKPerseroan Terbatas (PT),Website :www.leafhea.comEmail :Leafheaofficial@gmail.com
148,FITLINE NUTRITION AND COSMETICSPerseroan Terbatas (PT),Website :-Email :office-fitline@pm-international.co.id
149,JUARA KASIH SAYANGPerseroan Terbatas (PT),Website :www.juarakasihsayang.co.idEmail :ptjuarakasihsayang@gmail.com
150,NEUMINDO MAKMUR BERSAMAPerseroan Terbatas (PT),Website :office.neumi.comEmail :neumindomakmurbersama@gmail.com
151,NEUMINDO MAKMUR BERSAMAPerseroan Terbatas (PT),Website :office.neumi.comEmail :neumindomakmurbersama@gmail.com
152,THRIVE INTER NATIONALPerseroan Terbatas (PT),Website :https://3ve.online/Email :ptthriveinternational@gmail.com
153,QN INTERNATIONAL INDONESIAPerseroan Terbatas (PT),Website :www.qnet-indonesia.co.idEmail :ganang.rindarko@qnet.net
154,HERBALIFE INDONESIAPerseroan Terbatas (PT),Website :-Email :externalaffairsID@herbalife.com
155,NASANUERA GLOBAL SYNERGYPerseroan Terbatas (PT),Website :-Email :nasanuera@gmail.com
156,BERKAH AMANAH SELALUPerseroan Terbatas (PT),Website :berkahamanah.idEmail :ptberkahamanahselalu@gmail.com
157,AWM STAR LIFEPerseroan Terbatas (PT),Website :www.awmstarlife-official.co.idEmail :motivasireaksi@gmail.com
158,NATURAL NUSANTARAPerseroan Terbatas (PT),Website :-Email :service@naturalnusantara.co.id
159,MILIARDER SUKSES BERSAMAPerseroan Terbatas (PT),Website :www.trueme.co.idEmail :miliandersuksesbersama@gmail.com
160,BANGUN INSAN SUKSES AMANAHPerseroan Terbatas (PT),Website :bisakita.co.idEmail :mnitop@yahoo.com
161,DADILA MUDA KREASIPerseroan Terbatas (PT),Website :www.shannen.idEmail :PT.DADILAMUDAKREASI@GMAIL.COM
162,EMAS KARYA ABADIPerseroan Terbatas (PT),Website :momapan.idEmail :masduit@masduit.com
163,HARMONI DINAMIK INDONESIAPerseroan Terbatas (PT),Website :https://www.hdistore.com/Email :corporate@hdinetwork.com
164,SINAR SUKSES IMPIANPerseroan Terbatas (PT),Website :www.551.co.idEmail :ssisinarsukses@gmail.com
165,ISLAN PELITA NUSANTARAPerseroan Terbatas (PT),Website :www.ipnetwork.idEmail :islanpelitanusantarapt@gmail.com
166,BERLIAN HIJAU NUSANTARAPerseroan Terbatas (PT),Website :www.greendiamondnetwork.comEmail :ptberlianhijaunusantara@gmail.com
167,NIUANCONG HEALTH MANAGEMENTPerseroan Terbatas (PT),Website :www.niuancong.comEmail :niuancong@gmail.com
168,ARMINAREKA PHARMASIA PRATAMAPerseroan Terbatas (PT),Website :www.arminadaily.idEmail :info@arminadaily.id
169,UGREAT INTERNATIONAL MAJUPerseroan Terbatas (PT),Website :www.ugreatinternational.comEmail :hi@ugreatinternational.com
170,MARKET AMERICA INDONESIAPerseroan Terbatas (PT),Website :unfranchise.comEmail :valerias@marketamerica.com
171,BYBELLAZ INSAN MAKMUR AMANAHPerseroan Terbatas (PT),Website :www.thewinner.idEmail :bybellazbeauty@gmail.com
172,BERNIAGA SINERGI NUSANTARAPerseroan Terbatas (PT),Website :www.berkahsinergi.comEmail :ptberniagasinerginusantara@gmail.com
173,HASMART GLOBAL INDONESIAPerseroan Terbatas (PT),Website :hasmart2u.comEmail :hasmartglobalindoonesia@gmail.com
174,ANINA SUKSES BERSINERGIPerseroan Terbatas (PT),Website :www.anina.co.idEmail :ptaninasuksesbersinergi@gmail.com
175,SANDI MAJU MAPAN GROUPPerseroan Terbatas (PT),Website :www.fansbeauty.co.idEmail :ptsandisuksesbersama@gmail.com
176,WINDSHINE COSME INTERNASIONALPerseroan Terbatas (PT),Website :www.windshine.co.idEmail :windshine99@gmail.com
177,DIGITAL BUSINESSCARD INTERNATIONALPerseroan Terbatas (PT),Website :www.dbc.networkEmail :marvin.matheus.susanto20@gmail.com
178,SAINS NATURA BIOTECHPerseroan Terbatas (PT),Website :www.sainsbiotech.comEmail :sainsnaturabiotech@gmail.com
179,DYNASTY NUSANTARA SUKSESPerseroan Terbatas (PT),Website :www.klikdns.idEmail :dnsnetwork2024@gmail.com
180,HARMONI DINAMIK INDONESIAPerseroan Terbatas (PT),Website :https://www.hdistore.com/Email :corporate@hdinetwork.com
181,WIKINARA BENING BERSAMA PUTRAPerseroan Terbatas (PT),Website :www.wikinara.co.idEmail :info@wikinara.id
182,MJOPTIM MEGA ABADIPerseroan Terbatas (PT),Website :https://mjoptim.id/Email :mjoptimmegahabadi@gmail.com
183,NUSA SELARAS INDONESIAPerseroan Terbatas (PT),Website :https://www.nuskin.com/content/nuskin/in_ID/home.htmlEmail :kkisizenia@nuskin.com
184,BERKAH AMANAH SELALUPerseroan Terbatas (PT),Website :berkahamanah.idEmail :ptberkahamanahselalu@gmail.com
185,JUARA KASIH SAYANGPerseroan Terbatas (PT),Website :www.juarakasihsayang.co.idEmail :ptjuarakasihsayang@gmail.com
186,QUIARI TEKNOLOGI INDONESIAPerseroan Terbatas (PT),Website :quiari.com/id/Email :riosoedarno@gmail.com
187,ATOMY INDONESIA GROUPPerseroan Terbatas (PT),Website :https://www.atomy.com/idEmail :atomy_id@atomypark.com
188,ELYSYLE COSMO INDONESIAPerseroan Terbatas (PT),Website :www.elysyle.co.idEmail :legal@elysyle.co.id
189,HOWELL COSME INDONESIAPerseroan Terbatas (PT),Website :www.howellcosme.comEmail :howellcosmeindonesia@gmail.com
190,ARNET SUKSES MANDIRIPerseroan Terbatas (PT),Website :www.netlife.idEmail :arnetnetlife@gmail.com
191,FOHOW GLOBAL INDONESIAPerseroan Terbatas (PT),Website :www.fohow.comEmail :fohowindonesiaofficial@gmail.com
192,CAHAYA GERBANG MUTIARAPerseroan Terbatas (PT),Website :cahayagerbangmutiara.comEmail :cahayagerbang.mutiara@gmail.com
193,CAHAYA PRESTASI INDONESIAPerseroan Terbatas (PT),Website :www.tupperware.co.idEmail :FransLukito@tupperware.com
194,BEI INTERNATIONAL MARKETINGPerseroan Terbatas (PT),Website :-Email :ptbeiinternational@beintl.com
195,TOKO KESEHATAN KECANTIKAN INDONESIAPerseroan Terbatas (PT),Website :www.khavyar.idEmail :tokokesehatankecantikanindones@gmail.com
196,MIRACLE ORGANO INTERNATIONALPerseroan Terbatas (PT),Website :www.miracleorgano.co.idEmail :Miracleorganointernational@gmail.com
197,BIO INDONESIA BAROKAH SEJAHTERAPerseroan Terbatas (PT),Website :www.bibs2u.comEmail :bibsejahtera@gmail.com
198,DYNAMIC ACE GLOBAL INDONESIAPerseroan Terbatas (PT),Website :-Email :dynamicaceglobalindonesia135@gmail.com
199,LEAFHEA INTERNATIONAL NETWORKPerseroan Terbatas (PT),Website :www.leafhea.comEmail :Leafheaofficial@gmail.com
200,INDO SEJAHTERA JAYAPerseroan Terbatas (PT),Website :https://www.merci2u.id/Email :indosejahterajaya.isj@gmail.com
201,INDO SEJAHTERA JAYAPerseroan Terbatas (PT),Website :https://www.merci2u.id/Email :indosejahterajaya.isj@gmail.com
202,AMANAH SUKSES BERKAH SEJAHTERAPerseroan Terbatas (PT),Website :www.suksesberkah.comEmail :amanahsuksesberkahsejahtera@gmail.com
203,VANESH MEGASUKSES INDOTAMAPerseroan Terbatas (PT),Website :www.neonella.idEmail :Vaneshmegasuksesindotama@gmail.com
204,ALAMO GREENLIFE INTERNATIONALPerseroan Terbatas (PT),Website :myalamo.co.idEmail :admin@myalamo.co.id
205,BIOTA INDONESIA SEJAHTERAPerseroan Terbatas (PT),Website :www.biotagroup.idEmail :biotaindonesiasejahtera@gmail.com
206,ORIENTAL INCHAWAY INTERNATIONALPerseroan Terbatas (PT),Website :www.inchaway.idEmail :orientalinchawayinternational@gmail.com
207,COWAY INTERNATIONAL INDONESIAPerseroan Terbatas (PT),Website :www.coway.idEmail :indonesiacoway@hotmail.com
208,SUNTHREE MAKMUR INDONESIAPerseroan Terbatas (PT),Website :sunthree.idEmail :sunthreemakmurindonesia2@gmail.com
209,ARNET SUKSES MANDIRIPerseroan Terbatas (PT),Website :www.netlife.idEmail :arnetnetlife@gmail.com
210,REA STAR INTERNATIONALPerseroan Terbatas (PT),Website :www.reastar-int.comEmail :pt.reastarinternational@gmail.com
211,MLWAY GEMILANG SEJAHTERAPerseroan Terbatas (PT),Website :https://mlway.onlineEmail :ptmlwaygemilangsejahtera@gmail.com
212,NATURA PRIMA BEAUTYPerseroan Terbatas (PT),Website :WWW.NATURAWORLD.CO.IDEmail :naturaworld.official@gmail.com
213,BEI INTERNATIONAL MARKETINGPerseroan Terbatas (PT),Website :-Email :ptbeiinternational@beintl.com
214,HERBA PENAWAR ALWAHIDA INDONESIAPerseroan Terbatas (PT),Website :www.hni.netEmail :crm@hni.net
215,AMANAH SUKSES BAHAGIAPerseroan Terbatas (PT),Website :www.sahabatasb.comEmail :sahabatbsm@gmail.com
216,LUXE GLOBAL NETWORKPerseroan Terbatas (PT),Website :www.luxelife.idEmail :luxeglobalnetwork@gmail.com
217,ABI DUTA INDONESIAPerseroan Terbatas (PT),Website :dbooster.co.idEmail :abidutacentre22@gmail.com
218,TUAN MUDA TOBACCOSPerseroan Terbatas (PT),Website :www.tm168.idEmail :tuanmudatobaccos168@gmail.com
219,BERKAH AMANAH SELALUPerseroan Terbatas (PT),Website :berkahamanah.idEmail :ptberkahamanahselalu@gmail.com
220,TRIP ELANG JAVAPerseroan Terbatas (PT),Website :www.tripelangjava.comEmail :tripelangjava.pt@gmail.com
221,SHUANG HOR INDONESIAPerseroan Terbatas (PT),Website :https://www.shuanghor.com.my/shweb_id/Email :hr.shuanghor@gmail.com
222,TRUST ASA MANDIRI NETWORKPerseroan Terbatas (PT),Website :www.asanet.co.idEmail :asamandiri.official@gmail.com
223,SAMUDERA SEHAT ABADIPerseroan Terbatas (PT),Website :https://viiva.co.id/Email :samuderajayaabadi@gmail.Com
224,ANINA SUKSES BERSINERGIPerseroan Terbatas (PT),Website :www.anina.co.idEmail :ptaninasuksesbersinergi@gmail.com
225,PANSER ACADEMY INDONESIAPerseroan Terbatas (PT),Website :http://www.panseracademy.co.id/Email :panseracademy@gmail.com
226,SENSE GLOBAL NETWORKPerseroan Terbatas (PT),Website :www.drjlife.comEmail :pt.senseglobalnetwork@gmail.com
227,HEALTH WEALTH INTERNATIONALPerseroan Terbatas (PT),Website :https://www.healthwealthint.comEmail :realmailhwi@gmail.com
228,BANGUN INSAN SUKSES AMANAHPerseroan Terbatas (PT),Website :www.bisakita.co.idEmail :mnitop@yahoo.com
229,LEAFHEA INTERNATIONAL NETWORKPerseroan Terbatas (PT),Website :www.leafhea.comEmail :Leafheaofficial@gmail.com
230,HARMONI DINAMIK INDONESIAPerseroan Terbatas (PT),Website :https://www.hdistore.com/Email :corporate@hdinetwork.com
231,ELYSYLE COSMO INDONESIAPerseroan Terbatas (PT),Website :www.jafra.co.idEmail :legal@jafra.co.id
232,GARUDA ELITE NUSANTARAPerseroan Terbatas (PT),Website :www.genrich.idEmail :garudaelitenusantara@gmail.com
233,NEW IMAGE INTERNATIONAL INDONESIAPerseroan Terbatas (PT),Website :-Email :ptnewimage.ii@gmail.com
234,AMERTANT SENTOSA GLOBALPerseroan Terbatas (PT),Website :www.amertant.comEmail :amertantsentosaglobal@gmail.com
235,ARNET SUKSES MANDIRIPerseroan Terbatas (PT),Website :www.netlife.idEmail :arnetnetlife@gmail.com
236,BIONEVIT BERKAH SEJAHTERAPT Perseorangan,Website :www.bionevir.comEmail :bionevitberkahsejahtera@gmail.com
237,ARLEAD GLOBAL INTERNASIONALPerseroan Terbatas (PT),Website :https://arlead-int.bizEmail :ptarleadglobalinternasional@gmail.com
238,TREN GLOBAL TEKNOLOGIPerseroan Terbatas (PT),Website :www.trenglobal.co.idEmail :pt.trenglobal@gmail.com
239,HARMONI DINAMIK INDONESIAPerseroan Terbatas (PT),Website :https://www.hdistore.com/Email :corporate@hdinetwork.com
240,STARLA SUKSES SEJAHTERAPerseroan Terbatas (PT),Website :www.starsukses.comEmail :starlasukses@gmail.com
241,NUSA SELARAS INDONESIAPerseroan Terbatas (PT),Website :https://www.nuskin.com/content/nuskin/in_ID/home.htmlEmail :kkisizenia@nuskin.com
242,STARLA SUKSES SEJAHTERAPerseroan Terbatas (PT),Website :www.starsukses.comEmail :starlasukses@gmail.com
243,HARMONI DINAMIK INDONESIAPerseroan Terbatas (PT),Website :https://www.hdistore.com/Email :corporate@hdinetwork.com
244,SINAR SUKSES IMPIANPerseroan Terbatas (PT),Website :www.551.co.idEmail :ssisinarsukses@gmail.com
245,DGASS INDONESIA MAJUPT Perseorangan,Website :www.dgass.co.idEmail :dgassindonesiamaju@gmail.com
246,BATUAH AMANAH SEJAHTERAPerseroan Terbatas (PT),Website :batuah.idEmail :batuahamanahsejahtera@gmail.com
247,SAPTA TARA BUANAPerseroan Terbatas (PT),Website :www.movinite.idEmail :legalptsaptatarabuana@gmail.com
248,NASANUERA GLOBAL SYNERGYPerseroan Terbatas (PT),Website :-Email :nasanuera@gmail.com
249,SAMPOERNA SUKSES INTERNASIONALPerseroan Terbatas (PT),Website :sampoernasukses.comEmail :ptsampoernasuksesinternasional@gmail.com
250,SULTAN NUSANTARA SENTOSAPerseroan Terbatas (PT),Website :https://sultanweb.my.id/Email :ptsultannusantarasentosa@gmail.com
251,CITRA HARAPAN INDONESIAPerseroan Terbatas (PT),Website :https://genindonesia.id/Email :ptcitraharapanindonesia@gmail.com
252,MAKIN JAYA AGUNGPerseroan Terbatas (PT),Website :www.mjagaharu.co.idEmail :makinjayaagung17@gmail.com
253,CAHAYA SAMPOERNA INTERNASIONALPerseroan Terbatas (PT),Website :cahayasampoerna.comEmail :ptcahayasampoernainternasional@gmail.com
254,CANGKLONG ELEKTRIK INDONESIAPerseroan Terbatas (PT),Website :cangkel.comEmail :cangkel.official@gmail.com
255,ELKEN GLOBAL INDONESIAPerseroan Terbatas (PT),Website :www.elkenglobal.comEmail :lisma@elken.com
256,MAHAMERU JAVANA NUSANTARAPerseroan Terbatas (PT),Website :www.mahamilyader.comEmail :ptmahamerujavananusantara@gmail.com
257,BILLIONAIRE ONFIRE SUPPORT SYSTEMPerseroan Terbatas (PT),Website :www.bossindonesia.co.idEmail :pt.billionaire.oss@gmail.com
258,EMAS KARYA ABADIPerseroan Terbatas (PT),Website :momapan.idEmail :masduit@masduit.com
259,MEMAYU BARATA ADIGUNAPerseroan Terbatas (PT),Website :goldenvision.co.idEmail :mastertanata@gmail.com
260,TREN GLOBAL TEKNOLOGIPerseroan Terbatas (PT),Website :www.trenglobal.co.idEmail :pt.trenglobal@gmail.com
261,TREN GLOBAL TEKNOLOGIPerseroan Terbatas (PT),Website :www.trenglobal.co.idEmail :pt.trenglobal@gmail.com
262,EAZY BINA SINERGIPerseroan Terbatas (PT),Website :eazybillionaire.comEmail :eazybinasinergi@gmail.com
263,HARMONI DINAMIK INDONESIAPerseroan Terbatas (PT),Website :https://www.hdistore.com/Email :corporate@hdinetwork.com
264,JMOA INDONESIA INTERNASIONALPerseroan Terbatas (PT),Website :www.bzzworld.idEmail :pmljmoa@gmail.com
265,LIFEWAVE INTERNASIONAL INDONESIAPerseroan Terbatas (PT),Website :-Email :lifewaveinternasional@gmail.com
266,WIKINARA BENING BERSAMA PUTRAPerseroan Terbatas (PT),Website :www.wikinara.co.idEmail :info@wikinara.id
267,ASAYAMA FAMILI CAHAYA INDONESIAPerseroan Terbatas (PT),Website :WWW.afc-lifescience.comEmail :afclifesciencemail@gmail.com
268,BERNIAGA BERKAH CEMERLANGPerseroan Terbatas (PT),Website :www.berniagaberkahcemerlang.comEmail :berniagaberkahcemerlang@gmail.com
269,VARASH SADDAN NUSANTARAPerseroan Terbatas (PT),Website :www.saddannusantara.comEmail :varashsaddannusantara@gmail.com
270,ASIA LUXURY TABITHAPerseroan Terbatas (PT),Website :https://timeouttabitha.com/Email :ariearaya0501@gmail.com
271,BIGENMI GEMILANG INDONESIAPerseroan Terbatas (PT),Website :WWW.bigenmi.co.idEmail :bigenmi.official@gmail.com
272,ANUGERAH WIJAYA INTERNASIONALPerseroan Terbatas (PT),Website :www.anugerahwijaya.comEmail :anugerahwijayainternasional@gmail.com
273,THINKQ TECH INDONESIAPerseroan Terbatas (PT),Website :-Email :pt.thinkqtechindonesia@gmail.com
274,MILIARDER SUKSES BERSAMAPerseroan Terbatas (PT),Website :www.trueme.co.idEmail :miliandersuksesbersama@gmail.com
275,DYNASTY NUSANTARA SUKSESPerseroan Terbatas (PT),Website :www.rcn.co.idEmail :dnsnetwork2024@gmail.com
276,BERKAH SAHABAT ISTIMEWAPerseroan Terbatas (PT),Website :www.bsinetwork.co.idEmail :istimewaberkahsahabat@gmail.com
277,MIRACLE FORR LIFEPerseroan Terbatas (PT),Website :www.miracleforrlife.co.idEmail :miracleforrlife@gmail.com
278,ROMANSHA GROW INTERNATIONALPerseroan Terbatas (PT),Website :www.romansha168.comEmail :romanshapt168@gmail.com
279,BANDUNG BERKAH SPIRITUAL TUJUH TUJUHPerseroan Terbatas (PT),Website :www.bbs77.co.idEmail :bandungberkahspiritual77@gmail.com
280,UGREAT INTERNATIONAL MAJUPerseroan Terbatas (PT),Website :https://ugreatinternational.com/Email :hi@ugreatinternational.com
281,HARMONI DINAMIK INDONESIAPerseroan Terbatas (PT),Website :https://www.hdistore.com/Email :corporate@hdinetwork.com
282,AKSI ANAK NUSANTARAPerseroan Terbatas (PT),Website :www.kansnetwork.comEmail :aksianaknusantara@gmail.com
283,THRIVE INTER NATIONALPerseroan Terbatas (PT),Website :https://3ve.online/Email :ptthriveinternational@gmail.com
284,TEN LLE INTERNATIONALPerseroan Terbatas (PT),Website :https://tenlle.my.id/Email :tenlleinternational@gmail.com
285,BEI INTERNATIONAL MARKETINGPerseroan Terbatas (PT),Website :-Email :ptbeiinternational@beintl.com
286,USADHA BHAKTI BUANAPerseroan Terbatas (PT),Website :www.kennature.comEmail :usadhabhakti@gmail.com
287,BARMA BERKAH SEJAHTERAPerseroan Terbatas (PT),Website :barmabeauty.comEmail :barmaberkahsejahtera@gmail.com
288,CALERIE HEALTH INDONESIAPerseroan Terbatas (PT),Website :calerie.co.idEmail :caleriehealthindonesia.pt@gmail.com
289,BLI GLOBAL STARPerseroan Terbatas (PT),Website :-Email :Bliglobalstar@gmail.com
290,VHERIN SABDA INTERNASIONALPerseroan Terbatas (PT),Website :www.vherin.comEmail :ptvherinsabdainternasional@gmail.com
291,EVERICH BERKAH INDONESIAPerseroan Terbatas (PT),Website :www.everich.co.idEmail :pteverichberkahindonesia@gmail.com
292,BERKAT INTI GUNAPerseroan Terbatas (PT),Website :www.berkatintiguna.comEmail :berkatintiguna@gmail.com
293,DES INTERNATIONAL NETWORKPerseroan Terbatas (PT),Website :www.desintku.comEmail :ptdesinternationalnetwork@gmail.com
294,PRAMA AGUNG SEJAHTERA INSANIPerseroan Terbatas (PT),Website :www.pramawinza.idEmail :pramasejahtera@gmail.com
295,KHARITES BEAUTY INTERNATIONALPerseroan Terbatas (PT),Website :https://www.kharites.co.id/Email :kharitesbeautyinternational@gmail.com
296,TDC IMUNO GLOBALPerseroan Terbatas (PT),Website :www.tdci.co.idEmail :tdcimuno.global@gmail.com
297,CAHAYA GUNUNG INTENPerseroan Terbatas (PT),Website :ptcgi.idEmail :bulanramadhani@gmail.com
298,XANDER NETWORK INTERNASIONALPerseroan Terbatas (PT),Website :www.xni.co.idEmail :inbioplus2018@gmail.com
299,MAGIC LIFE GLOBALPerseroan Terbatas (PT),Website :Indonesia.magiclife.vipEmail :ptmagiclifeglobal@gmail.com
300,ARNET SUKSES MANDIRIPerseroan Terbatas (PT),Website :www.netlife.idEmail :arnetnetlife@gmail.com
301,MAXXIMAXX JAYA INDONESIAPerseroan Terbatas (PT),Website :maxximaxxindonesia.co.idEmail :maxximaxxjayaindonesia@gmail.com
302,SEHAT MITRA GLOBALPerseroan Terbatas (PT),Website :blooglobal.comEmail :kk@iblooming.ai
303,GLOBAL STAR SUCCESSPerseroan Terbatas (PT),Website :www.gssindo.co.idEmail :globalstarsuccess.official@gmail.com
304,NYRTEA BEAUTIKA NUSANTARAPerseroan Terbatas (PT),Website :www.nyrteanusantara.comEmail :nyrtea.nusantara@gmail.com
305,JURAGAN BARU SEJAHTERAPerseroan Terbatas (PT),Website :juraganbarusejahtera.comEmail :juraganbarusejahtera@gmail.com
306,JAVA ENERGY TECHNOLOGYPerseroan Terbatas (PT),Website :https://jetr.co.id/Email :jet5758r@gmail.com
307,BRAMMABE RIFKY PEEPPerseroan Terbatas (PT),Website :misstasa.comEmail :brammabe.rifkypeep@gmail.com
308,BANDUNG ECO SINERGI TEKNOLOGIPerseroan Terbatas (PT),Website :best-world.idEmail :official.ptbest@gmail.com
309,PELABUHAN TERAKHIR LANGGENG SEJAHTERAPerseroan Terbatas (PT),Website :www.ptlsejahtera.comEmail :chensora.official@gmail.com
310,ASEA ADVANCING LIFE INDONESIAPerseroan Terbatas (PT),Website :aseaglobal.comEmail :aseaadvancinglifeindonesia22@gmail.com
311,ASEA ADVANCING LIFE INDONESIAPerseroan Terbatas (PT),Website :aseaglobal.comEmail :aseaadvancinglifeindonesia22@gmail.com
312,QN INTERNATIONAL INDONESIAPerseroan Terbatas (PT),Website :www.qnet-indonesia.co.idEmail :ganang.rindarko@qnet.net
313,NAGA LANGIT SEMESTAPerseroan Terbatas (PT),Website :www.nagita.netEmail :semestanagalangit@gmail.com
314,WINNERA INDO NUSAPerseroan Terbatas (PT),Website :winnera.idEmail :winneraindonusa@gmail.com
315,SUPER NETWORK ENTERPRENEURPerseroan Terbatas (PT),Website :www.snemarketing.comEmail :supernetworkenterpreneur@gmail.com
316,BERBAGI HASIL SEJAHTERAPerseroan Terbatas (PT),Website :www.berbagihasil.comEmail :berbagihasilsejahtera@gmail.com
317,TERAHERTZ TIRTA ABADIPerseroan Terbatas (PT),Website :thz096.comEmail :terahertztirtaabadi@gmail.com
318,TRIP ELANG JAVAPerseroan Terbatas (PT),Website :www.tripelangjava.comEmail :tripelangjava.pt@gmail.com
319,SATRIA WIJAYA INTERNASIONALPerseroan Terbatas (PT),Website :http://www.ssatriawijaya.co.id/Email :satriawijayainternasional@gmail.com
320,ARMINAREKA PHARMASIA PRATAMAPerseroan Terbatas (PT),Website :www.arminadaily.idEmail :info@arminadaily.id
321,DYNASTY NUSANTARA SUKSESPerseroan Terbatas (PT),Website :www.nushealth.comEmail :ptdynastynusantarasukses@gmail.com
322,VARASH SADDAN NUSANTARAPerseroan Terbatas (PT),Website :www.saddannusantara.comEmail :varashsaddannusantara@gmail.com
323,RUKMI TIRTA BAWANAPerseroan Terbatas (PT),Website :goseller.idEmail :rukmitirtabawana@gmail.com
324,MAKIN JAYA AGUNGPerseroan Terbatas (PT),Website :www.mjagaharu.co.idEmail :makinjayaagung17@gmail.com
325,JAFRA COSMETICS INDONESIAPerseroan Terbatas (PT),Website :https://www.jafra.co.id/Email :legal@jafra.co.id
326,ALEXA NETWORK INDONESIAPerseroan Terbatas (PT),Website :www.aninet2u.comEmail :alexanetworkindonesia@gmail.com
327,BOCOROCCO ENTREPRENEUR INDONESIAPerseroan Terbatas (PT),Website :bocorocco-online.comEmail :ptbocoroccoentrepreneur@gmail.com
328,HEKSA MAKMUR JAYAPerseroan Terbatas (PT),Website :richwell.co.idEmail :heksa.makmurjaya@gmail.com
329,HIME LIFESTYLE INDONESIAPerseroan Terbatas (PT),Website :https://www.himelifestyle.com/Email :hime.lifestyle.indonesia@gmail.com
330,QUIARI TEKNOLOGI INDONESIAPerseroan Terbatas (PT),Website :quiari.com/id/Email :quiari.teknologi@gmail.com
331,HEKSA MAKMUR JAYAPerseroan Terbatas (PT),Website :richwell.co.idEmail :heksa.makmurjaya@gmail.com
332,HIME LIFESTYLE INDONESIAPerseroan Terbatas (PT),Website :https://www.himelifestyle.com/Email :hime.lifestyle.indonesia@gmail.com
333,RATU LANGIT INDONESIAPerseroan Terbatas (PT),Website :www.ratulangit.idEmail :ratulangitindonesia@gmail.com
334,BIGENMI GEMILANG INDONESIAPerseroan Terbatas (PT),Website :WWW.bigenmi.co.idEmail :bigenmi.official@gmail.com
335,BERKAH AMANAH SELALUPerseroan Terbatas (PT),Website :berkahamanah.idEmail :ptberkahamanahselalu@gmail.com
336,TRIP ELANG JAVAPerseroan Terbatas (PT),Website :www.tripelangjava.comEmail :tripelangjava.pt@gmail.com
337,GEO MULIA PERKASA SEJAHTERAPerseroan Terbatas (PT),Website :www.gmpsejahtera.co.idEmail :Gmpsejahtera@gmail.com
338,HARMONI DINAMIK INDONESIAPerseroan Terbatas (PT),Website :https://www.hdistore.com/Email :ratna.putri@hdinetwork.com
339,LEAFHEA INTERNATIONAL NETWORKPerseroan Terbatas (PT),Website :-Email :Leafheaofficial@gmail.com
340,JAFRA COSMETICS INDONESIAPerseroan Terbatas (PT),Website :https://www.jafra.co.id/Email :legal@jafra.co.id
341,GAJAYANA TIMUR ABADIPerseroan Terbatas (PT),Website :www.gta-network.co.idEmail :gtanetwork909@gmail.com
342,JAFRA COSMETICS INDONESIAPerseroan Terbatas (PT),Website :https://www.jafra.co.id/Email :legal@jafra.co.id
343,ERNET GLOBAL INTERNASIONALPerseroan Terbatas (PT),Website :https://www.epoint.devEmail :enginepointinternasional@gmail.com
344,K-LINK NUSANTARAPerseroan Terbatas (PT),Website :https://k-link.co.id/Email :legalklink@gmail.com
345,AKSI NUSA INTERNATIONALPerseroan Terbatas (PT),Website :aksinusa.comEmail :ptaksinusainternational@gmail.com
346,USANA HEALTH SCIENCES INDONESIAPerseroan Terbatas (PT),Website :www.usana.comEmail :tiffani.victoria@usanainc.com
347,BINTANG PRIMA KARYA BERSAMAPerseroan Terbatas (PT),Website :www.ninestars.idEmail :bintangprimakaryabersama@gmail.com
348,SEHAT SUKSES BAHAGIAPerseroan Terbatas (PT),Website :www.ssbhappylife.comEmail :ssb.happylife@gmail.com
349,NATURE JUARAKU INTERNATIONAL-,Website :www.bravobizclub.comEmail :njuaraku@gmail.com
350,JLC SUKSES INDONESIAPerseroan Terbatas (PT),Website :www.jlcnetwork.comEmail :jlcnetworks@gmail.com
351,SULTAN NUSANTARA SENTOSAPerseroan Terbatas (PT),Website :www.sultan-nusantara.comEmail :ptsultannusantarasentosa@gmail.com
352,ANUGERAH SUKSES BERKAH INTERNASIONALPerseroan Terbatas (PT),Website :www.anugrahstore.comEmail :anugrahstore1968@gmail.com
353,CAHAYA PRESTASI INDONESIAPerseroan Terbatas (PT),Website :-Email :renianggraeni@tupperware.com
354,WELLZ LIFE INDONESIAPerseroan Terbatas (PT),Website :https://www.wellzlifeglobal.com/Email :wellzlifeindonesia@gmail.com
355,NATURA PRIMA BEAUTYPerseroan Terbatas (PT),Website :WWW.NATURAWORLD.CO.IDEmail :naturaworld.official@gmail.com
356,INDONESIA WIJAYA SEJAHTERA GLOBAL ASIAPerseroan Terbatas (PT),Website :www.iwsunited.co.idEmail :unitediws71@gmail.com
357,NAGA LANGIT SEMESTAPerseroan Terbatas (PT),Website :www.nagita.netEmail :semestanagalangit@gmail.com
358,HANMIN SEMESTA MANDIRIPerseroan Terbatas (PT),Website :hanminbeautylab.comEmail :hanminsemesta@gmail.com
359,KIENS KAPUPON INTERNASIONALPerseroan Terbatas (PT),Website :kiens.co.idEmail :kienskapupon@gmail.com
360,PRAMA AGUNG SEJAHTERA INSANIPerseroan Terbatas (PT),Website :www.pramawinza.idEmail :pramasejahtera@gmail.com
361,EDEN NETWORK INDONESIAPerseroan Terbatas (PT),Website :www.edennet.co.idEmail :edennetworkindonesia@gmail.com
362,OXY LIFE GLOBALPerseroan Terbatas (PT),Website :www.vlive-international.comEmail :oxylifeglobal@gmail.com
363,SAUDARA BERBAGI BERKAH BERSAMAPerseroan Terbatas (PT),Website :https://www.sbbb.co.idEmail :saudaraberbagiberkahbersama@gmail.com
364,VARASH SADDAN NUSANTARAPerseroan Terbatas (PT),Website :www.saddannusantara.comEmail :varashsaddannusantara@gmail.com
365,KOMPAK INDONESIA SUKSESPerseroan Terbatas (PT),Website :-Email :kompakindonesiasukses@gmail.com
366,MILAGROS INDONESIA MEGAHPerseroan Terbatas (PT),Website :www.milagros.co.idEmail :legal@milagros.co.id
367,GLORICH SEMESTA ALAMPerseroan Terbatas (PT),Website :http://glorich.co.idEmail :indonesiaglorich@gmail.com
368,EVOLUSI SYSTEM FINANCIALPerseroan Terbatas (PT),Website :-Email :evosystemfinancial@gmail.com
369,TRIDAYA SINERGI INDONESIAPerseroan Terbatas (PT),Website :www.tridayasinergi.comEmail :tridayasinergiindonesia@gmail.com
370,SAPTA TARA BUANAPerseroan Terbatas (PT),Website :www.movinite.idEmail :legalptsaptatarabuana@gmail.com
371,SAPTA TARA BUANAPerseroan Terbatas (PT),Website :www.movinite.idEmail :legalptsaptatarabuana@gmail.com
372,PUNCAK SURYA ABADIPerseroan Terbatas (PT),Website :fast2billionare.comEmail :pt.puncaksuryaabadi@gmail.com
373,KIMSTELLA NETWORK SEJAHTERAPerseroan Terbatas (PT),Website :www.kimstella.co.idEmail :kimstellanetworksejahtera@gmail.com
374,MARI MENGGAPAI MIMPIPerseroan Terbatas (PT),Website :khaia.co.idEmail :pt.marimenggapaimimpi@gmail.com
375,THANKSAI INTERNATIONAL INDONESIAPerseroan Terbatas (PT),Website :-Email :thanksaiinternationalindonesia@gmail.com
376,CINTA ANUGRAH PERSADAPerseroan Terbatas (PT),Website :www.eulogiasukses.co.idEmail :cintaanugrahpersada@gmail.com
377,JASA ANUGRAH ABADI SUKSESINDOPerseroan Terbatas (PT),Website :www.moringagoldjss.co.id/Email :jasaanugrahabadisuksesindo@gmail.com
378,THZ TECHNOLOGY INDONESIAPerseroan Terbatas (PT),Website :www.thz-waves.idEmail :thztechnologyindonesia@gmail.com
379,ANUGERAH WIJAYA INTERNASIONALPerseroan Terbatas (PT),Website :www.anugerahwijaya.comEmail :anugerahwijayainternasional@gmail.com
380,DOCTOREM INTERNATIONAL ASIAPerseroan Terbatas (PT),Website :www.doctoremasia.co.idEmail :ptdoctoreminternationalasia@gmail.com
381,VEARICH INDO JAYAPerseroan Terbatas (PT),Website :www.vearich.netEmail :vearichindojaya@gmail.com
382,ZAWARA GEMILANG PRATAMA INTERNASIONALPerseroan Terbatas (PT),Website :www.zawaragemilang.comEmail :ptzawaragemilangpratamainterna@gmail.com
383,DOCTOREM INTERNATIONAL ASIAPerseroan Terbatas (PT),Website :www.doctoremasia.co.idEmail :ptdoctoreminternationalasia@gmail.com
384,NAGA LANGIT SEMESTAPerseroan Terbatas (PT),Website :www.nagita.netEmail :semestanagalangit@gmail.com
385,BERNIAGA SINERGI NUSANTARAPerseroan Terbatas (PT),Website :www.berkahsinergi.comEmail :ptberniagasinerginusantara@gmail.com
386,DAMAI EKA PRATAMA INDONESIAPerseroan Terbatas (PT),Website :www.damaiekapratamaindonesia.comEmail :fatdept.depindo@gmail.com
387,STARA SUKSES GEMILANGPerseroan Terbatas (PT),Website :www.starasukses.co.idEmail :starasejahtera@gmail.com
388,CATUR KENCANA MANAJEMENPerseroan Terbatas (PT),Website :www.cigarskruie.comEmail :ptcaturkencanamanajemen@gmail.com
389,DIGITAL BUSINESSCARD INTERNATIONALPerseroan Terbatas (PT),Website :-Email :marvin.matheus.susanto20@gmail.com
390,MYMOZZA BILLIONAIRE INTERNATIONALPerseroan Terbatas (PT),Website :www.mymozza-int.comEmail :mymozzabillionaireinternationa@gmail.com
391,ATOMY INDONESIA GROUPPerseroan Terbatas (PT),Website :-Email :atomy_id@atomypark.com
392,BOCOROCCO ENTREPRENEUR INDONESIAPerseroan Terbatas (PT),Website :bocorocco-online.comEmail :ptbocoroccoentrepreneur@gmail.com
393,BERKAH AMANAH SELALUPerseroan Terbatas (PT),Website :berkahamanah.idEmail :ptberkahamanahselalu@gmail.com
394,JAFRA COSMETICS INDONESIAPerseroan Terbatas (PT),Website :https://www.jafra.co.id/Email :legal@jafra.co.id
395,BAHTERA BISNIS NUSANTARAPerseroan Terbatas (PT),Website :smart-way.idEmail :bahterabisnisnusantara@gmail.com
396,BEI INTERNATIONAL MARKETINGPerseroan Terbatas (PT),Website :-Email :ptbeiinternational@beintl.com
397,KOMPAK INDONESIA SUKSESPerseroan Terbatas (PT),Website :-Email :kompakindonesiasukses@gmail.com
398,WIKINARA BENING BERSAMA PUTRAPerseroan Terbatas (PT),Website :-Email :wikinarabeningbersamaputra@gmail.com
399,JAFRA COSMETICS INDONESIAPerseroan Terbatas (PT),Website :https://www.jafra.co.id/Email :legal@jafra.co.id
400,KAYA HAYAT REZEKIPerseroan Terbatas (PT),Website :www.easecoxgroup.comEmail :kayahayatrezeki1988@gmail.com
401,HARMONI DINAMIK INDONESIAPerseroan Terbatas (PT),Website :https://www.hdistore.com/Email :ratna.putri@hdinetwork.com
402,KARUNIA BERKAT SELAMANYAPerseroan Terbatas (PT),Website :-Email :adm.kbs500@gmail.com
403,JUARA KASIH SAYANGPerseroan Terbatas (PT),Website :www.juarakasihsayang.co.idEmail :ptjuarakasihsayang@gmail.com
404,NAGA LANGIT NUSANTARAPerseroan Terbatas (PT),Website :www.nagita.idEmail :nagalangitnusantara@gmail.com
405,NATURA HERBALIZE INDONESIAPerseroan Terbatas (PT),Website :www.naturaherbalize.comEmail :pt.naturaherbalizeindonesia@gmail.com
406,PRIMA JAYA SEMESTA INTERNASIONALPerseroan Terbatas (PT),Website :www.primajayasemesta.comEmail :primajayasemestainternasional@gmail.com
407,BERKAH AUTO SUKSES SEJAHTERAPerseroan Terbatas (PT),Website :-Email :berkahautosuksessejahtera.pt04@gmail.com
408,UNIVERSAL HEALTH NETWORKPerseroan Terbatas (PT),Website :https://www.uni-health.com/Email :debby.alfi@sohoglobalhealth.com
409,HERBALIFE INDONESIAPerseroan Terbatas (PT),Website :-Email :andamd@herbalife.com
410,SUKSES AMANAH INDONESIAPerseroan Terbatas (PT),Website :-Email :suksesamanahindonesia@gmail.com
411,STARLA SUKSES SEJAHTERAPerseroan Terbatas (PT),Website :-Email :-
412,HARMONI DINAMIK INDONESIAPerseroan Terbatas (PT),Website :https://www.hdistore.com/Email :ratna.putri@hdinetwork.com
413,VARASH SADDAN NUSANTARAPerseroan Terbatas (PT),Website :-Email :varashsaddannusantara@gmail.com
414,JAFRA COSMETICS INDONESIAPerseroan Terbatas (PT),Website :https://www.jafra.co.id/Email :legal@jafra.co.id
415,BERKAH AMANAH SELALUPerseroan Terbatas (PT),Website :berkahamanah.idEmail :ptberkahamanahselalu@gmail.com
416,SOLUSI BISNIS INTERNATIONALPerseroan Terbatas (PT),Website :-Email :solubizzofficial@gmail.com
417,PANEN INTI NUSANTARAPerseroan Terbatas (PT),Website :https://pintaracorp.co.idEmail :panenintinusantara@gmail.com
418,BIO NATURAL MARKETING INDONESIAPerseroan Terbatas (PT),Website :-Email :bionaturalmarketing135@gmail.com
419,BERLIAN SEJATI INDONESIAPerseroan Terbatas (PT),Website :-Email :bsi.berlian3@gmail.com
420,SEHATI INSAN BERJAYAPerseroan Terbatas (PT),Website :-Email :sehatiinsanberjaya@gmail.com
421,BERSAMA KINGSA SEJAHTERAPerseroan Terbatas (PT),Website :www.kingsa.co.idEmail :bersamakingsasejahtera@gmail.com
422,SEHATI INSAN BERJAYAPerseroan Terbatas (PT),Website :-Email :sehatiinsanberjaya@gmail.com
423,KELUARGA ISTIMEWA NETWORKPerseroan Terbatas (PT),Website :www.istimewa.co.idEmail :keluargaistimewanetwork@gmail.com
424,KOMPAK INDONESIA SUKSESPerseroan Terbatas (PT),Website :-Email :kompakindonesiasukses@gmail.com
425,HARMONI DINAMIK INDONESIAPerseroan Terbatas (PT),Website :https://www.hdistore.com/Email :ratna.putri@hdinetwork.com
426,RETURN LEGACY INDONESIAPerseroan Terbatas (PT),Website :https://returnlegacy.co.id/Email :adm.rlipt@gmail.com
427,ARLEAD GLOBAL INTERNASIONALPerseroan Terbatas (PT),Website :arlead-int.bizEmail :ptarleadglobalinternasional@gmail.com
428,BERKAH AUTO SUKSES SEJAHTERAPerseroan Terbatas (PT),Website :-Email :berkahautosuksessejahtera.pt04@gmail.com
429,MARISI ABADI SEJAHTERAPerseroan Terbatas (PT),Website :www.marisiabadisejahtera.comEmail :marisiabadisejahtera.pt@yahoo.com
430,MUTIARA MASLAHAT MULIAPerseroan Terbatas (PT),Website :www.mutiaramaslahatmulia.comEmail :mutiara.maslahat3@gmail.com
431,MUTIARA MASLAHAT MULIAPerseroan Terbatas (PT),Website :www.mutiaramaslahatmulia.comEmail :mutiara.maslahat3@gmail.com
432,SAHABAT SEJATI GROUPPerseroan Terbatas (PT),Website :www.sahabatsejatigroup.co.idEmail :groupsahabatsejati@gmail.com
433,KARUNIA BERJAYA SELAMANYAPerseroan Terbatas (PT),Website :-Email :prast.hrd@gmail.com
434,BERKAH AMANAH SELALUPerseroan Terbatas (PT),Website :berkahamanah.idEmail :ptberkahamanahselalu@gmail.com
435,HEALTH WEALTH INTERNATIONALPerseroan Terbatas (PT),Website :https://www.healthwealthint.comEmail :realmailhwi@gmail.com
436,ARMINAREKA PHARMASIA PRATAMAPerseroan Terbatas (PT),Website :www.arminadaily.idEmail :info@arminadaily.id
437,BEI INTERNATIONAL MARKETINGPerseroan Terbatas (PT),Website :-Email :ptbeiinternational@beintl.com
438,MIRACLE ORGANO INTERNATIONALPerseroan Terbatas (PT),Website :-Email :Miracleorganointernational@gmail.com
439,MILAGROS INDONESIA MEGAHPerseroan Terbatas (PT),Website :www.milagros.co.idEmail :legal@milagros.co.id
440,PEMENANG BILYUNER INDONESIAPerseroan Terbatas (PT),Website :-Email :pt.pemenangbilyuner.indonesia@gmail.com
441,PEMENANG BILYUNER INDONESIAPerseroan Terbatas (PT),Website :-Email :pt.pemenangbilyuner.indonesia@gmail.com
442,ELKEN GLOBAL INDONESIAPerseroan Terbatas (PT),Website :-Email :lisma@elken.com
443,PEMENANG BILYUNER INDONESIAPerseroan Terbatas (PT),Website :-Email :pt.pemenangbilyuner.indonesia@gmail.com
444,CAHAYA GUNUNG INTENPerseroan Terbatas (PT),Website :ptcgi.idEmail :bulanramadhani@gmail.com
445,ARNET SUKSES MANDIRIPerseroan Terbatas (PT),Website :www.netlife.idEmail :arnetnetlife@gmail.com
446,BERLIAN CEMERLANG AMANAHPerseroan Terbatas (PT),Website :www.berlian.co.idEmail :berliancemerlangamanah@gmail.com
447,ALEXA NETWORK INDONESIAPerseroan Terbatas (PT),Website :www.aninet2u.comEmail :alexanetworkindonesia@gmail.com
448,MAKIN JAYA AGUNGPerseroan Terbatas (PT),Website :-Email :makinjayaagung17@gmail.com
449,TENDEN KARYA NUSANTARAPerseroan Terbatas (PT),Website :www.tenden.idEmail :pt.tendenkaryanusantara@outlook.com
450,HOKI KLUB INDONESIAPerseroan Terbatas (PT),Website :-Email :hokiklubindonesia@gmail.com
451,KLIK DNA MANDIRIPerseroan Terbatas (PT),Website :www.klikdna.comEmail :hr.gisolution@gmail.com
452,GERAK USAHA SAHABATPerseroan Terbatas (PT),Website :www.deal-gus.comEmail :ptgerakusahasahabat@gmail.com
453,COWAY INTERNATIONAL INDONESIAPerseroan Terbatas (PT),Website :-Email :indonesiacoway@hotmail.com
454,DYNASTY NUSANTARA SUKSESPerseroan Terbatas (PT),Website :www.nushealth.comEmail :ptdynastynusantarasukses@gmail.com
455,HARAPAN SANTOSA INDONESIAPerseroan Terbatas (PT),Website :https:hopesellerindo.comEmail :pt.harapansantosaindonesia@gmail.com
456,BHEVIN MAKMUR BERLIMPAHPerseroan Terbatas (PT),Website :-Email :bhevinmakmurberlimpah@gmail.com
457,BANGKIT SUKSES MENDUNIAPerseroan Terbatas (PT),Website :-Email :bangkitsuksesmendunia@gmail.com
458,BANDUNG ECO SINERGI TEKNOLOGIPerseroan Terbatas (PT),Website :-Email :official.sinergyworld@gmail.com
459,CHAMELINDO GLOBAL AMARTAPerseroan Terbatas (PT),Website :-Email :chameliindonesia@gmail.com
460,RATU LANGIT INDONESIAPerseroan Terbatas (PT),Website :www.ratulangit.idEmail :ratulangitindonesia@gmail.com
461,CANGKLONG ELEKTRIK INDONESIAPerseroan Terbatas (PT),Website :-Email :cangkel.official@gmail.com
462,TRIDAYA SINERGI INDONESIAPerseroan Terbatas (PT),Website :-Email :tridayasinergiindonesia@gmail.com
463,ANANDA SUKSES ABADIPerseroan Terbatas (PT),Website :-Email :anandasuksesabadi.pt@gmail.com
464,RADJA BARQUN INTERNATIONALPerseroan Terbatas (PT),Website :www.barqun.idEmail :radjabarquninternasional@gmail.com
465,BERKAH SARI BASMALAPerseroan Terbatas (PT),Website :-Email :berkahsaribasmala@gmail.com
466,MEYER CENTURY INDONESIAPerseroan Terbatas (PT),Website :-Email :meyercentury99@gmail.com
467,PILAR JAYA GEMILANGPerseroan Terbatas (PT),Website :www.pilarjayagemilang.comEmail :PILARJAYAGEMILANG@GMAIL.COM
468,VISI INSAN SUKSES INDONESIAPerseroan Terbatas (PT),Website :www.vivigroup.comEmail :academybisnis@gmail.com
469,KAYA HAYAT REZEKIPerseroan Terbatas (PT),Website :www.easecoxgroup.comEmail :kayahayatrezeki1988@gmail.com
470,NUSA SELARAS INDONESIAPerseroan Terbatas (PT),Website :https://www.nuskin.com/content/nuskin/in_ID/home.htmlEmail :kkisizenia@nuskin.com
471,ISPYN NETWORK INTERNATIONALPerseroan Terbatas (PT),Website :-Email :ispyn.international@gmail.com
472,BSY BIOTECHNOLOGY GROUPPerseroan Terbatas (PT),Website :www.h5.bhishop.netEmail :bsybiotechnology@gmail.com
473,TRUE LIFE EMPIREPerseroan Terbatas (PT),Website :www.truelife.bizEmail :cs.truelifeempire@gmail.com
474,K-LINK NUSANTARAPerseroan Terbatas (PT),Website :www.k-link.co.idEmail :legalklink@gmail.com
475,FITLINE NUTRITION AND COSMETICSPerseroan Terbatas (PT),Website :-Email :office-fitline@pm-international.co.id
476,YOU NEED INTERNATIONALPerseroan Terbatas (PT),Website :www.aogunderwear.comEmail :ptyouneedinternational@gmail.com
477,BEI INTERNATIONAL MARKETINGPerseroan Terbatas (PT),Website :-Email :ptbeiinternational@beintl.com
478,GAHAR HERBA NATURA INDONESIAPerseroan Terbatas (PT),Website :-Email :ptghanipusat@gmail.com
479,KIMSTELLA NETWORK SEJAHTERAPerseroan Terbatas (PT),Website :www.kimstella.co.idEmail :kimstellanetworksejahtera@gmail.com
480,CENTRAL BERKAH AMANAHPerseroan Terbatas (PT),Website :www.centralberkahamanah.comEmail :centralberkahamanahcba@gmail.com
481,GAHAR HERBA NATURA INDONESIAPerseroan Terbatas (PT),Website :-Email :ptghanipusat@gmail.com
482,TAMBAH ASET GLOBALPerseroan Terbatas (PT),Website :-Email :Rongji.hong@gmail.com
483,LEAFHEA INTERNATIONAL NETWORKPerseroan Terbatas (PT),Website :-Email :Leafheaofficial@gmail.com
484,ASAYAMA FAMILI CAHAYA INDONESIAPerseroan Terbatas (PT),Website :-Email :afclifesciencemail@gmail.com
485,WAHANA INSAN NURANIPerseroan Terbatas (PT),Website :www.wingroup.co.idEmail :wahanainsannurani369@gmail.com
486,NUSA SELARAS INDONESIAPerseroan Terbatas (PT),Website :https://www.nuskin.com/content/nuskin/in_ID/home.htmlEmail :kkisizenia@nuskin.com
487,SUPERLIFE BIO INDONESIAPerseroan Terbatas (PT),Website :-Email :ptsuperlifebioindonesia@gmail.com
488,BIMA MANDIRI ABADIPerseroan Terbatas (PT),Website :www.bimaindonesia.idEmail :PTBIMAMANDIRI@OUTLOOK.COM
489,HARAPAN EMAS BERSAUDARAPerseroan Terbatas (PT),Website :-Email :harapanemasbersaudara@gmail.com
490,BERNIAGA BERKAH CEMERLANGPerseroan Terbatas (PT),Website :www.berniagaberkahcemerlang.comEmail :berniagaberkahcemerlang@gmail.com
491,SANIGURIH REKATAMAPerseroan Terbatas (PT),Website :www.sanigurih.comEmail :ptsanigurihr@gmail.com
492,TARAPRIMA MEGAHPerseroan Terbatas (PT),Website :-Email :carlanatan@hotmail.com
493,PRIMA JAYA SEMESTA INTERNASIONALPerseroan Terbatas (PT),Website :www.primajayasemesta.comEmail :primajayasemestainternasional@gmail.com
494,ARNET SUKSES MANDIRIPerseroan Terbatas (PT),Website :www.netlife.idEmail :arnetnetlife@gmail.com
495,KAYA HAYAT REZEKIPerseroan Terbatas (PT),Website :www.easecoxgroup.comEmail :kayahayatrezeki1988@gmail.com
496,HARMONI DINAMIK INDONESIAPerseroan Terbatas (PT),Website :-Email :ratna.putri@hdinetwork.com
497,USANA HEALTH SCIENCES INDONESIAPerseroan Terbatas (PT),Website :-Email :tiffani.victoria@usanainc.com
498,JAFRA COSMETICS INDONESIAPerseroan Terbatas (PT),Website :https://www.jafra.co.id/Email :legal@jafra.co.id
499,MILAGROS INDONESIA MEGAHPerseroan Terbatas (PT),Website :www.milagros.co.idEmail :legal@milagros.co.id
500,SINAR NUSA INDOJAYAPerseroan Terbatas (PT),Website :-Email :pt.sinarnusaindojaya@gmail.com
501,MILAGROS INDONESIA MEGAHPerseroan Terbatas (PT),Website :www.milagros.co.idEmail :legal@milagros.co.id
502,AIIVISION INTERNASIONAL INDONESIAPerseroan Terbatas (PT),Website :-Email :ptaiivision@gmail.com
503,EMBUN SEGAR NUSANTARAPerseroan Terbatas (PT),Website :-Email :embunsegarpt@gmail.com
504,BERKAH AMANAH SELALUPerseroan Terbatas (PT),Website :berkahamanah.idEmail :ptberkahamanahselalu@gmail.com
505,RATU LANGIT INDONESIAPerseroan Terbatas (PT),Website :www.ratulangit.idEmail :ratulangitindonesia@gmail.com
506,CENTRAL BERKAH AMANAHPerseroan Terbatas (PT),Website :www.centralberkahamanah.comEmail :centralberkahamanahcba@gmail.com
507,ROYAL SEJAHTERA INDONESIAPerseroan Terbatas (PT),Website :-Email :ptroyalsejahteraindonesia@gmail.com
508,SAHABAT SEJATI GROUPPerseroan Terbatas (PT),Website :-Email :groupsahabatsejati@gmail.com
509,BANDUNG ECO SINERGI TEKNOLOGIPerseroan Terbatas (PT),Website :-Email :official.sinergyworld@gmail.com
510,ALAMO GREEN LIFEPerseroan Terbatas (PT),Website :-Email :alamogreenlife@gmail.com
511,QUIARI TEKNOLOGI INDONESIAPerseroan Terbatas (PT),Website :-Email :quiari.teknologi@gmail.com
512,JOSS OPTIMA SAMPURNAPerseroan Terbatas (PT),Website :-Email :jossoptimasampurna@gmail.com
513,PRIFE SINAR SEJAHTERAPerseroan Terbatas (PT),Website :-Email :pt.prifesinarsejahtera@gmail.com
514,SUKSES NUSANTARA SAKTI DUA PULUH SATU INTERNASIONALPerseroan Terbatas (PT),Website :-Email :ptsns21@gmail.com
515,NATURA PRIMA BEAUTYPerseroan Terbatas (PT),Website :-Email :naturaworld.official@gmail.com
516,USAHA NYATA INSAN CEMERLANGPerseroan Terbatas (PT),Website :-Email :-
517,BISNIS ONLINE BAHAGIAPerseroan Terbatas (PT),Website :-Email :-
518,RER TEKNO INDONESIAPerseroan Terbatas (PT),Website :-Email :ptrerteknoindonesia@gmail.com
519,NYRTEA BEAUTIKA NUSANTARAPerseroan Terbatas (PT),Website :-Email :nyrtea.nusantara@gmail.com
520,SINGA LANGIT JAYAPerseroan Terbatas (PT),Website :-Email :-
521,CINTA ANUGRAH PERSADAPerseroan Terbatas (PT),Website :-Email :pt.cintaanugrahpersada@gmail.com
522,GEMMA GLOBAL INDONESIAPerseroan Terbatas (PT),Website :-Email :gemmaglobalind@gmail.com
523,CITRA HARAPAN INDONESIAPerseroan Terbatas (PT),Website :-Email :ptcitraharapanindonesia@gmail.com
524,COWAY INTERNATIONAL INDONESIAPerseroan Terbatas (PT),Website :-Email :indonesiacoway@hotmail.com
525,DYNAMIC ACE GLOBAL INDONESIAPerseroan Terbatas (PT),Website :-Email :dynamicaceglobalindonesia135@gmail.com
526,VINDO INTI PERSADAPerseroan Terbatas (PT),Website :-Email :pt.vindointipersada@gmail.com
527,NIAT MULIA SEJAHTERAPerseroan Terbatas (PT),Website :-Email :niatmuliasejahtera@gmail.com
528,BIGENMI GEMILANG INDONESIAPerseroan Terbatas (PT),Website :-Email :bigenmi.official@gmail.com
529,PRIFE SINAR SEJAHTERAPerseroan Terbatas (PT),Website :-Email :pt.prifesinarsejahtera@gmail.com
530,VISI SINARMAS PERKASAPerseroan Terbatas (PT),Website :-Email :vivaforever.solo@gmail.com
531,GOLDEN MEDICA INTERNASIONALPerseroan Terbatas (PT),Website :-Email :golden.medica82@gmail.com
532,FITLINE NUTRITION AND COSMETICSPerseroan Terbatas (PT),Website :-Email :office-fitline@pm-international.co.id
533,BERKAH AMANAH SELALUPerseroan Terbatas (PT),Website :-Email :ptberkahamanahselalu@gmail.com
534,JUARA KASIH SAYANGPerseroan Terbatas (PT),Website :-Email :ptjuarakasihsayang@gmail.com
535,PANEN OKTAMAS WIRAWAN EKA RAHARJAPerseroan Terbatas (PT),Website :-Email :powerintl97@gmail.com
536,ANGKASA WIJAYA INTERNASIONALPerseroan Terbatas (PT),Website :-Email :wijayainternasional86@gmail.com
537,NUSA SANTANA INTERNATIONALPerseroan Terbatas (PT),Website :-Email :nussnetindonesia@gmail.com
538,BERLIAN CEMERLANG AMANAHPerseroan Terbatas (PT),Website :-Email :berliancemerlangamanah@gmail.com
539,RAJA WALET INDONESIAPerseroan Terbatas (PT),Website :-Email :blackwaletpusat@gmail.com
540,HARMONI DINAMIK INDONESIAPerseroan Terbatas (PT),Website :-Email :ratna.putri@hdinetwork.com
541,RAJA WALET INDONESIAPerseroan Terbatas (PT),Website :-Email :blackwaletpusat@gmail.com
542,INOVASI BRILIAN SUKSESPerseroan Terbatas (PT),Website :-Email :inovasibriliansukses@gmail.com
543,DUTA AMANAH INTERNASIONALPerseroan Terbatas (PT),Website :-Email :pt.dutaamanahinternasional@gmail.com
544,UNIVERSAL HERBA TEKNOLOGIPerseroan Terbatas (PT),Website :-Email :universeindonesia.official@gmail.com
545,BERNIAGA BERKAH CEMERLANGPerseroan Terbatas (PT),Website :-Email :berniagaberkahcemerlang@gmail.com
546,JENJANG TANGGUH CEMERLANGPerseroan Terbatas (PT),Website :-Email :pt.jenjangcemerlang@gmail.com
547,ORIENTAL INCHAWAY INTERNATIONALPerseroan Terbatas (PT),Website :-Email :orientalinchawayinternational@gmail.com
548,LEAFHEA INTERNATIONAL NETWORKPerseroan Terbatas (PT),Website :-Email :Leafheaofficial@gmail.com
549,SBS NETWORK INTERNASIONALPerseroan Terbatas (PT),Website :-Email :qliteofficial@gmail.com
550,FAZZA BEAUTY SKINPerseroan Terbatas (PT),Website :-Email :pt.fazzabeautyskin@gmail.com
551,PATTARA RAJAWALI INDONESIAPerseroan Terbatas (PT),Website :-Email :Info@pattara.co.id
552,RADJAYERA JAYA UTAMAPerseroan Terbatas (PT),Website :-Email :jayautamaradjayera@gmail.com
553,SHUFI ALMUBARAK INTERNASIONALPerseroan Terbatas (PT),Website :-Email :shamtravel.pusat@gmail.com
554,HARMONI DINAMIK INDONESIAPerseroan Terbatas (PT),Website :-Email :ratna.putri@hdinetwork.com
555,BIOTECH SEHAT BERSAMAPerseroan Terbatas (PT),Website :-Email :biotechsehatbersama@gmail.com
556,EAZY BINA SINERGIPerseroan Terbatas (PT),Website :-Email :eazybinasinergi@gmail.com
557,JAVA LIFE NUSANTARAPerseroan Terbatas (PT),Website :-Email :javalifenusantara@gmail.com
558,SURYA DUTA GREENINDOPerseroan Terbatas (PT),Website :-Email :greenindosuryaduta@gmail.com
559,SHINE BEAUTY INTERNATIONALPerseroan Terbatas (PT),Website :-Email :shinebeautyinternasional@gmail.com
560,SUKSES INTEGRITAS PERKASAPerseroan Terbatas (PT),Website :-Email :rm@sipindonesia.com
561,CENDRAWASIH NETWORK PAPUAPerseroan Terbatas (PT),Website :-Email :cendrawasihnetworkpapua@gmail.com
562,HARMONI DINAMIK INDONESIAPerseroan Terbatas (PT),Website :-Email :ratna.putri@hdinetwork.com
563,VOLTEN INTERNATIONAL NUSANTARAPerseroan Terbatas (PT),Website :-Email :voltenindonesia02@gmail.com
564,MAKIN JAYA AGUNGPerseroan Terbatas (PT),Website :-Email :makinjayaagung17@gmail.com
565,LEAFHEA INTERNATIONAL NETWORKPerseroan Terbatas (PT),Website :-Email :Leafheaofficial@gmail.com
566,MERBHA SUKSES ABADIPerseroan Terbatas (PT),Website :-Email :MerbhaSuksesABADI@gmail.com
567,RIADY BANGGA INDONESIAPerseroan Terbatas (PT),Website :-Email :riadybanggaindonesia@gmail.com
568,SUWASA AJI HEMASPerseroan Terbatas (PT),Website :-Email :suwasaajihemas@gmail.com
569,SULTAN ASLI INDONESIAPerseroan Terbatas (PT),Website :-Email :pt.sultanasliindonesia@gmail.com
570,JUARA KASIH SAYANGPerseroan Terbatas (PT),Website :-Email :ptjuarakasihsayang@gmail.com
571,PRIMA JAYA SEMESTA INTERNASIONALPerseroan Terbatas (PT),Website :-Email :primajayasemestainternasional@gmail.com
572,CENTRAL BERKAH AMANAHPerseroan Terbatas (PT),Website :-Email :centralberkahamanahcba@gmail.com
573,MAGNER INTERNATIONAL GROUPPerseroan Terbatas (PT),Website :-Email :magnerinternationalgroup27@gmail.com
574,BERLIAN SEJATI INDONESIAPerseroan Terbatas (PT),Website :-Email :bsi.berlian3@gmail.com
575,AIDA DAHAYU PERKASAPerseroan Terbatas (PT),Website :-Email :dahayuaidaniaga@gmail.com
576,RENER INTI INTERNASIONALPerseroan Terbatas (PT),Website :-Email :nasirindonesia99@gmail.com
577,NYRTEA BEAUTIKA NUSANTARAPerseroan Terbatas (PT),Website :-Email :nyrtea.nusantara@gmail.com
578,SRIKANDHI JAYATAMA INDONESIAPerseroan Terbatas (PT),Website :-Email :srikandhijayatamaindonesia@gmail.com
579,CITRA LANGGENG BERKAH KEMILAUPerseroan Terbatas (PT),Website :-Email :clbkclub@gmail.com
580,HOGI MAKMUR BERSAMAPerseroan Terbatas (PT),Website :-Email :pthogimakmurbersama@gmail.com
581,HOGI MAKMUR BERSAMAPerseroan Terbatas (PT),Website :-Email :pthogimakmurbersama@gmail.com
582,CITRA LANGGENG BERKAH KEMILAUPerseroan Terbatas (PT),Website :-Email :clbkclub@gmail.com
583,BERNIAGA SINERGI NUSANTARAPerseroan Terbatas (PT),Website :-Email :ptberniagasinerginusantara@gmail.com
584,GCOOP GLOBAL INDONESIAPerseroan Terbatas (PT),Website :-Email :gcindonesia@gcoop.com
585,KARUNIA BERJAYA SELAMANYAPerseroan Terbatas (PT),Website :-Email :prast.hrd@gmail.com
586,LIFEWAVE INTERNASIONAL INDONESIAPerseroan Terbatas (PT),Website :-Email :lifewaveinternasional@gmail.com
587,SINAR VISIONER INDONESIAPerseroan Terbatas (PT),Website :-Email :roystanani2678@gmail.com
588,LIFEWAVE INTERNASIONAL INDONESIAPerseroan Terbatas (PT),Website :-Email :lifewaveinternasional@gmail.com
589,POWERNETSIA GLOBAL NETWORKPerseroan Terbatas (PT),Website :-Email :pajakpowernetsia@gmail.com
590,HEMICO INTERNATIONAL INDONESIAPerseroan Terbatas (PT),Website :-Email :hemicoindonesia@gmail.com
591,POWERNETSIA GLOBAL NETWORKPerseroan Terbatas (PT),Website :-Email :pajakpowernetsia@gmail.com
592,GEMILANG CITRUS BERJAYAPerseroan Terbatas (PT),Website :-Email :gusbiz9@gmail.com
593,ARNET SUKSES MANDIRIPerseroan Terbatas (PT),Website :-Email :arnetnetlife@gmail.com
594,ONEMORE INTERNATIONAL ASIAPerseroan Terbatas (PT),Website :-Email :onemoreinternationalasia@gmail.com
595,NUSANTARA AGRO FARMAPerseroan Terbatas (PT),Website :-Email :nafnusantara@gmail.com
596,NAGA LANGIT NUSANTARAPerseroan Terbatas (PT),Website :-Email :nagalangitnusantara@gmail.com
597,SOLUSI SEHAT SUKSES BERSINERGIPerseroan Terbatas (PT),Website :-Email :ptsolusisehatsuksesbersinergi@gmail.com
598,MIRACLE MASTERPLAN INDONESIAPerseroan Terbatas (PT),Website :-Email :miraclemasterplan@gmail.com
599,MILLIONAIRE CLUB INDONESIAPerseroan Terbatas (PT),Website :-Email :Millionaireclubindonesia@yahoo.com
600,TRIDAYA SINERGI INDONESIAPerseroan Terbatas (PT),Website :-Email :tridayasinergiindonesia@gmail.com
601,MAHKOTA SUKSES INDONESIAPerseroan Terbatas (PT),Website :-Email :mahkotaindonesia.official@gmail.com
602,ALFA NETWORK INTERNATIONALPerseroan Terbatas (PT),Website :-Email :alfanetworkinternational@triots.com
603,BHEVIN MAKMUR BERLIMPAHPerseroan Terbatas (PT),Website :-Email :bhevinmakmurberllimpah@gmail.com
604,BHEVIN NUSANTARA BERJAYAPerseroan Terbatas (PT),Website :-Email :bhevinnusantara@gmail.com
605,FOHOWAY INTERNATIONAL ASPACPerseroan Terbatas (PT),Website :-Email :fohowayinternationalaspac@gmail.com
606,BISA INTERNASIONAL SEJAHTERA ABADIPerseroan Terbatas (PT),Website :-Email :Ptbisa.international@gmail.com
607,JAFRA COSMETICS INDONESIAPerseroan Terbatas (PT),Website :-Email :legal@jafra.co.id
608,SUWASA AJI HEMASPerseroan Terbatas (PT),Website :-Email :suwasaajihemas@gmail.com
609,GRYA SMART MANDIRIPerseroan Terbatas (PT),Website :-Email :pt.gryasmartmandiri@yahoo.com
610,SEVENTA BERNIAGA INTERNATIONALPerseroan Terbatas (PT),Website :-Email :seventacorporate@gmail.com
611,CIPTA INDOTAMA PERKASAPerseroan Terbatas (PT),Website :-Email :pt.ciptaindotamaperkasa@gmail.com
612,BERKAH AMANAH SELALUPerseroan Terbatas (PT),Website :-Email :ptberkahamanahselalu@gmail.com
613,LETZGO INDONESIA JAYAPerseroan Terbatas (PT),Website :-Email :indonesiajayaletzgo@gmail.com
614,RADJAYERA JAYA UTAMAPerseroan Terbatas (PT),Website :-Email :jayautamaradjayera@gmail.com
615,JAVA LIFE NUSANTARAPerseroan Terbatas (PT),Website :-Email :javalifenusantara@gmail.com
616,GLOBAL AURA GEMILANGPerseroan Terbatas (PT),Website :-Email :globalauragemilang@gmail.com
617,MAHESA MANUNGGAL NETWORKPerseroan Terbatas (PT),Website :-Email :ptmahesamanunggalnetwork@gmail.com
618,ASEA ADVANCING LIFE INDONESIAPerseroan Terbatas (PT),Website :-Email :aseaadvancinglifeindonesia22@gmail.com
619,SINAR SUKSES IMPIANPerseroan Terbatas (PT),Website :-Email :ssisinarsukses@gmail.com
620,HARMONI DINAMIK INDONESIAPerseroan Terbatas (PT),Website :-Email :ratna.putri@hdinetwork.com
621,BWL INDONESIAPerseroan Terbatas (PT),Website :-Email :jayaexpress@gmail.com
622,MARKET AMERICA INDONESIAPerseroan Terbatas (PT),Website :-Email :valerias@marketamerica.com
623,MUTIARA MASLAHAT MULIAPerseroan Terbatas (PT),Website :-Email :ptmutiaramaslahatmulia@gmail.com
624,OLYLIFE INTERNATIONAL INDONESIAPerseroan Terbatas (PT),Website :-Email :olylifeintrindonesia@gmail.com
625,PRIMA JAYA SEMESTA INTERNASIONALPerseroan Terbatas (PT),Website :-Email :primajayasemestainternasional@gmail.com
626,RWY GLOBAL KINETICPerseroan Terbatas (PT),Website :-Email :ptrwyglobalkinetic@gmail.com
627,TRIDAYA SINERGI INDONESIAPerseroan Terbatas (PT),Website :-Email :tridayasinergiindonesia@gmail.com
628,ARBIELA BERKAH SEJAHTERAPerseroan Terbatas (PT),Website :-Email :arbielaberkahsejahterapt@gmail.com
629,LETZGO INDONESIA JAYAPerseroan Terbatas (PT),Website :-Email :indonesiajayaletzgo@gmail.com
630,ANUGERAH BERDIKARI CEMERLANGPerseroan Terbatas (PT),Website :-Email :bamsudiro2478@gmail.com
631,QUICKGLAM MAKMUR SEJAHTERAPerseroan Terbatas (PT),Website :-Email :quickglammakmursejahtera@gmail.com
632,COWAY INTERNATIONAL INDONESIAPerseroan Terbatas (PT),Website :-Email :indonesiacoway@hotmail.com
633,JAFRA COSMETICS INDONESIAPerseroan Terbatas (PT),Website :-Email :legal@jafra.co.id
634,BANGKIT SUKSES SEJAHTERAPerseroan Terbatas (PT),Website :-Email :ptbangkitsuksessejahtera@gmail.com
635,GLOBAL MEGA BERKAT INTERNASIONALPerseroan Terbatas (PT),Website :-Email :GMBInternasional@gmail.com
636,WUJUD SUKSES SEJAHTERAPerseroan Terbatas (PT),Website :-Email :wujudsuksessejahtera@gmail.com
637,ENVI SINARI KEHIDUPANPerseroan Terbatas (PT),Website :-Email :benyaminwin16@gmail.com
638,SUPA HABU NATURAPerseroan Terbatas (PT),Website :-Email :supahabu.id@gmail.com
639,ODO INTERNATIONAL INDONESIAPerseroan Terbatas (PT),Website :-Email :ptoddointindonesia@gmail.com
640,SHAKTI DEVELOPMENT INDONESIAPerseroan Terbatas (PT),Website :-Email :shaktidevelopmentindonesia@triots.com
641,ODO INTERNATIONAL INDONESIAPerseroan Terbatas (PT),Website :-Email :ptoddointindonesia@gmail.com
642,NAGA LANGIT NUSANTARAPerseroan Terbatas (PT),Website :-Email :nagalangitnusantara@gmail.com
643,ARNET SUKSES MANDIRIPerseroan Terbatas (PT),Website :-Email :arnetnetlife@gmail.com
644,BLAZE BIAN JAYAPerseroan Terbatas (PT),Website :-Email :-
645,GAMATA UTAMAPerseroan Terbatas (PT),Website :-Email :auunachmad@gmail.com
646,HERBAL AGRO INDUSTRI INDONESIAPerseroan Terbatas (PT),Website :-Email :-
647,ABI DUTA INDONESIAPerseroan Terbatas (PT),Website :-Email :abi.dutaindonesiaofficial@gmail.com
648,DNG WORLDWIDE INDONESIAPerseroan Terbatas (PT),Website :-Email :ptdngworldwide@gmail.com
649,FAZZA BEAUTY SKINPerseroan Terbatas (PT),Website :-Email :pt.fazzabeautyskin@gmail.com
650,ORBIT SEMBILAN SEMBILANPerseroan Terbatas (PT),Website :-Email :orbit99group@gmail.com
651,ALAMO GREEN LIFEPerseroan Terbatas (PT),Website :-Email :alamogreenlife@gmail.com
652,SHAUDYA DIAN GEMINTANGPerseroan Terbatas (PT),Website :-Email :shaudyaofficial@gmail.com
653,JAFRA COSMETICS INDONESIAPerseroan Terbatas (PT),Website :-Email :legal@jafra.co.id
654,KIMSTELLA NETWORK SEJAHTERAPerseroan Terbatas (PT),Website :-Email :kimstellanetworksejahtera@gmail.com
655,BLAZE BIAN JAYAPerseroan Terbatas (PT),Website :-Email :-
656,POWER MAX INTERNASIONALPerseroan Terbatas (PT),Website :-Email :powermaxinternasional@gmail.com
657,BERKAH AUTO SUKSES SEJAHTERAPerseroan Terbatas (PT),Website :-Email :berkahautosuksessejahtera.pt04@gmail.com
658,BERKAT IMAN HIDUPPerseroan Terbatas (PT),Website :-Email :BERKATIMANHIDUP@GMAIL.COM
659,TANGGUH MAJU TERUSPerseroan Terbatas (PT),Website :-Email :tangguhmajuterus@gmail.com
660,STARLA SUKSES SEJAHTERAPerseroan Terbatas (PT),Website :-Email :-
661,STARLA SUKSES SEJAHTERAPerseroan Terbatas (PT),Website :-Email :-
662,MAHESA MANUNGGAL NETWORKPerseroan Terbatas (PT),Website :-Email :ptmahesamanunggalnetwork@gmail.com
663,MARI MENGGAPAI MIMPIPerseroan Terbatas (PT),Website :-Email :pt.marimenggapaimimpi@gmail.com
664,ARNET SUKSES MANDIRIPerseroan Terbatas (PT),Website :-Email :arnetnetlife@gmail.com
665,SUKSES SERASI NUSANTARAPerseroan Terbatas (PT),Website :-Email :suksesserasinusantara@gmail.com
666,MAKIN JAYA AGUNGPerseroan Terbatas (PT),Website :-Email :makinjayaagung17@gmail.com
667,BISA ASAL MAUPerseroan Terbatas (PT),Website :-Email :bisaasalmau@gmail.com
668,DNG WORLDWIDE INDONESIAPerseroan Terbatas (PT),Website :-Email :ptdngworldwide@gmail.com
669,COWAY INTERNATIONAL INDONESIAPerseroan Terbatas (PT),Website :-Email :indonesiacoway@hotmail.com
670,CINTA ANUGRAH PERSADAPerseroan Terbatas (PT),Website :-Email :pt.cintaanugrahpersada@gmail.com
671,NYRTEA BEAUTIKA NUSANTARAPerseroan Terbatas (PT),Website :-Email :nyrtea.nusantara@gmail.com
672,ONEMORE INTERNATIONAL ASIAPerseroan Terbatas (PT),Website :-Email :onemoreinternationalasia@gmail.com
673,RATAUSAT SUKSES MENDUNIAPerseroan Terbatas (PT),Website :-Email :ratausatsuksesmendunia@gmail.com
674,NAWA BIMA CAKRAWALAPerseroan Terbatas (PT),Website :-Email :nawabimacakrawalapt@gmail.com
675,KARUNIA BERJAYA SELAMANYAPerseroan Terbatas (PT),Website :-Email :prast.hrd@gmail.com
676,LEAFHEA INTERNATIONAL NETWORKPerseroan Terbatas (PT),Website :-Email :Leafheaofficial@gmail.com
677,AIDA DAHAYU PERKASAPerseroan Terbatas (PT),Website :-Email :dahayuaidaniaga@gmail.com
678,RIADY BANGGA INDONESIAPerseroan Terbatas (PT),Website :-Email :riadybanggaindonesia@gmail.com
679,UNIVERSAL HEALTH NETWORKPerseroan Terbatas (PT),Website :-Email :debby.alfi@sohoglobalhealth.com
680,YOO SAI HIROPerseroan Terbatas (PT),Website :-Email :yoosaihiro@gmail.com
681,HERBA PENAWAR ALWAHIDA INDONESIAPerseroan Terbatas (PT),Website :-Email :crm@hni.net
682,YOO SAI HIROPerseroan Terbatas (PT),Website :-Email :yoosaihiro@gmail.com
683,PRIMA JAYA SEMESTA INTERNASIONALPerseroan Terbatas (PT),Website :-Email :primajayasemestainternasional@gmail.com
684,NAGA LANGIT SEMESTAPerseroan Terbatas (PT),Website :-Email :semestanagalangit@gmail.com
685,ONEMORE INTERNATIONAL ASIAPerseroan Terbatas (PT),Website :-Email :onemoreinternationalasia@gmail.com
686,FAZZA BEAUTY SKINPerseroan Terbatas (PT),Website :-Email :pt.fazzabeautyskin@gmail.com
687,BEI INTERNATIONAL MARKETINGPerseroan Terbatas (PT),Website :-Email :ptbeiinternational@beintl.com
688,ALN CITRA NETWORKPerseroan Terbatas (PT),Website :-Email :pt.alncitranetwork@gmail.com
689,HARMONI MUKTI SEMESTAPerseroan Terbatas (PT),Website :-Email :harmonimuktisemesta@gmail.com
690,TAROX MULTIGUNA SURYA MANDIRIPerseroan Terbatas (PT),Website :-Email :taroxmultigunasuryamandiri@gmail.com
691,SAYEN GLOBAL INDONESIAPerseroan Terbatas (PT),Website :-Email :sayenglobal2022@gmail.com
692,TAROX MULTIGUNA SURYA MANDIRIPerseroan Terbatas (PT),Website :-Email :taroxmultigunasuryamandiri@gmail.com
693,BIGG RICH INDONESIAPerseroan Terbatas (PT),Website :-Email :pt.biggrich.id@gmail.com
694,NATURA HERBALIZE INDONESIAPerseroan Terbatas (PT),Website :-Email :pt.naturaherbalizeindonesia@gmail.com
695,FAZZA BEAUTY SKINPerseroan Terbatas (PT),Website :-Email :pt.fazzabeautyskin@gmail.com
696,NAGA LANGIT NUSANTARAPerseroan Terbatas (PT),Website :-Email :nagalangitnusantara@gmail.com
697,NUSA SELARAS INDONESIAPerseroan Terbatas (PT),Website :-Email :andri@nuskin.com
698,INOVASI BRILIAN SUKSESPerseroan Terbatas (PT),Website :-Email :inovasibriliansukses@gmail.com
699,UNICITY INDONESIAPerseroan Terbatas (PT),Website :-Email :ptunicityindonesia@gmail.com
700,UNIVERSAL HERBA TEKNOLOGIPerseroan Terbatas (PT),Website :-Email :universeindonesia.official@gmail.com
701,EXCEL GLOBAL NETWORKPerseroan Terbatas (PT),Website :-Email :excelglobalnetwork07@gmail.com
702,DUTA PAMUNGKAS INDONESIAPerseroan Terbatas (PT),Website :-Email :dutapamungkasindonesia0@gmail.com
703,DENAZI RATANSHA MAKMURPerseroan Terbatas (PT),Website :-Email :pt.denaziratanshamakmur@gmail.com
704,MERTHA JAYA LESTARIPerseroan Terbatas (PT),Website :-Email :pt.merthajayalestari@gmail.com
705,TERAHERTZ TIRTA SEMPURNAPerseroan Terbatas (PT),Website :-Email :thztirta.sempurna@gmail.com
706,K-LINK NUSANTARAPerseroan Terbatas (PT),Website :-Email :mitrapendidikanind@gmail.com
707,YOO SAI HIROPerseroan Terbatas (PT),Website :-Email :yoosaihiro@gmail.com
708,FOURMI ASHA SEJAHTERAPerseroan Terbatas (PT),Website :-Email :fourmiashasejahtera@gmail.com
709,MEGA GLORYOUNG INTERNATIONALPerseroan Terbatas (PT),Website :-Email :mgiclubglory@gmail.com
710,BLACK PANTHER NUSANTARAPerseroan Terbatas (PT),Website :-Email :blackpanternusantara@gmail.com
711,BLACK PANTHER NUSANTARAPerseroan Terbatas (PT),Website :-Email :blackpanternusantara@gmail.com
712,FOKUS UNTUK NEGERIPerseroan Terbatas (PT),Website :-Email :fokusuntuknegri@gmail.com
713,ARNET SUKSES MANDIRIPerseroan Terbatas (PT),Website :-Email :arnetnetlife@gmail.com
714,BANGKIT SUKSES SEJAHTERAPerseroan Terbatas (PT),Website :-Email :ptbangkitsuksessejahtera@gmail.com
715,DRH MAKMUR ABADIPerseroan Terbatas (PT),Website :-Email :drhindonesia@gmail.com
716,ALN CITRA NETWORKPerseroan Terbatas (PT),Website :-Email :pt.alncitranetwork@gmail.com
717,GLOBAL TREN INDONESIAPerseroan Terbatas (PT),Website :-Email :globaltrenindonesia@gmail.com
718,ENGGAL SUKSES MAHAKARYAPerseroan Terbatas (PT),Website :-Email :ptenggalsuksesmahakarya@gmail.com
719,MINEMA BERKAH ABADIPerseroan Terbatas (PT),Website :-Email :minemabeauty@gmail.com
720,DARUSSALAM TRANSDERMAL INDONESIAPerseroan Terbatas (PT),Website :-Email :darussalamtransdermal@gmail.com
721,MINEMA BERKAH ABADIPerseroan Terbatas (PT),Website :-Email :minemabeauty@gmail.com
722,ENGGAL SUKSES MAHAKARYAPerseroan Terbatas (PT),Website :-Email :ptenggalsuksesmahakarya@gmail.com
723,GLOSYA INTI PERMATAPerseroan Terbatas (PT),Website :-Email :glosyaintipermata@gmail.com
724,TRIDAYA SINERGI INDONESIAPerseroan Terbatas (PT),Website :-Email :tridayasinergiindonesia@gmail.com
725,TRIDAYA SINERGI INDONESIAPerseroan Terbatas (PT),Website :-Email :tridayasinergiindonesia@gmail.com
726,CENTRAL BERKAH AMANAHPerseroan Terbatas (PT),Website :-Email :centralberkahamanahcba@gmail.com
727,PARTNER GRACEN SUKSES BERSAMAPerseroan Terbatas (PT),Website :-Email :gracenbeautycenter@gmail.com
728,FAZZA BEAUTY SKINPerseroan Terbatas (PT),Website :-Email :pt.fazzabeautyskin@gmail.com
729,CINTA ANUGRAH PERSADAPerseroan Terbatas (PT),Website :-Email :pt.cintaanugrahpersada@gmail.com
730,JAFRA COSMETICS INDONESIAPerseroan Terbatas (PT),Website :-Email :legal@jafra.co.id
731,JMOA INDONESIA INTERNASIONALPerseroan Terbatas (PT),Website :-Email :pmljmoa@gmail.com
732,MILLIONAIRE CLUB INDONESIAPerseroan Terbatas (PT),Website :-Email :Millionaireclubindonesia@yahoo.com
733,JUARA KASIH SAYANGPerseroan Terbatas (PT),Website :-Email :ptjuarakasihsayang@gmail.com
734,BISNIS ONLINE BAHAGIAPerseroan Terbatas (PT),Website :-Email :-
735,SARANA OLAH BERSAMAPerseroan Terbatas (PT),Website :-Email :pt.saranaolahbersama@gmail.com
736,ABI DUTA INDONESIAPerseroan Terbatas (PT),Website :-Email :abi.dutaindonesiaofficial@gmail.com
737,LEAFHEA INTERNATIONAL NETWORKPerseroan Terbatas (PT),Website :-Email :Leafheaofficial@gmail.com
738,NATURA PRIMA BEAUTYPerseroan Terbatas (PT),Website :-Email :naturaworld.official@gmail.com
739,GARUDA MAS ANUGERAHPerseroan Terbatas (PT),Website :-Email :garudamasanugerah999@gmail.com
740,SHINE BEAUTY INTERNATIONALPerseroan Terbatas (PT),Website :-Email :shinebeautyinternasional@gmail.com
741,SHINE BEAUTY INTERNATIONALPerseroan Terbatas (PT),Website :-Email :shinebeautyinternasional@gmail.com
742,PATTARA RAJAWALI INDONESIAPerseroan Terbatas (PT),Website :-Email :Info@pattara.co.id
743,AWM ELITE INTERNATIONALPerseroan Terbatas (PT),Website :-Email :awmelite2022@gmail.com
744,LENTERA KARYA SUKSESPerseroan Terbatas (PT),Website :-Email :lenterakaryalks@gmail.com
745,BEI INTERNATIONAL MARKETINGPerseroan Terbatas (PT),Website :-Email :ptbeiinternational@beintl.com
746,TFORCE INDONESIA JAYAPerseroan Terbatas (PT),Website :-Email :pttforceindonesiajaya@gmail.com
747,SUKSES JAYA NETWORKPerseroan Terbatas (PT),Website :-Email :ptsuksesjaya4@gmail.com
748,ORIENTAL INCHAWAY INTERNATIONALPerseroan Terbatas (PT),Website :-Email :orientalinchawayinternational@gmail.com
749,BRAMMABE RIFKY PEEPPerseroan Terbatas (PT),Website :-Email :brammabe.rifkypeep@gmail.com
750,DELTA FORTUNA SANRIDAPerseroan Terbatas (PT),Website :-Email :deltafortuna247@gmail.com
751,HERBAL AGRO INDUSTRI INDONESIAPerseroan Terbatas (PT),Website :-Email :-
752,BINAKARYA NASIONAL TERBUKA GLOBALPerseroan Terbatas (PT),Website :-Email :barenettrade@gmail.com
753,PEMENANG BILYUNER INDONESIAPerseroan Terbatas (PT),Website :-Email :pt.pemenang.bilyuner.indonesia@gmail.com
754,MAO THARA INTERNASIONALPerseroan Terbatas (PT),Website :-Email :klikbci2017@gmail.com
755,NYRTEA BEAUTIKA NETWORKPerseroan Terbatas (PT),Website :-Email :nyrtea.official@gmail.com
756,AKSELERASI CIPTA IMPIANPerseroan Terbatas (PT),Website :-Email :akselerasiciptaimpian@gmail.com
757,GLOSYA INTI PERMATAPerseroan Terbatas (PT),Website :-Email :glosyaintipermata@gmail.com
758,ESKAYVIE GLOBAL WELLNESSPerseroan Terbatas (PT),Website :-Email :eskayvie@outlook.com
759,RIYA JAYA INDONESIAPerseroan Terbatas (PT),Website :-Email :alluvia.indonesia@gmail.com
760,OCTAGON KARYA BERKAHPerseroan Terbatas (PT),Website :-Email :pt.octagonkaryaberkah22@gmail.com
761,JASMINE CAHAYA CEMERLANGPerseroan Terbatas (PT),Website :-Email :jasminecahayacemerlang.pt@gmail.com
762,NUSA SELARAS INDONESIAPerseroan Terbatas (PT),Website :-Email :andri@nuskin.com
763,SOLUSI BISNIS INTERNATIONALPerseroan Terbatas (PT),Website :-Email :-
764,BLACK PANTHER NUSANTARAPerseroan Terbatas (PT),Website :-Email :blackpanternusantara@gmail.com
765,CAHAYA WARGA NUSANTARAPerseroan Terbatas (PT),Website :-Email :ptcawan@gmail.com
766,MITRA ELIT INDONESIAPerseroan Terbatas (PT),Website :-Email :ptmitraelit@gmail.com
767,ORBIT KARISMA ELITEPerseroan Terbatas (PT),Website :-Email :targetorbitlegal@gmail.com
768,GOLDEN MEDICA INTERNASIONALPerseroan Terbatas (PT),Website :-Email :golden.medica82@gmail.com
769,MAO THARA INTERNASIONALPerseroan Terbatas (PT),Website :-Email :klikbci2017@gmail.com
770,CENTRAL BERKAH AMANAHPerseroan Terbatas (PT),Website :-Email :centralberkahamanahcba@gmail.com
771,CENTRAL BERKAH AMANAHPerseroan Terbatas (PT),Website :-Email :centralberkahamanahcba@gmail.com
772,BIO INDONESIA BAROKAH SEJAHTERAPerseroan Terbatas (PT),Website :-Email :bibsejahtera@gmail.com
773,AMARTA RIZKI UTAMAPerseroan Terbatas (PT),Website :-Email :ptamartarizkiutama18@gmail.com
774,SUPA HABU NATURAPerseroan Terbatas (PT),Website :-Email :supahabu.id@gmail.com
775,SHINE BEAUTY INTERNATIONALPerseroan Terbatas (PT),Website :-Email :shinebeautyinternasional@gmail.com
776,SARANA OLAH BERSAMAPerseroan Terbatas (PT),Website :-Email :pt.saranaolahbersama@gmail.com
777,ATOMY INDONESIA GROUPPerseroan Terbatas (PT),Website :-Email :atomyindonesia.group@gmail.com
778,BIO INDONESIA BAROKAH SEJAHTERAPerseroan Terbatas (PT),Website :-Email :bibsejahtera@gmail.com
779,TRENINET SENTOSA INTERNASIONALPerseroan Terbatas (PT),Website :-Email :treninet.sentosa.internasional@gmail.com
780,MILAGROS INDONESIA MEGAHPerseroan Terbatas (PT),Website :-Email :legal@milagros.co.id
781,ATOMY INDONESIA GROUPPerseroan Terbatas (PT),Website :-Email :atomyindonesia.group@gmail.com
782,AYOAJA TEKNOLOGI DIGITALPerseroan Terbatas (PT),Website :-Email :ayoaja@ayoaja.id
783,JAVA LIFE NUSANTARAPerseroan Terbatas (PT),Website :-Email :javalifenusantara@gmail.com
784,MAKIN JAYA AGUNGPerseroan Terbatas (PT),Website :-Email :makinjayaagung17@gmail.com
785,BANGKIT SUKSES SEJAHTERAPerseroan Terbatas (PT),Website :-Email :ptbangkitsuksessejahtera@gmail.com
786,BERKAH INDO SEMESTAPerseroan Terbatas (PT),Website :-Email :ptberkahindosemesta@gmail.com
787,ALHUSNA PUTRA MANDIRI SENTOSAPerseroan Terbatas (PT),Website :-Email :alhusnapms@gmail.com
788,CENTRAL JAVA DAYA WIGUNA INDONESIAPerseroan Terbatas (PT),Website :-Email :hrd@cjdwnetwork.com
789,MANTAP BERSAMA SUKSESPerseroan Terbatas (PT),Website :-Email :mabesgroup2020@gmail.com
790,MITRA BERSINAR MANDIRIPerseroan Terbatas (PT),Website :-Email :ptmitrabersinarmandiri@gmail.com
791,MANTAP BERSAMA SUKSESPerseroan Terbatas (PT),Website :-Email :mabesgroup2020@gmail.com
792,CAHAYA SUKSES INSANIPerseroan Terbatas (PT),Website :-Email :cahayasuksesinsani84@gmail.com
793,DIEMASIN MAKMUR SENTOSAPerseroan Terbatas (PT),Website :-Email :ptdiemasinmakmursentosa@gmail.com
794,MITRA BERSINAR MANDIRIPerseroan Terbatas (PT),Website :-Email :ptmitrabersinarmandiri@gmail.com
795,KOMUNITAS CERDAS INDONESIAPerseroan Terbatas (PT),Website :-Email :kom.cerdas.ind@gmail.com
796,HARMONI DINAMIK INDONESIAPerseroan Terbatas (PT),Website :-Email :ratna.putri@hdinetwork.com
797,DIGITAL BOS INDONESIAPerseroan Terbatas (PT),Website :-Email :digitalbosindonesia@gmail.com
798,NAGA LANGIT NUSANTARAPerseroan Terbatas (PT),Website :-Email :nagalangitnusantara@gmail.com
799,LENTERA KARYA SUKSESPerseroan Terbatas (PT),Website :-Email :lenterakaryalks@gmail.com
800,YUKITA SEBAKARA BERSAMAPerseroan Terbatas (PT),Website :-Email :ptyukitabersama@gmail.com
801,YUKITA SEBAKARA BERSAMAPerseroan Terbatas (PT),Website :-Email :ptyukitabersama@gmail.com
802,NAGA LANGIT NUSANTARAPerseroan Terbatas (PT),Website :-Email :nagalangitnusantara@gmail.com
803,INDO SUPPLY CHAINPerseroan Terbatas (PT),Website :-Email :admin@iscglobe.com
804,VARASH SADDAN NUSANTARAPerseroan Terbatas (PT),Website :-Email :-
805,KYANI INDONESIA SEJAHTERAPerseroan Terbatas (PT),Website :-Email :asan@kyanicorp.com
806,HARMONI DINAMIK INDONESIAPerseroan Terbatas (PT),Website :-Email :ratna.putri@hdinetwork.com
807,SYNERGY WORLDWIDE INDONESIAPerseroan Terbatas (PT),Website :-Email :cs_indo@synergyworldwide.com
808,NATURAL DISTRIBUSI SEJAHTERAPerseroan Terbatas (PT),Website :-Email :ptnds.info@gmail.com
809,SEJAHTERA ANUGERAH PRATAMAPerseroan Terbatas (PT),Website :-Email :info@sejahterapratama.id
810,INDONESIA WIJAYA SEJAHTERA GLOBAL ASIAPerseroan Terbatas (PT),Website :-Email :unitediws71@gmail.com
811,HOUSE OF PRINCESSPerseroan Terbatas (PT),Website :-Email :ratnawisarta@gmail.com
812,THUR SINA LANGGENGPerseroan Terbatas (PT),Website :-Email :langgengthursina@gmail.com
813,GCOOP GLOBAL INDONESIAPerseroan Terbatas (PT),Website :-Email :gcindonesia@gcoop.com
814,MILLIONAIRE CLUB INDONESIAPerseroan Terbatas (PT),Website :-Email :Millionaireclubindonesia@yahoo.com
815,GLOBAL ARSINDO LESTARIPerseroan Terbatas (PT),Website :-Email :goalsmanagement81@gmail.com
816,BANGKIT SUKSES SEJAHTERAPerseroan Terbatas (PT),Website :-Email :ptbangkitsuksessejahtera@gmail.com
817,GCOOP GLOBAL INDONESIAPerseroan Terbatas (PT),Website :-Email :gcindonesia@gcoop.com
818,MAHKOTA SUKSES INDONESIAPerseroan Terbatas (PT),Website :-Email :mahkotaindonesia.official@gmail.com
819,K-LINK NUSANTARAPerseroan Terbatas (PT),Website :-Email :mitrapendidikanind@gmail.com
820,NATURA PRIMA BEAUTYPerseroan Terbatas (PT),Website :-Email :naturaworld.official@gmail.com
821,AM LIFE INTERNATIONALPerseroan Terbatas (PT),Website :-Email :ptamlife@amlife2u.com
822,VOLTEN INTERNATIONAL NUSANTARAPerseroan Terbatas (PT),Website :-Email :voltenindonesia02@gmail.com
823,MILLIONAIRE CLUB INDONESIAPerseroan Terbatas (PT),Website :-Email :Millionaireclubindonesia@yahoo.com
824,NATURARICA CAHAYA PERKASAPerseroan Terbatas (PT),Website :-Email :naturaricacahayaperkasa@gmail.com
825,ARNET SUKSES MANDIRIPerseroan Terbatas (PT),Website :-Email :arnetnetlife@gmail.com
826,ILHAM BUGA JAGAPerseroan Terbatas (PT),Website :-Email :ilhambugaj@gmail.com
827,KLIKJAR GLOBAL PALAPA SEJAHTRAPerseroan Terbatas (PT),Website :-Email :eyewellnessindonesia@gmail.com
828,RADJA BARQUN INTERNATIONALPerseroan Terbatas (PT),Website :-Email :radjabarquninternasional@gmail.com
829,PEMENANG BILYUNER INDONESIAPerseroan Terbatas (PT),Website :-Email :pt.pemenang.bilyuner.indonesia@gmail.com
830,ORINDO ALAM AYUPerseroan Terbatas (PT),Website :-Email :Dina.Muthia@oriflame.com
831,KOLABIZ INDONESIA MANDIRIPerseroan Terbatas (PT),Website :-Email :kolabizofficial@gmail.com
832,NUSANTARA AGRO FARMAPerseroan Terbatas (PT),Website :-Email :nafnusantara@gmail.com
833,GLOBAL WING SEUNGPerseroan Terbatas (PT),Website :-Email :ptglobalwingseung@gmail.com
834,JAVA LIFE NUSANTARAPerseroan Terbatas (PT),Website :-Email :javalifenusantara@gmail.com
835,ORINDO ALAM AYUPerseroan Terbatas (PT),Website :-Email :Dina.Muthia@oriflame.com
836,INDO SUPPLY CHAINPerseroan Terbatas (PT),Website :-Email :admin@iscglobe.com
837,SEMBILAN SUKSES INDONESIAPerseroan Terbatas (PT),Website :-Email :admin@sembilansukses.id
838,SUKSES BERKAH MELIMPAHPerseroan Terbatas (PT),Website :-Email :suksesberkahsbm@gmail.com
839,ANANDA SUKSES ABADIPerseroan Terbatas (PT),Website :-Email :anandasuksesabadi.pt@gmail.com
840,PASAROA KREASI ANAK NEGERIPerseroan Terbatas (PT),Website :-Email :pasaroamarket@gmail.com
841,BANGKIT SUKSES SEJAHTERAPerseroan Terbatas (PT),Website :-Email :ptbangkitsuksessejahtera@gmail.com
842,IZAUNET BERKAH MANDIRIPerseroan Terbatas (PT),Website :-Email :-
843,BERLIAN SEJATI INDONESIAPerseroan Terbatas (PT),Website :-Email :bsi.berlian3@gmail.com
844,COWAY INTERNATIONAL INDONESIAPerseroan Terbatas (PT),Website :-Email :indonesiacoway@hotmail.com
845,EOSTRE INTERNATIONAL INDONESIAPerseroan Terbatas (PT),Website :-Email :eostrept@gmail.com
846,MELILEA HEALTH SCIENCE INTERNATIONALPerseroan Terbatas (PT),Website :-Email :melilea2006@melilea.com
847,GELORA WARRIOR WINGPerseroan Terbatas (PT),Website :-Email :pt.glowing@gmail.com
848,GLOSYA INTI PERMATAPerseroan Terbatas (PT),Website :-Email :glosyaintipermata@gmail.com
849,MINEMA BERKAH ABADIPerseroan Terbatas (PT),Website :-Email :minemabeauty@gmail.com
850,ASTANA MULTI ARTAPerseroan Terbatas (PT),Website :-Email :astanamultiarta@gmail.com
851,LUHUR VISI INTERNASIONALPerseroan Terbatas (PT),Website :-Email :luhurvisiinternasionalofficial@gmail.com
852,CATUR KENCANA MANAJEMENPerseroan Terbatas (PT),Website :-Email :ptcaturkencanamanajemen@gmail.com
853,MIQAZ ANUGERAH SEJAHTERAPerseroan Terbatas (PT),Website :-Email :miqaz.anugrah@gmail.com
854,BIO ENERGI SELARAS ALAMPerseroan Terbatas (PT),Website :-Email :bioenergiselarasalam2@gmail.com
855,BERSAMA KITA BISA NETWORKSPerseroan Terbatas (PT),Website :-Email :guardlinereborn@gmail.com
856,JAFRA COSMETICS INDONESIAPerseroan Terbatas (PT),Website :-Email :legal@jafra.co.id
857,GLOBAL RISE INTERNASIONALPerseroan Terbatas (PT),Website :-Email :gloripusat@gmail.com
858,ALENA NUSA CEMERLANGPerseroan Terbatas (PT),Website :-Email :alenanusacemerlang@gmail.com
859,NARA BERSINERGI INDONESIAPerseroan Terbatas (PT),Website :-Email :ptnarabersinergiindonesia@yahoo.com
860,ALFAZZA DIGITAL INTERNATIONALPerseroan Terbatas (PT),Website :-Email :alfazza.di@gmail.com
861,NAGA LANGIT NUSANTARAPerseroan Terbatas (PT),Website :-Email :nagalangitnusantara@gmail.com
862,HARMONI DINAMIK INDONESIAPerseroan Terbatas (PT),Website :-Email :ratna.putri@hdinetwork.com
863,DNG WORLDWIDE INDONESIAPerseroan Terbatas (PT),Website :-Email :ptdngworldwide@gmail.com
864,GOLDEN SMART MANDIRIPerseroan Terbatas (PT),Website :-Email :globalsmartmandiri@gmail.com
865,MAXIMAL INCOME KITAPerseroan Terbatas (PT),Website :-Email :maximal.income45@gmail.com
866,AYOAJA TEKNOLOGI DIGITALPerseroan Terbatas (PT),Website :-Email :ayoaja@ayoaja.id
867,COWAY INTERNATIONAL INDONESIAPerseroan Terbatas (PT),Website :-Email :indonesiacoway@hotmail.com
868,ARNET SUKSES MANDIRIPerseroan Terbatas (PT),Website :-Email :arnetnetlife@gmail.com
869,LEAFHEA INTERNATIONAL NETWORKPerseroan Terbatas (PT),Website :-Email :Leafheaofficial@gmail.com
870,PENTA HARVEST INDONESIAPerseroan Terbatas (PT),Website :-Email :penta.harvest.indonesia@gmail.com
871,ARNET SUKSES MANDIRIPerseroan Terbatas (PT),Website :-Email :arnetnetlife@gmail.com
872,AWM ELITE INTERNATIONALPerseroan Terbatas (PT),Website :-Email :awmelite2022@gmail.com
873,BANDUNG ECO SINERGI TEKNOLOGIPerseroan Terbatas (PT),Website :-Email :official.sinergyworld@gmail.com
874,MULIA NUSA INDONESIAPerseroan Terbatas (PT),Website :-Email :mulianusaindonesia@gmail.com
875,VEXTA GLOBAL MEDIAPerseroan Terbatas (PT),Website :-Email :vexta.globalmedia@gmail.com
876,NYRTEA BEAUTIKA NETWORKPerseroan Terbatas (PT),Website :-Email :nyrtea.official@gmail.com
877,PRIFE SINAR SEJAHTERAPerseroan Terbatas (PT),Website :-Email :pt.prifesinarsejahtera@gmail.com
878,MAXIMAX SUKSES MAKMURPerseroan Terbatas (PT),Website :-Email :admin1@maximax.co.id
879,HERBALIFE INDONESIAPerseroan Terbatas (PT),Website :-Email :andamd@herbalife.com
880,BERNIAGA BERKAH CEMERLANGPerseroan Terbatas (PT),Website :-Email :berniagaberkahcemerlang@gmail.com
881,SINERGI SENTRA SEMESTAPerseroan Terbatas (PT),Website :-Email :ptsinergisentrasemesta@gmail.com
882,CAHAYA PRESTASI INDONESIAPerseroan Terbatas (PT),Website :-Email :renianggraeni@tupperware.com
883,MINIGRAM INDONESIA SEJAHTERAPerseroan Terbatas (PT),Website :-Email :misminigram@gmail.com
884,PROZANT SEJAHTERA INDONESIAPerseroan Terbatas (PT),Website :-Email :Infoprozant@gmail.com
885,MAXIMAX SUKSES MAKMURPerseroan Terbatas (PT),Website :-Email :admin1@maximax.co.id
886,KARUNIA BERJAYA SELAMANYAPerseroan Terbatas (PT),Website :-Email :prast.hrd@gmail.com
887,PRABU TRISULA UTAMAPerseroan Terbatas (PT),Website :-Email :prabutrisula@gmail.com
888,VAYYA SUKSES ABADIPerseroan Terbatas (PT),Website :-Email :vayyasuksesabadi.pt@gmail.com
889,PAULNA SEHAT INDONESIAPerseroan Terbatas (PT),Website :-Email :paulna.herbs@gmail.com
890,SEHAT SUKSES BAHAGIAPerseroan Terbatas (PT),Website :-Email :sehatsuksesbahagia141@gmail.com
891,NATA KARYABORA GEMILANGPerseroan Terbatas (PT),Website :-Email :ptnatakaryaboragemilang@gmail.com
892,SEHAT SUKSES BAHAGIAPerseroan Terbatas (PT),Website :-Email :sehatsuksesbahagia141@gmail.com
893,GRYA SMART MANDIRIPerseroan Terbatas (PT),Website :-Email :pt.gryasmartmandiri@yahoo.com
894,ANUGRAH BERSAMA PERKASA MARKETINGPerseroan Terbatas (PT),Website :-Email :anugrahbersamaperkasamarketing@gmail.com
895,GLOBAL TREN INDONESIAPerseroan Terbatas (PT),Website :-Email :globaltrenindonesia@gmail.com
896,RADJA BARQUN INTERNATIONALPerseroan Terbatas (PT),Website :-Email :radjabarquninternasional@gmail.com
897,SEMBILAN SUKSES INDONESIAPerseroan Terbatas (PT),Website :-Email :admin@sembilansukses.id
898,ACIELA MAHKOTA INDONESIAPerseroan Terbatas (PT),Website :-Email :griyaaciela@gmail.com
899,AKADEMI META INTERNASIONALPerseroan Terbatas (PT),Website :-Email :academymetas@gmail.com
900,NATURA PRIMA BEAUTYPerseroan Terbatas (PT),Website :-Email :naturaworld.official@gmail.com
901,LENTERA KARYA SUKSESPerseroan Terbatas (PT),Website :-Email :lenterakaryalks@gmail.com
902,AKADEMI META INTERNASIONALPerseroan Terbatas (PT),Website :-Email :academymetas@gmail.com
903,INDO SUPPLY CHAINPerseroan Terbatas (PT),Website :-Email :admin@iscglobe.com
904,FOUHER POPULAR INTERNASIONALPerseroan Terbatas (PT),Website :-Email :forher.populer@gmail.com
905,HERBA PENAWAR ALWAHIDA INDONESIAPerseroan Terbatas (PT),Website :-Email :crm@hni.net
906,SMART POWER SYSTEMPerseroan Terbatas (PT),Website :-Email :ptsmartpowersystem@gmail.com
907,JUARA KASIH SAYANGPerseroan Terbatas (PT),Website :-Email :ptjuarakasihsayang@gmail.com
908,RAZEDO GRUP SUKSESPerseroan Terbatas (PT),Website :-Email :customer.service@razedogroup.com
909,BIOVITAL VICTORIA INDONESIAPerseroan Terbatas (PT),Website :-Email :biovital@biovital.co.id
910,ATOMY INDONESIA GROUPPerseroan Terbatas (PT),Website :-Email :atomyindonesia.group@gmail.com
911,SENTOSA SELARAS NETWORKPerseroan Terbatas (PT),Website :-Email :officialtopseller@gmail.com
912,PESONA HERBAL INDONESIAPerseroan Terbatas (PT),Website :-Email :pesonaherbal2021@gmail.com
913,K-LINK NUSANTARAPerseroan Terbatas (PT),Website :-Email :mitrapendidikanind@gmail.com
914,SHAD GLOBAL INDONESIAPerseroan Terbatas (PT),Website :-Email :admsgi2021@gmail.com
915,LEAFHEA INTERNATIONAL NETWORKPerseroan Terbatas (PT),Website :-Email :Leafheaofficial@gmail.com
916,BIGENMI GEMILANG INDONESIAPerseroan Terbatas (PT),Website :-Email :bigenmi.official@gmail.com
917,NUSANTARA AGRO FARMAPerseroan Terbatas (PT),Website :-Email :nafnusantara@gmail.com
918,NATURAL NUSANTARAPerseroan Terbatas (PT),Website :-Email :service@naturalnusantara.co.id
919,HONG RUIPerseroan Terbatas (PT),Website :-Email :chris.indo@yahoo.co.id
920,TREN GLOBAL TEKNOLOGIPerseroan Terbatas (PT),Website :-Email :cs@trenglobal.co.id
921,BERKAH SILIKA JAYAPerseroan Terbatas (PT),Website :-Email :berkahsilika@gmail.com
922,DUTA ELOK PERSADAPerseroan Terbatas (PT),Website :-Email :elizabeth@skinhealthsystem.com
923,ALMEGA MANDIRI INDONESIAPerseroan Terbatas (PT),Website :-Email :almega.id@gmail.com
924,GLOBAL AURA GEMILANGPerseroan Terbatas (PT),Website :-Email :globalauragemilang@gmail.com
925,SHANNEN GLOBAL INDONESIAPerseroan Terbatas (PT),Website :-Email :shannenglobalofficial@gmail.com
926,BISNIS SUKSES MULIAPerseroan Terbatas (PT),Website :-Email :pt.bisnissuksesmulia@gmail.com
927,ARNET SUKSES MANDIRIPerseroan Terbatas (PT),Website :-Email :arnetnetlife@gmail.com
928,NUSA SELARAS INDONESIAPerseroan Terbatas (PT),Website :-Email :andri@nuskin.com
929,BEI INTERNATIONAL MARKETINGPerseroan Terbatas (PT),Website :-Email :ptbeiinternational@beintl.com
930,NUSANTARA AGRO FARMAPerseroan Terbatas (PT),Website :-Email :nafnusantara@gmail.com
931,BEI INTERNATIONAL MARKETINGPerseroan Terbatas (PT),Website :-Email :ptbeiinternational@beintl.com
932,NUSA SELARAS INDONESIAPerseroan Terbatas (PT),Website :-Email :andri@nuskin.com
933,NAGA LANGIT NUSANTARAPerseroan Terbatas (PT),Website :-Email :nagalangitnusantara@gmail.com
934,UNICITY INDONESIAPerseroan Terbatas (PT),Website :-Email :ptunicityindonesia@gmail.com
935,SINGA INDO PERSADAPerseroan Terbatas (PT),Website :-Email :singaindo.persada@gmail.com
936,INFINITE MITRA SUKSESPerseroan Terbatas (PT),Website :-Email :ptinfinitemitrasukses@gmail.com
937,ATOMY INDONESIA GROUPPerseroan Terbatas (PT),Website :-Email :atomyindonesia.group@gmail.com
938,BANGKIT SUKSES SEJAHTERAPerseroan Terbatas (PT),Website :-Email :ptbangkitsuksessejahtera@gmail.com
939,GLOSYA INTI PERMATAPerseroan Terbatas (PT),Website :-Email :glosyaintipermata@gmail.com
940,BIG DATA NUSANTARAPerseroan Terbatas (PT),Website :-Email :ptbigdatanusantara@gmail.com
941,BERNIAGA BERKAH CEMERLANGPerseroan Terbatas (PT),Website :-Email :berniagaberkahcemerlang@gmail.com
942,RIADY BANGGA INDONESIAPerseroan Terbatas (PT),Website :-Email :riadybanggaindonesia@gmail.com
943,BIG DATA NUSANTARAPerseroan Terbatas (PT),Website :-Email :ptbigdatanusantara@gmail.com
944,AROMA MAKMUR SENTOSAPerseroan Terbatas (PT),Website :-Email :hendraaris394@gmail.com
945,HEALTH WEALTH INTERNATIONALPerseroan Terbatas (PT),Website :-Email :-
946,GRIYO MORO INDONESIAPerseroan Terbatas (PT),Website :-Email :griyomoroindonesia@gmail.com
947,PALAPA SUKSES INDONESIAPerseroan Terbatas (PT),Website :-Email :palapasuksesindonesia@outlook.com
948,SEJAHTERA ANUGERAH PRATAMAPerseroan Terbatas (PT),Website :-Email :info@sejahterapratama.id
949,NAGA LANGIT NUSANTARAPerseroan Terbatas (PT),Website :-Email :nagalangitnusantara@gmail.com
950,MEGA GLORYOUNG INTERNATIONALPerseroan Terbatas (PT),Website :-Email :mgiclubglory@gmail.com
951,MEGA GLORYOUNG INTERNATIONALPerseroan Terbatas (PT),Website :-Email :mgiclubglory@gmail.com
952,SRIKANDHI JAYATAMA INDONESIAPerseroan Terbatas (PT),Website :-Email :srikandhijayatamaindonesia@gmail.com
953,TUNAS BANGSA KREATIFPerseroan Terbatas (PT),Website :-Email :-
954,RAZEDO GRUP SUKSESPerseroan Terbatas (PT),Website :-Email :customer.service@razedogroup.com
955,HZS INTERNATIONAL INDONESIAPerseroan Terbatas (PT),Website :-Email :hzs.international.indonesia@gmail.com
956,ALHUSNA PUTRA MANDIRI SENTOSAPerseroan Terbatas (PT),Website :-Email :alhusnapms@gmail.com
957,NARA BERSINERGI INDONESIAPerseroan Terbatas (PT),Website :-Email :ptnarabersinergiindonesia@yahoo.com
958,SUKSES BERKAH MELIMPAHPerseroan Terbatas (PT),Website :-Email :suksesberkahsbm@gmail.com
959,BEXINDO SUKSES SEJAHTERAPerseroan Terbatas (PT),Website :-Email :ptbexindosuksessejahtera@gmail.com
960,JUARA OPTIMAL STRATEZIQPerseroan Terbatas (PT),Website :-Email :ferryferdian135@gmail.com
961,GENERASI NATURA INDONESIAPerseroan Terbatas (PT),Website :-Email :gnaturaindonesia@gmail.com
962,WIN INTERNATIONAL INDONESIAPerseroan Terbatas (PT),Website :-Email :wininternationalindonesia@gmail.com
963,PROWARA MAPAN UTAMAPerseroan Terbatas (PT),Website :-Email :pmapanutama@gmail.com
964,AAA GREENCELL INTERNASIONALPerseroan Terbatas (PT),Website :-Email :aaagreencellintre@gmail.com
965,PANSAKY BERDIKARI BERSAMAPerseroan Terbatas (PT),Website :-Email :ptpansakyberdikari@gmail.com
966,KYANI INDONESIA SEJAHTERAPerseroan Terbatas (PT),Website :-Email :asan@kyanicorp.com
967,VAYYA SUKSES ABADIPerseroan Terbatas (PT),Website :-Email :vayyasuksesabadi.pt@gmail.com
968,NUSANTARA AGRO FARMAPerseroan Terbatas (PT),Website :-Email :nafnusantara@gmail.com
969,SUKSES LAKSANA AMANAH BERKAHPerseroan Terbatas (PT),Website :-Email :sukseslaksanaamanahberkah@gmail.com
970,AZZURO TRE VENTO TECHPerseroan Terbatas (PT),Website :-Email :Azzventech@gmail.com
971,AZZURO TRE VENTO TECHPerseroan Terbatas (PT),Website :-Email :Azzventech@gmail.com
972,TUNAS HIJAU NETWORK INDONESIAPerseroan Terbatas (PT),Website :-Email :thnetworkindonesia@gmail.com
973,ELKEN GLOBAL INDONESIAPerseroan Terbatas (PT),Website :-Email :lisma@elken.com
974,ONEMORE INTERNATIONAL ASIAPerseroan Terbatas (PT),Website :-Email :onemoreinternationalasia@gmail.com
975,PANSAKY BERDIKARI BERSAMAPerseroan Terbatas (PT),Website :-Email :ptpansakyberdikari@gmail.com
976,MARDES UTAMA JAYAPerseroan Terbatas (PT),Website :-Email :mardesutamajaya@gmail.com
977,AYOAJA TEKNOLOGI DIGITALPerseroan Terbatas (PT),Website :-Email :ayoaja@ayoaja.id
978,NYRTEA BEAUTIKA NETWORKPerseroan Terbatas (PT),Website :-Email :nyrtea.official@gmail.com
979,DAEHSAN INDONESIAPerseroan Terbatas (PT),Website :-Email :rusmiadxn@gmail.com
980,MASTER MILLIONAIRE PRIMEPerseroan Terbatas (PT),Website :-Email :mastermillionaireprime@gmail.com
981,MASTER MILLIONAIRE PRIMEPerseroan Terbatas (PT),Website :-Email :mastermillionaireprime@gmail.com
982,BIO ORGANIK NUSANTARAPerseroan Terbatas (PT),Website :-Email :legal@biogreenscience.com
983,YELLOW DREAM INDONESIA BARUPerseroan Terbatas (PT),Website :-Email :pt.yellowdreamindonesiabaru@gmail.com
984,PRESTIGE INDONESIA SETARAPerseroan Terbatas (PT),Website :-Email :ptprestigeindonesiasetara@gmail.com
985,ORBIT SEMBILAN SEMBILANPerseroan Terbatas (PT),Website :-Email :orbit99group@gmail.com
986,MANTAP BERSAMA SUKSESPerseroan Terbatas (PT),Website :-Email :mabesgroup2020@gmail.com
987,BANGKIT SUKSES SEJAHTERAPerseroan Terbatas (PT),Website :-Email :ptbangkitsuksessejahtera@gmail.com
988,INDO SUPPLY CHAINPerseroan Terbatas (PT),Website :-Email :admin@iscglobe.com
989,BRAMMABE RIFKY PEEPPerseroan Terbatas (PT),Website :-Email :brammabe.rifkypeep@gmail.com
990,BERKAH SUKSES TEKNOLOGIPerseroan Terbatas (PT),Website :-Email :teknologiberkahsukses@gmail.com
991,BRAMMABE RIFKY PEEPPerseroan Terbatas (PT),Website :-Email :brammabe.rifkypeep@gmail.com
992,FOURMI ASHA SEJAHTERAPerseroan Terbatas (PT),Website :-Email :fourmiashasejahtera@gmail.com
993,ANUGERAH BERLIAN BERKAH BERJAYAPerseroan Terbatas (PT),Website :-Email :anugerahberlianberkahberjaya@gmail.com
994,VISI SUKSES MANDIRIPerseroan Terbatas (PT),Website :-Email :info.scg.tng@gmail.com
995,DAMAI SINERGI NUSANTARAPerseroan Terbatas (PT),Website :-Email :dsn.fiskal@gmail.com
996,KING GAHARU NATURALINDOPerseroan Terbatas (PT),Website :-Email :gaharunat@gmail.com
997,NUSA SELARAS INDONESIAPerseroan Terbatas (PT),Website :-Email :andri@nuskin.com
998,BEI INTERNATIONAL MARKETINGPerseroan Terbatas (PT),Website :-Email :ptbeiinternational@beintl.com
999,BANDUNG ECO SINERGI TEKNOLOGIPerseroan Terbatas (PT),Website :-Email :official.sinergyworld@gmail.com
1000,YOMARI EKSIS SERENTAKPerseroan Terbatas (PT),Website :-Email :ptyomarieksisserentak@gmail.com
1001,BANDUNG ECO SINERGI TEKNOLOGIPerseroan Terbatas (PT),Website :-Email :official.sinergyworld@gmail.com
1002,JAFRA COSMETICS INDONESIAPerseroan Terbatas (PT),Website :-Email :legal@jafra.co.id
1003,TRUST GLOBAL KARYAPerseroan Terbatas (PT),Website :-Email :Vblasteducation@gmail.com
1004,SIMBIOTIK MULTITALENTA INDONESIAPerseroan Terbatas (PT),Website :-Email :info@ptsmi.id
1005,ALGAE BIOTEKNOLOGI INTERNASIONALPerseroan Terbatas (PT),Website :-Email :biotekno@algaecenter.co.id
1006,CIPTA ASET DIGITALPerseroan Terbatas (PT),Website :-Email :ciptaasetdigital@gmail.com
1007,UNIVERSAL HEALTH NETWORKPerseroan Terbatas (PT),Website :-Email :debby.alfi@sohoglobalhealth.com
1008,CITRA CIPTA CERDASPerseroan Terbatas (PT),Website :-Email :citraciptacerdas@gmail.com
1009,NUSANTARA AGRO FARMAPerseroan Terbatas (PT),Website :-Email :nafnusantara@gmail.com
1010,RENER INTI INTERNASIONALPerseroan Terbatas (PT),Website :-Email :nasirindonesia99@gmail.com
1011,FSP AKADEMI PROPerseroan Terbatas (PT),Website :-Email :-
1012,RENER INTI INTERNASIONALPerseroan Terbatas (PT),Website :-Email :nasirindonesia99@gmail.com
1013,JAFRA COSMETICS INDONESIAPerseroan Terbatas (PT),Website :-Email :legal@jafra.co.id
1014,SIMBIOTIK MULTITALENTA INDONESIAPerseroan Terbatas (PT),Website :-Email :info@ptsmi.id
1015,SUKSES BERKAH MELIMPAHPerseroan Terbatas (PT),Website :-Email :suksesberkahsbm@gmail.com
1016,GEMILANG CITRUS BERJAYAPerseroan Terbatas (PT),Website :-Email :gusbiz9@gmail.com
1017,PROFIT DUA SATU TEKNOLOGIPerseroan Terbatas (PT),Website :-Email :profit21id@gmail.com
1018,CAHAYA TRI CEMERLANGPerseroan Terbatas (PT),Website :-Email :-
1019,FOUHER POPULAR INTERNASIONALPerseroan Terbatas (PT),Website :-Email :forher.populer@gmail.com
1020,NATA KARYABORA GEMILANGPerseroan Terbatas (PT),Website :-Email :ptnatakaryaboragemilang@gmail.com
1021,BIKIN ORANG SUKSESPerseroan Terbatas (PT),Website :-Email :pt.bikinorangsukses@gmail.com
1022,NATA KARYABORA GEMILANGPerseroan Terbatas (PT),Website :-Email :ptnatakaryaboragemilang@gmail.com
1023,BIO INDONESIA BAROKAH SEJAHTERAPerseroan Terbatas (PT),Website :-Email :bibsejahtera@gmail.com
1024,DEZ ABADI BERKAHPerseroan Terbatas (PT),Website :-Email :dezabadi@gmail.com
1025,JKS KASIH SAYANGPerseroan Terbatas (PT),Website :-Email :-
1026,HERBAL AGRO INDUSTRI INDONESIAPerseroan Terbatas (PT),Website :-Email :-
1027,HEKSA MAKMUR JAYAPerseroan Terbatas (PT),Website :-Email :heksa.makmurjaya@gmail.com
1028,BITREXGO SOLUSI PRIMAPerseroan Terbatas (PT),Website :-Email :-
1029,GREEN VIT INTERNATIONALPerseroan Terbatas (PT),Website :-Email :-
1030,BAROKAH IBRAHIMY GROUPPerseroan Terbatas (PT),Website :-Email :barokahibrahimygroup@gmail.com
1031,DIGITAL NET ASETPerseroan Terbatas (PT),Website :-Email :pt.digitalnetaset@gmail.com
1032,PANSAKY BERDIKARI BERSAMAPerseroan Terbatas (PT),Website :-Email :ptpansakyberdikari@gmail.com
1033,GEMMA GLOBAL INDONESIAPerseroan Terbatas (PT),Website :-Email :gemmaglobalind@gmail.com
1034,GEMMA INDONESIA MILLENIALPerseroan Terbatas (PT),Website :-Email :-
1035,ALPHA MAKMUR SENTOSA INDONESIAPerseroan Terbatas (PT),Website :-Email :-
1036,PANSAKY BERDIKARI BERSAMAPerseroan Terbatas (PT),Website :-Email :ptpansakyberdikari@gmail.com
1037,COWAY INTERNATIONAL INDONESIAPerseroan Terbatas (PT),Website :-Email :indonesiacoway@hotmail.com
1038,DILAM NATUR ABADIPerseroan Terbatas (PT),Website :-Email :djajadilam@gmail.com
1039,ENAGIC INDONESIAPerseroan Terbatas (PT),Website :-Email :widia@enagic.co.id
1040,KARYA DUNIA IMPIANPerseroan Terbatas (PT),Website :-Email :-
1041,INDO SUPPLY CHAINPerseroan Terbatas (PT),Website :-Email :admin@iscglobe.com
1042,PM-INTERNATIONAL INDONESIAPerseroan Terbatas (PT),Website :-Email :office@pm-international.co.id
1043,TRENINET SENTOSA INTERNASIONALPerseroan Terbatas (PT),Website :-Email :treninet.sentosa.internasional@gmail.com
1044,EKIWI KONEKSI PERDAGANGANPerseroan Terbatas (PT),Website :-Email :jack.le@kiwi-eco.com
1045,DILAM NATUR ABADIPerseroan Terbatas (PT),Website :-Email :djajadilam@gmail.com
1046,PASAROA KREASI ANAK NEGERIPerseroan Terbatas (PT),Website :-Email :pasaroamarket@gmail.com
1047,BERJAYA COSWAY INDONESIAPerseroan Terbatas (PT),Website :-Email :-
1048,SIBAYAK PRATAMA INTERNASIONALPerseroan Terbatas (PT),Website :-Email :sibayakjogja@gmail.com
1049,VERITAS SOLUSI NUSANTARA CEKATANPerseroan Terbatas (PT),Website :-Email :veritas.vsn@gmail.com
1050,SIGER SINERGI INDONESIAPerseroan Terbatas (PT),Website :-Email :-
1051,SIGER SINERGI INDONESIAPerseroan Terbatas (PT),Website :-Email :-
1052,HEKSA MAKMUR JAYAPerseroan Terbatas (PT),Website :-Email :heksa.makmurjaya@gmail.com
1053,MAGIC LIFE INDONESIAPerseroan Terbatas (PT),Website :-Email :-
1054,KAIDAH NETWORK SUKSES BERSAMABentuk Perusahaan Luar Negeri,Website :-Email :kaidah.network@gmail.com
1055,RENER INTI INTERNASIONALPerseroan Terbatas (PT),Website :-Email :nasirindonesia99@gmail.com
1056,TEKNOLOGI BUMI INDONESIAPerseroan Terbatas (PT),Website :-Email :-
1057,LUXINDO RAYAPerseroan Terbatas (PT),Website :-Email :fifit@alvawater.com
1058,GRAHA SUKSES MENDUNIAPerseroan Terbatas (PT),Website :-Email :grahasuksesmendunia@gmail.com
1059,ATOMY INDONESIA INCPerseroan Terbatas (PT),Website :-Email :sj_kim@atomy.kr
1060,AVARA GLOBAL MANDIRIPerseroan Terbatas (PT),Website :-Email :avara.holding@gmail.com
1061,WARUNG KITA INDONESIAPerseroan Terbatas (PT),Website :-Email :-
1062,MORINDA INDEPENDENPerseroan Terbatas (PT),Website :-Email :-
1063,GEMILANG CITRUS BERJAYAPerseroan Terbatas (PT),Website :-Email :gusbiz9@gmail.com
1064,ANDALAN SEMESTA ABADIPerseroan Terbatas (PT),Website :-Email :-
1065,HEALTH WEALTH INTERNATIONALPerseroan Terbatas (PT),Website :-Email :-
1066,GCOOP GLOBAL INDONESIAPerseroan Terbatas (PT),Website :-Email :gcindonesia@gcoop.com
1067,PESONA HERBAL INDONESIAPerseroan Terbatas (PT),Website :-Email :pesonaherbal2021@gmail.com
1068,LEAFHEA INTERNATIONAL NETWORKPerseroan Terbatas (PT),Website :-Email :Leafheaofficial@gmail.com
1069,YOUNG LIVING INDONESIAPerseroan Terbatas (PT),Website :-Email :kwinda@youngliving.com
1070,JEM GLOBAL NETWORKPerseroan Terbatas (PT),Website :-Email :admin@jem2u.co.id
1071,RADJA SEHAT SEJAHTERAPerseroan Terbatas (PT),Website :-Email :-
1072,COWAY INTERNATIONAL INDONESIAPerseroan Terbatas (PT),Website :-Email :indonesiacoway@hotmail.com
1073,SEHAT SUKSES BAHAGIAPerseroan Terbatas (PT),Website :-Email :sehatsuksesbahagia141@gmail.com
1074,MAHKOTA SUKSES INDONESIAPerseroan Terbatas (PT),Website :-Email :mahkotaindonesia.official@gmail.com
1075,TERLANJUR JAYA INDONESIAPerseroan Terbatas (PT),Website :-Email :-
1076,ANUGERAH BERLIAN BERKAH BERJAYAPerseroan Terbatas (PT),Website :-Email :anugerahberlianberkahberjaya@gmail.com
1077,AMINDOWAY JAYAPerseroan Terbatas (PT),Website :-Email :andry.yudistira@amway.com
1078,NAMORA ERA WIRAPerseroan Terbatas (PT),Website :-Email :newofl99@gmail.com
1079,SEJAHTERA ANUGERAH PRATAMAPerseroan Terbatas (PT),Website :-Email :info@sejahterapratama.id
1080,BEONE GLOBAL INDONESIAPerseroan Terbatas (PT),Website :-Email :be1globalindonesia@gmail.com
1081,LONGRICH GLOBALINDO PERKASAPerseroan Terbatas (PT),Website :-Email :-
1082,KLIK DNA MANDIRIPerseroan Terbatas (PT),Website :-Email :hr.gisolution@gmail.com
1083,ARNET SUKSES MANDIRIPerseroan Terbatas (PT),Website :-Email :arnetnetlife@gmail.com
1084,ROYAL QUEEN INDONESIAPerseroan Terbatas (PT),Website :-Email :Myroyalqueenofficial@gmail.com
1085,TUNAS OBOR PERKASAPerseroan Terbatas (PT),Website :-Email :-
1086,BAYU INSAN GEMILANG PROFITINDOPerseroan Terbatas (PT),Website :-Email :big.profitindo@gmail.com
1087,SANGKURIANG SINERGI INSANPerseroan Terbatas (PT),Website :-Email :sangquofficial@gmail.com
1088,KRISNADI SEHAT SEJAHTERAPerseroan Terbatas (PT),Website :-Email :-
1089,ENLOGY JAYA ANGGAPerseroan Terbatas (PT),Website :-Email :-
1090,KALISA SEHAT SEJAHTERAPerseroan Terbatas (PT),Website :-Email :-
1091,ASAYAMA FAMILI CAHAYA INDONESIAPerseroan Terbatas (PT),Website :-Email :afclifesciencemail@gmail.com
1092,KALISA SEHAT SEJAHTERAPerseroan Terbatas (PT),Website :-Email :-
1093,ENLOGY JAYA ANGGAPerseroan Terbatas (PT),Website :-Email :-
1094,KRISNADI SEHAT SEJAHTERAPerseroan Terbatas (PT),Website :-Email :-
1095,KELUARGA JAYA SAKTI SUKSESPerseroan Terbatas (PT),Website :-Email :-
1096,BLAZE BIAN JAYAPerseroan Terbatas (PT),Website :-Email :-
1097,BAYU INSAN GEMILANG PROFITINDOPerseroan Terbatas (PT),Website :-Email :big.profitindo@gmail.com
1098,SANGKURIANG SINERGI INSANPerseroan Terbatas (PT),Website :-Email :sangquofficial@gmail.com
1099,ADILUHUNG SANTOSA TEPASALIRAPerseroan Terbatas (PT),Website :-Email :-
1100,RIYA JAYA INDONESIAPerseroan Terbatas (PT),Website :-Email :alluvia.indonesia@gmail.com
1101,PESONA HERBAL INDONESIAPerseroan Terbatas (PT),Website :-Email :pesonaherbal2021@gmail.com
1102,MUAMALAT INSAN MANDIRIPerseroan Terbatas (PT),Website :-Email :muhammadikhwanul10@gmail.com
1103,GLOBAL TREN INDONESIAPerseroan Terbatas (PT),Website :-Email :globaltrenindonesia@gmail.com
1104,DOBEL NETWORK INTERNASIONALPerseroan Terbatas (PT),Website :-Email :dobelnetwork@gmail.com
1105,JEUNESSE GLOBALPerseroan Terbatas (PT),Website :-Email :-
1106,HERBA NUSANTARA ALAMIPerseroan Terbatas (PT),Website :-Email :-
1107,TFORCE INDONESIA JAYAPerseroan Terbatas (PT),Website :-Email :pttforceindonesiajaya@gmail.com
1108,VISI SUKSES MANDIRIPerseroan Terbatas (PT),Website :-Email :info.scg.tng@gmail.com
1109,COWAY INTERNATIONAL INDONESIAPerseroan Terbatas (PT),Website :-Email :indonesiacoway@hotmail.com
1110,NATURA PRIMA BEAUTYPerseroan Terbatas (PT),Website :-Email :naturaworld.official@gmail.com
1111,MILAGROS INDONESIA MEGAHPerseroan Terbatas (PT),Website :-Email :legal@milagros.co.id
1112,NUSA SELARAS INDONESIAPerseroan Terbatas (PT),Website :-Email :andri@nuskin.com
1113,ANAK BOS GROUPPerseroan Terbatas (PT),Website :-Email :ptanakbosgroup@gmail.com
1114,HARMONI DINAMIK INDONESIAPerseroan Terbatas (PT),Website :-Email :ratna.putri@hdinetwork.com
1115,SENTOSA SELARAS NETWORKPerseroan Terbatas (PT),Website :-Email :officialtopseller@gmail.com
1116,COWAY INTERNATIONAL INDONESIAPerseroan Terbatas (PT),Website :-Email :indonesiacoway@hotmail.com
1117,WIN NETWORK INDONESIAPerseroan Terbatas (PT),Website :-Email :winindonesia@yahoo.com
1118,PM-INTERNATIONAL INDONESIAPerseroan Terbatas (PT),Website :-Email :office@pm-international.co.id
1119,BIGENMI GEMILANG INDONESIAPerseroan Terbatas (PT),Website :-Email :bigenmi.official@gmail.com
1120,BANGKIT SUKSES SEJAHTERAPerseroan Terbatas (PT),Website :-Email :ptbangkitsuksessejahtera@gmail.com
1121,AYO KITA BERDIKARIPerseroan Terbatas (PT),Website :-Email :kota.hadiah2021@gmail.com
1122,VISIONEA TEKNOLOGI PERKASAPerseroan Terbatas (PT),Website :-Email :visioneateknologiperkasa@yahoo.com
1123,BIOKISSED NATURALS INDONESIAPerseroan Terbatas (PT),Website :-Email :biokissednaturalsindonesia@gmail.com
1124,DIAMOND INTEREST ABADI INDONESIAPerseroan Terbatas (PT),Website :-Email :-
1125,VISI SINARMAS PERKASAPerseroan Terbatas (PT),Website :-Email :vivaforever.solo@gmail.com
1126,BANDUNG ECO SINERGI TEKNOLOGIPerseroan Terbatas (PT),Website :-Email :official.sinergyworld@gmail.com
1127,BERNIAGA BERKAH CEMERLANGPerseroan Terbatas (PT),Website :-Email :berniagaberkahcemerlang@gmail.com
1128,BITREXGO SOLUSI PRIMAPerseroan Terbatas (PT),Website :-Email :-
1129,TIO NAMORA JAYA INDONESIAPerseroan Terbatas (PT),Website :-Email :-
1130,SINAR SUKSES IMPIANPerseroan Terbatas (PT),Website :-Email :ssisinarsukses@gmail.com
1131,MILAGROS INDONESIA MEGAHPerseroan Terbatas (PT),Website :-Email :legal@milagros.co.id
1132,INFINESSE SEMPURNA ABADIPerseroan Terbatas (PT),Website :-Email :-
1133,TIO NAMORA JAYA INDONESIAPerseroan Terbatas (PT),Website :-Email :-
1134,SINAR SUKSES IMPIANPerseroan Terbatas (PT),Website :-Email :ssisinarsukses@gmail.com
1135,PARTNER SEJATI INTERNASIONALPerseroan Terbatas (PT),Website :-Email :-
1136,ANAK BANGSA BERSATUPerseroan Terbatas (PT),Website :-Email :-
1137,CAHAYA WARGA NUSANTARAPerseroan Terbatas (PT),Website :-Email :ptcawan@gmail.com
1138,KANAKA SELARAS NETWORKPerseroan Terbatas (PT),Website :-Email :-
1139,MAKIN JAYA AGUNGPerseroan Terbatas (PT),Website :-Email :makinjayaagung17@gmail.com
1140,BIO ORGANIK NUSANTARAPerseroan Terbatas (PT),Website :-Email :legal@biogreenscience.com
1141,CANAI INDONESIA INTERNATIONALPerseroan Terbatas (PT),Website :-Email :-
1142,RYU DIAN GEMILANGPerseroan Terbatas (PT),Website :-Email :-
1143,GOLDEN CEMERLANG INDONESIAPerseroan Terbatas (PT),Website :-Email :pt.goldencemerlangindonesia@yahoo.com
1144,BITREXGO SOLUSI PRIMAPerseroan Terbatas (PT),Website :-Email :-
1145,NETUP TEKNOLOGI INDONESIAPerseroan Terbatas (PT),Website :-Email :-
1146,JLC SUKSES INDONESIAPerseroan Terbatas (PT),Website :-Email :-
1147,4LIFE INDONESIA TRADINGPerseroan Terbatas (PT),Website :-Email :-
1148,HARMONI DINAMIK INDONESIAPerseroan Terbatas (PT),Website :-Email :ratna.putri@hdinetwork.com
1149,ORINDO ALAM AYUPerseroan Terbatas (PT),Website :-Email :Dina.Muthia@oriflame.com
1150,ANGKASA WIJAYA INTERNASIONALPerseroan Terbatas (PT),Website :-Email :wijayainternasional86@gmail.com
1151,ANGKASA WIJAYA INTERNASIONALPerseroan Terbatas (PT),Website :-Email :wijayainternasional86@gmail.com
1152,JOLIES GLOBAL INDONESIAPerseroan Terbatas (PT),Website :-Email :-
1153,ONE MORE NUSANTARAPerseroan Terbatas (PT),Website :-Email :-
1154,MOMEN GLOBAL INTERNASIONALPerseroan Terbatas (PT),Website :-Email :mydinda2002@gmail.com
1155,LEAFHEA INTERNATIONAL NETWORKPerseroan Terbatas (PT),Website :-Email :Leafheaofficial@gmail.com
1156,GCOOP GLOBAL INDONESIAPerseroan Terbatas (PT),Website :-Email :gcindonesia@gcoop.com
1157,JMOA INDONESIA INTERNASIONALPerseroan Terbatas (PT),Website :-Email :pmljmoa@gmail.com
1158,HAVANA GLOW INTERNATIONALPerseroan Terbatas (PT),Website :-Email :-
1159,INDONESIA BERSATU SEJAHTERA INTERNASIONALPerseroan Terbatas (PT),Website :-Email :-
1160,KK INDONESIAPerseroan Terbatas (PT),Website :-Email :-
1161,KK INDONESIAPerseroan Terbatas (PT),Website :-Email :-
1162,MAHKOTA SUKSES INDONESIAPerseroan Terbatas (PT),Website :-Email :mahkotaindonesia.official@gmail.com
1163,VOLTEN INTERNATIONAL INDONESIAPerseroan Terbatas (PT),Website :-Email :-
1164,ARMINAREKA PHARMASIA PRATAMAPerseroan Terbatas (PT),Website :-Email :ARMINAREKA.PHARMASIA@gmail.com
1165,UNIVERSAL HEALTH NETWORKPerseroan Terbatas (PT),Website :-Email :debby.alfi@sohoglobalhealth.com
1166,NUTRISI PASIFIK INTERNASIONALPerseroan Terbatas (PT),Website :-Email :-
1167,UNIO CORPORA TEKNOLOGIPerseroan Terbatas (PT),Website :-Email :-
1168,YOO SAI HIROPerseroan Terbatas (PT),Website :-Email :yoosaihiro@gmail.com
1169,FRANCE VALEGE INTERNASIONALPerseroan Terbatas (PT),Website :-Email :fvi_id@yahoo.com
1170,KELUARGA JAYA SAKTI SUKSESPerseroan Terbatas (PT),Website :-Email :-
1171,KELUARGA JAYA SAKTI SUKSESPerseroan Terbatas (PT),Website :-Email :-
1172,ATOMY INDONESIA INCPerseroan Terbatas (PT),Website :-Email :sj_kim@atomy.kr
1173,INDO SUPPLY CHAINPerseroan Terbatas (PT),Website :-Email :admin@iscglobe.com
1174,MULTICARE MITRA SEJAHTERAPerseroan Terbatas (PT),Website :-Email :askmc@indocare.com
1175,ARYA MAKMUR REZEKIPerseroan Terbatas (PT),Website :-Email :-
1176,LUXOR INDONESIAPerseroan Terbatas (PT),Website :-Email :-
1177,PHHP PEMASARAN INDONESIAPerseroan Terbatas (PT),Website :-Email :registrasi@phhp.co.id
1178,JKS KASIH SAYANGPerseroan Terbatas (PT),Website :-Email :-
1179,SYNERGY WORLDWIDE INDONESIAPerseroan Terbatas (PT),Website :-Email :cs_indo@synergyworldwide.com
1180,MILLIONAIRE GROUP INDONESIAPerseroan Terbatas (PT),Website :-Email :-
1181,SINERGI REZEKI ANANTAPerseroan Terbatas (PT),Website :-Email :-
1182,SURYA DUTA GREENINDOPerseroan Terbatas (PT),Website :-Email :greenindosuryaduta@gmail.com
1183,NUSANTARA SUKSES SELALUPerseroan Terbatas (PT),Website :-Email :-
1184,KOINA MITRA SELARASPerseroan Terbatas (PT),Website :-Email :-
1185,GREEN WORLD GLOBALPerseroan Terbatas (PT),Website :-Email :-
1186,KOMUNITAS CERDAS INDONESIAPerseroan Terbatas (PT),Website :-Email :kom.cerdas.ind@gmail.com
1187,ENAGIC INDONESIAPerseroan Terbatas (PT),Website :-Email :widia@enagic.co.id
1188,SINERGI REZEKI ANANTAPerseroan Terbatas (PT),Website :-Email :-
1189,BANGUN INSAN SUKSES AMANAHPerseroan Terbatas (PT),Website :-Email :mnitop@yahoo.com
1190,NATURAL NUSANTARAPerseroan Terbatas (PT),Website :-Email :service@naturalnusantara.co.id
1191,HIMALAYA INTERNATIONALPerseroan Terbatas (PT),Website :-Email :-
1192,MAKIN JAYA AGUNGPerseroan Terbatas (PT),Website :-Email :makinjayaagung17@gmail.com
1193,MARI MENGGAPAI MIMPIPerseroan Terbatas (PT),Website :-Email :pt.marimenggapaimimpi@gmail.com
1194,CMN INTERNASIONAL INDONESIAPerseroan Terbatas (PT),Website :-Email :-
1195,CAHAYA KARUNIA PERSADAPerseroan Terbatas (PT),Website :-Email :bcmb.cakap@yahoo.com
1196,ONE COMMUNITY INDONESIAPerseroan Terbatas (PT),Website :-Email :marlina@one2u.com
1197,GREEN VIT INTERNATIONALPerseroan Terbatas (PT),Website :-Email :-
1198,PROSPECTIVE BIO INTERNATIONAL TRADINGPerseroan Terbatas (PT),Website :-Email :-
1199,JUARA OPTIMAL STRATEZIQPerseroan Terbatas (PT),Website :-Email :ferryferdian135@gmail.com
1200,SUNRIDER NUSAPERDANAPerseroan Terbatas (PT),Website :-Email :-
1201,BEI INTERNATIONAL MARKETINGPerseroan Terbatas (PT),Website :-Email :ptbeiinternational@beintl.com
1202,SURYA LIFETIME INTERNASIONALPerseroan Terbatas (PT),Website :-Email :customerservice@itslifetime.com
1203,MELIA SEHAT SEJAHTERAPerseroan Terbatas (PT),Website :-Email :-
1204,GREENLEAF INTERNATIONAL INDONESIAPerseroan Terbatas (PT),Website :-Email :-
1205,RAZEDO GRUP SUKSESPerseroan Terbatas (PT),Website :-Email :customer.service@razedogroup.com
1206,SOLUSI SERATUS INDONESIAPerseroan Terbatas (PT),Website :-Email :-
1207,SINERGI REZEKI ANANTAPerseroan Terbatas (PT),Website :-Email :-
1208,KOMPAK INDOPOLAPerseroan Terbatas (PT),Website :-Email :-
1209,ALGAEPARK INDONESIA MANDIRIPerseroan Terbatas (PT),Website :-Email :-
1210,FIRST NETWORK GLOBALPerseroan Terbatas (PT),Website :-Email :-
1211,MAO THARA INTERNASIONALPerseroan Terbatas (PT),Website :-Email :klikbci2017@gmail.com
1212,WICAKSANA INTI NUSANTARA NETWORKPerseroan Terbatas (PT),Website :-Email :pt.wicaksanaintinusantara@gmail.com
1213,HERBA PENAWAR ALWAHIDA INDONESIAPerseroan Terbatas (PT),Website :-Email :crm@hni.net
1214,INDONESIA BERSATU SEJAHTERA INTERNASIONALPerseroan Terbatas (PT),Website :-Email :-
1215,MILAGROS INDONESIA MEGAHPerseroan Terbatas (PT),Website :-Email :legal@milagros.co.id
1216,LUXOR INDONESIAPerseroan Terbatas (PT),Website :-Email :-
1217,LEAFHEA INTERNATIONAL NETWORKPerseroan Terbatas (PT),Website :-Email :Leafheaofficial@gmail.com
1218,INDO SUPPLY CHAINPerseroan Terbatas (PT),Website :-Email :admin@iscglobe.com
1219,COWAY INTERNATIONAL INDONESIAPerseroan Terbatas (PT),Website :-Email :indonesiacoway@hotmail.com
1220,UNICITY INDONESIAPerseroan Terbatas (PT),Website :-Email :ptunicityindonesia@gmail.com
1221,UNIO CORPORA TEKNOLOGIPerseroan Terbatas (PT),Website :-Email :-
1222,ELKEN GLOBAL INDONESIAPerseroan Terbatas (PT),Website :-Email :lisma@elken.com
1223,HARMONI DINAMIK INDONESIAPerseroan Terbatas (PT),Website :-Email :ratna.putri@hdinetwork.com
1224,JUARA OPTIMAL STRATEZIQPerseroan Terbatas (PT),Website :-Email :ferryferdian135@gmail.com
1225,HANITA ARTHA NUSANTARAPerseroan Terbatas (PT),Website :-Email :hanitaarthanusantara488@gmail.com
1226,JMOA INDONESIA INTERNASIONALPerseroan Terbatas (PT),Website :-Email :pmljmoa@gmail.com
1227,TREN GLOBAL TEKNOLOGIPerseroan Terbatas (PT),Website :-Email :cs@trenglobal.co.id
1228,BANGKIT SUKSES SEJAHTERAPerseroan Terbatas (PT),Website :-Email :ptbangkitsuksessejahtera@gmail.com
1229,4LIFE INDONESIA TRADINGPerseroan Terbatas (PT),Website :-Email :-
1230,ASIAFARMA INDONESIA RAHARJOPerseroan Terbatas (PT),Website :-Email :-
1231,FOREVER HEALTHY INDONESIAPerseroan Terbatas (PT),Website :-Email :ptforeverhealthyindonesia@gmail.com
1232,ANUGRAH KINASIH ABADIPerseroan Terbatas (PT),Website :-Email :-
1233,ASIAFARMA INDONESIA RAHARJOPerseroan Terbatas (PT),Website :-Email :-
1234,BOTANIC LIBERTY INTERNATIONALPerseroan Terbatas (PT),Website :-Email :-
1235,MILLIONAIRE GROUP INDONESIAPerseroan Terbatas (PT),Website :-Email :-
1236,KAYA HAYAT REZEKIPerseroan Terbatas (PT),Website :-Email :kayahayatrezeki1988@gmail.com
1237,SINERGI REZEKI ANANTAPerseroan Terbatas (PT),Website :-Email :-
1238,TEKNOLOGI BUMI INDONESIAPerseroan Terbatas (PT),Website :-Email :-
1239,INDO SUPPLY CHAINPerseroan Terbatas (PT),Website :-Email :admin@iscglobe.com
1240,LEAFHEA INTERNATIONAL NETWORKPerseroan Terbatas (PT),Website :-Email :Leafheaofficial@gmail.com
1241,MAXIMAX SUKSES MAKMURPerseroan Terbatas (PT),Website :-Email :admin1@maximax.co.id
1242,QN INTERNATIONAL INDONESIAPerseroan Terbatas (PT),Website :-Email :eka.agustin@qnet.net
1243,PINELENG INDAH CEMERLANGPerseroan Terbatas (PT),Website :-Email :-
1244,ATOMY INDONESIA INCPerseroan Terbatas (PT),Website :-Email :sj_kim@atomy.kr
1245,TRI ENERGI INTERNASIONALPerseroan Terbatas (PT),Website :-Email :tri3nergi@gmail.com
1246,ALTRA MULTI SUKSESPerseroan Terbatas (PT),Website :-Email :-
1247,TUNAS HIJAU NETWORK INDONESIAPerseroan Terbatas (PT),Website :-Email :thnetworkindonesia@gmail.com
1248,Inmall Jaringan IndonesiaPerseroan Terbatas (PT),Website :-Email :-
1249,TRIDAYA SINERGI INDONESIAPerseroan Terbatas (PT),Website :-Email :tridayasinergiindonesia@gmail.com
1250,TARAPRIMA MEGAHPerseroan Terbatas (PT),Website :-Email :carlanatan@hotmail.com
1251,INDO SEJAHTERA JAYAPerseroan Terbatas (PT),Website :-Email :-
1252,TRIDAYA SINERGI INDONESIAPerseroan Terbatas (PT),Website :-Email :tridayasinergiindonesia@gmail.com
1253,UNIVERSAL HEALTH NETWORKPerseroan Terbatas (PT),Website :-Email :debby.alfi@sohoglobalhealth.com
1254,BAE ORBIT SENUSANTARAPerseroan Terbatas (PT),Website :-Email :sagita@ptbos.com
1255,LIFEWAVE INTERNASIONAL INDONESIAPerseroan Terbatas (PT),Website :-Email :lifewaveinternasional@gmail.com
1256,MILLIONAIRE GROUP INDONESIAPerseroan Terbatas (PT),Website :-Email :-
1257,SURYA DUTA GREENINDOPerseroan Terbatas (PT),Website :-Email :greenindosuryaduta@gmail.com
1258,HARMONI DINAMIK INDONESIAPerseroan Terbatas (PT),Website :-Email :ratna.putri@hdinetwork.com
1259,SUN HOPE NUTRISIPerseroan Terbatas (PT),Website :-Email :-
1260,IZAUNET BERKAH MANDIRIPerseroan Terbatas (PT),Website :-Email :-
1261,INDO SUPPLY CHAINPerseroan Terbatas (PT),Website :-Email :admin@iscglobe.com
1262,SINERGI REZEKI ANANTAPerseroan Terbatas (PT),Website :-Email :-
1263,SHANNEN GLOBAL INDONESIAPerseroan Terbatas (PT),Website :-Email :shannenglobalofficial@gmail.com
1264,YOUMEI INTERNATIONAL INDONESIAPerseroan Terbatas (PT),Website :-Email :-
1265,TUJUH GUNUNG BERKATPerseroan Terbatas (PT),Website :-Email :-
1266,ZEE LORA GLOBAL INTERNASIONALPerseroan Terbatas (PT),Website :-Email :ptzeeloraglobali@gmail.com
1267,RAZEDO GRUP SUKSESPerseroan Terbatas (PT),Website :-Email :customer.service@razedogroup.com
1268,CAHAYA PRESTASI INDONESIAPerseroan Terbatas (PT),Website :-Email :renianggraeni@tupperware.com
1269,ANUGRAH KINASIH ABADIPerseroan Terbatas (PT),Website :-Email :-
1270,RAJAWALI WIRA BUANA SAKTIPerseroan Terbatas (PT),Website :-Email :-
1271,RAJAWALI WIRA BUANA SAKTIPerseroan Terbatas (PT),Website :-Email :-
1272,HEALTH WEALTH INTERNATIONALPerseroan Terbatas (PT),Website :-Email :-
1273,SINAR SUKSES IMPIANPerseroan Terbatas (PT),Website :-Email :ssisinarsukses@gmail.com
1274,MEDICAL THERAPY INDONESIAPerseroan Terbatas (PT),Website :-Email :-
1275,QUARTIMAS INDOJAYA PERKASAPerseroan Terbatas (PT),Website :-Email :mleonaliza@gmail.com
1276,SINERGI REZEKI ANANTAPerseroan Terbatas (PT),Website :-Email :-
1277,ONE FAMILY INDONESIAPerseroan Terbatas (PT),Website :-Email :-
1278,KANAKA SELARAS NETWORKPerseroan Terbatas (PT),Website :-Email :-
1279,Joy Business InternationalPerseroan Terbatas (PT),Website :-Email :-
1280,TRENINET SENTOSA INTERNASIONALPerseroan Terbatas (PT),Website :-Email :treninet.sentosa.internasional@gmail.com
1281,KAPITAL GLOBAL AKADEMIPerseroan Terbatas (PT),Website :-Email :-
1282,INDO SUPPLY CHAINPerseroan Terbatas (PT),Website :-Email :admin@iscglobe.com
1283,ASIAFARMA INDONESIA RAHARJOPerseroan Terbatas (PT),Website :-Email :-
1284,SINERGI REZEKI ANANTAPerseroan Terbatas (PT),Website :-Email :-
1285,HEKSA MAKMUR JAYAPerseroan Terbatas (PT),Website :-Email :heksa.makmurjaya@gmail.com
1286,YOMARI EKSIS SERENTAKPerseroan Terbatas (PT),Website :-Email :ptyomarieksisserentak@gmail.com
1287,BERKAH EMAS INDONESIAPerseroan Terbatas (PT),Website :-Email :berkahemasindonesia@gmail.com
1288,PM-INTERNATIONAL INDONESIAPerseroan Terbatas (PT),Website :-Email :office@pm-international.co.id
1289,BINTANG PRIMA KARYA BERSAMAPerseroan Terbatas (PT),Website :-Email :-
1290,VAYYA SUKSES ABADIPerseroan Terbatas (PT),Website :-Email :vayyasuksesabadi.pt@gmail.com
1291,SINERGI REZEKI ANANTAPerseroan Terbatas (PT),Website :-Email :-
1292,BANGKIT SUKSES SEJAHTERAPerseroan Terbatas (PT),Website :-Email :ptbangkitsuksessejahtera@gmail.com
1293,VOLTEN INTERNATIONAL INDONESIAPerseroan Terbatas (PT),Website :-Email :-
1294,HIMALAYA INTERNATIONALPerseroan Terbatas (PT),Website :-Email :-
1295,SURYA DUTA GREENINDOPerseroan Terbatas (PT),Website :-Email :greenindosuryaduta@gmail.com
1296,TOTAL MITRA TERBAIKPerseroan Terbatas (PT),Website :-Email :-
1297,NUSA SELARAS INDONESIAPerseroan Terbatas (PT),Website :-Email :andri@nuskin.com
1298,SURYA LIFETIME INTERNASIONALPerseroan Terbatas (PT),Website :-Email :customerservice@itslifetime.com
1299,INDO SUPPLY CHAINPerseroan Terbatas (PT),Website :-Email :admin@iscglobe.com
1300,INTERNASIONAL DIGITAL REVOLUSIPerseroan Terbatas (PT),Website :-Email :-
1301,JAFRA COSMETICS INDONESIAPerseroan Terbatas (PT),Website :-Email :legal@jafra.co.id
1302,TIRTAMAS INDO SENTOSAPerseroan Terbatas (PT),Website :-Email :-
1303,DURASKIN SEJAHTERA INDONESIAPerseroan Terbatas (PT),Website :-Email :-
1304,ORINDO ALAM AYUPerseroan Terbatas (PT),Website :-Email :Dina.Muthia@oriflame.com
1305,ATOMY INDONESIA INCPerseroan Terbatas (PT),Website :-Email :sj_kim@atomy.kr
1306,ZEEOX VIRAL INTERNASIONALPerseroan Terbatas (PT),Website :-Email :info@zeeox.co.id
1307,GEMMA GLOBAL INDONESIAPerseroan Terbatas (PT),Website :-Email :gemmaglobalind@gmail.com
1308,FOREVER HEALTHY INDONESIAPerseroan Terbatas (PT),Website :-Email :ptforeverhealthyindonesia@gmail.com
1309,FOURMI ASHA SEJAHTERAPerseroan Terbatas (PT),Website :-Email :fourmiashasejahtera@gmail.com
1310,INFINY NIAGA ABADIPerseroan Terbatas (PT),Website :-Email :-
1311,INDO SUPPLY CHAINPerseroan Terbatas (PT),Website :-Email :admin@iscglobe.com
1312,TFORCE INDONESIA JAYAPerseroan Terbatas (PT),Website :-Email :pttforceindonesiajaya@gmail.com
1313,SINERGI REZEKI ANANTAPerseroan Terbatas (PT),Website :-Email :-
1314,SIMBIOTIK MULTITALENTA INDONESIAPerseroan Terbatas (PT),Website :-Email :info@ptsmi.id
1315,SINERGI REZEKI ANANTAPerseroan Terbatas (PT),Website :-Email :-
1316,UNICITY INDONESIAPerseroan Terbatas (PT),Website :-Email :ptunicityindonesia@gmail.com
1317,RUBI MAHIRA INDONESIAPerseroan Terbatas (PT),Website :-Email :-
1318,HAFRA SEJAHTERA ABADIPerseroan Terbatas (PT),Website :-Email :-
1319,BIO ENERGI SELARAS ALAMPerseroan Terbatas (PT),Website :-Email :bioenergiselarasalam2@gmail.com
1320,TOGA INTERNATIONAL INDONESIAPerseroan Terbatas (PT),Website :-Email :-
1321,TOGA INTERNATIONAL INDONESIAPerseroan Terbatas (PT),Website :-Email :-
1322,BAYU INSAN GEMILANG PROFITINDOPerseroan Terbatas (PT),Website :-Email :big.profitindo@gmail.com
1323,KLIK DNA MANDIRIPerseroan Terbatas (PT),Website :-Email :hr.gisolution@gmail.com
1324,INFINITI SINERGI INDONESIAPerseroan Terbatas (PT),Website :-Email :-
1325,MITRA ELIT INDONESIAPerseroan Terbatas (PT),Website :-Email :ptmitraelit@gmail.com
1326,TUJUH OPTIMA PERSADAPerseroan Terbatas (PT),Website :-Email :-
1327,BITREXGO SOLUSI PRIMAPerseroan Terbatas (PT),Website :-Email :-
1328,INDOTAMA MITRA MANDIRIPerseroan Terbatas (PT),Website :-Email :-
1329,QN INTERNATIONAL INDONESIAPerseroan Terbatas (PT),Website :-Email :eka.agustin@qnet.net
1330,GARASI INDONESIA MAKMURPerseroan Terbatas (PT),Website :-Email :-
1331,BANGUN ALAM SAMAWAPerseroan Terbatas (PT),Website :-Email :-
1332,JAFRA COSMETICS INDONESIAPerseroan Terbatas (PT),Website :-Email :legal@jafra.co.id
1333,INDO SUPPLY CHAINPerseroan Terbatas (PT),Website :-Email :admin@iscglobe.com
1334,TRUST GLOBAL KARYAPerseroan Terbatas (PT),Website :-Email :Vblasteducation@gmail.com
1335,PHHP PEMASARAN INDONESIAPerseroan Terbatas (PT),Website :-Email :registrasi@phhp.co.id
1336,JOKAM SEMBILAN SEMBILANPerseroan Terbatas (PT),Website :-Email :-
1337,I LINK AGE INTERNATIONAL INDONESIAPerseroan Terbatas (PT),Website :-Email :info.id@nutric.com
1338,KIENS KAPUPON INTERNASIONALPerseroan Terbatas (PT),Website :-Email :-
1339,YOO SAI HIROPerseroan Terbatas (PT),Website :-Email :yoosaihiro@gmail.com
1340,FOHOWAY INTERNATIONAL INDONESIAPerseroan Terbatas (PT),Website :-Email :-
1341,GLOBAL TREN INDONESIAPerseroan Terbatas (PT),Website :-Email :globaltrenindonesia@gmail.com
1342,LP GLOBAL NETWORKPerseroan Terbatas (PT),Website :-Email :-
1343,SUN CENTURY NUSANTARAPerseroan Terbatas (PT),Website :-Email :-
1344,EMAS KONEKSI NUSANTARAPerseroan Terbatas (PT),Website :-Email :-
1345,SHANNEN GLOBAL INDONESIAPerseroan Terbatas (PT),Website :-Email :shannenglobalofficial@gmail.com
1346,CENTRAL JAVA DAYA WIGUNA INDONESIAPerseroan Terbatas (PT),Website :-Email :hrd@cjdwnetwork.com
1347,ALMEGA MANDIRI INDONESIAPerseroan Terbatas (PT),Website :-Email :almega.id@gmail.com
1348,CAKRA ARTHA SENTOSAPerseroan Terbatas (PT),Website :-Email :-
1349,H&E DERMATECH INDONESIAPerseroan Terbatas (PT),Website :-Email :eastcopasific@gmail.com
1350,SHAKLEE INDONESIAPerseroan Terbatas (PT),Website :-Email :-
1351,SHAKLEE INDONESIAPerseroan Terbatas (PT),Website :-Email :-
1352,WIRA INDONESIA BERSAMAPerseroan Terbatas (PT),Website :-Email :-
1353,TAN TAN INDONESIAPerseroan Terbatas (PT),Website :-Email :legal.tantanindonesia@gmail.com
1354,SUN CENTURY NUSANTARAPerseroan Terbatas (PT),Website :-Email :-
1355,ASTANA MULTI ARTAPerseroan Terbatas (PT),Website :-Email :astanamultiarta@gmail.com
1356,ATOMY INDONESIA INCPerseroan Terbatas (PT),Website :-Email :sj_kim@atomy.kr
1357,INDO SUPPLY CHAINPerseroan Terbatas (PT),Website :-Email :admin@iscglobe.com
1358,ATOMY INDONESIA INCPerseroan Terbatas (PT),Website :-Email :sj_kim@atomy.kr
1359,Inmall Jaringan IndonesiaPerseroan Terbatas (PT),Website :-Email :-
1360,DIAN MEGAH INDO PERKASAPerseroan Terbatas (PT),Website :-Email :info@twintulipware.com
1361,HIJRAH MULIA SEJAHTERAPerseroan Terbatas (PT),Website :-Email :-
1362,UNICITY INDONESIAPerseroan Terbatas (PT),Website :-Email :ptunicityindonesia@gmail.com
1363,MILLIONAIRE GROUP INDONESIAPerseroan Terbatas (PT),Website :-Email :-
1364,GEMILANG CITRUS BERJAYAPerseroan Terbatas (PT),Website :-Email :gusbiz9@gmail.com
1365,NEW IMAGE HEALTH SCIENCESPerseroan Terbatas (PT),Website :-Email :-
1366,GANESHA PUTRA INDONESIAPerseroan Terbatas (PT),Website :-Email :-
1367,IVO ARTALINE INDONESIAPerseroan Terbatas (PT),Website :-Email :-
1368,PRIMA FORUMPerseroan Terbatas (PT),Website :-Email :-
1369,GLOBAL TREN INDONESIAPerseroan Terbatas (PT),Website :-Email :globaltrenindonesia@gmail.com
1370,INDO SUPPLY CHAINPerseroan Terbatas (PT),Website :-Email :admin@iscglobe.com
1371,UNICITY INDONESIAPerseroan Terbatas (PT),Website :-Email :ptunicityindonesia@gmail.com
1372,BIO ORGANIK NUSANTARAPerseroan Terbatas (PT),Website :-Email :legal@biogreenscience.com
1373,ZEE LORA GLOBAL INTERNASIONALPerseroan Terbatas (PT),Website :-Email :ptzeeloraglobali@gmail.com
1374,VISIONEA TEKNOLOGI PERKASAPerseroan Terbatas (PT),Website :-Email :visioneateknologiperkasa@yahoo.com
1375,HAI-O INDONESIAPerseroan Terbatas (PT),Website :-Email :-
1376,GCOOP GLOBAL INDONESIAPerseroan Terbatas (PT),Website :-Email :gcindonesia@gcoop.com
1377,RX INTERNATIONALPerseroan Terbatas (PT),Website :-Email :-
1378,SUKSES NUSANTARA SAKTI DUA PULUH SATU INTERNASIONALPerseroan Terbatas (PT),Website :-Email :ptsns21@gmail.com
1379,NCPLUS SOLUSI RAPTAMAPerseroan Terbatas (PT),Website :-Email :ncplusindonesia@gmail.com
1380,JANITRA JAYA MULIAPerseroan Terbatas (PT),Website :-Email :-
1381,4LIFE INDONESIA TRADINGPerseroan Terbatas (PT),Website :-Email :-
1382,GAMENET PRIMA INDONESIAPerseroan Terbatas (PT),Website :-Email :gamenetprima@gmail.com
1383,MILLIONAIRE GROUP INDONESIAPerseroan Terbatas (PT),Website :-Email :-
1384,KIENS KAPUPON INTERNASIONALPerseroan Terbatas (PT),Website :-Email :-
1385,SRIKANDHI JAYATAMA INDONESIAPerseroan Terbatas (PT),Website :-Email :srikandhijayatamaindonesia@gmail.com
1386,INDO SUPPLY CHAINPerseroan Terbatas (PT),Website :-Email :admin@iscglobe.com
1387,AURA MITRA REJEKIPerseroan Terbatas (PT),Website :-Email :-
1388,YOMARI EKSIS SERENTAKPerseroan Terbatas (PT),Website :-Email :ptyomarieksisserentak@gmail.com
1389,DEZ ABADI BERKAHPerseroan Terbatas (PT),Website :-Email :dezabadi@gmail.com
1390,SIRKUIT SAMMIN INDONESIAPerseroan Terbatas (PT),Website :-Email :-
1391,APLIKASI BISNIS DIGITAL INDONESIAPerseroan Terbatas (PT),Website :-Email :-
1392,UNIVERSAL HEALTH NETWORKPerseroan Terbatas (PT),Website :-Email :debby.alfi@sohoglobalhealth.com
1393,TRENINET SENTOSA INTERNASIONALPerseroan Terbatas (PT),Website :-Email :treninet.sentosa.internasional@gmail.com
1394,YOO SAI HIROPerseroan Terbatas (PT),Website :-Email :yoosaihiro@gmail.com
1395,ENLOGY JAYA ANGGAPerseroan Terbatas (PT),Website :-Email :-
1396,DUTA AMANAH IKHSANPerseroan Terbatas (PT),Website :-Email :-
1397,DXPLOR DUTA MEDIAPerseroan Terbatas (PT),Website :-Email :-
1398,INDO SUPPLY CHAINPerseroan Terbatas (PT),Website :-Email :admin@iscglobe.com
1399,RAJAWALI CIPTA JAYAPerseroan Terbatas (PT),Website :-Email :-
1400,ADHIGAIA MANDIRI PERKASAPerseroan Terbatas (PT),Website :-Email :-
1401,RAJAWALI CIPTA JAYAPerseroan Terbatas (PT),Website :-Email :-
1402,ADHIGAIA MANDIRI PERKASAPerseroan Terbatas (PT),Website :-Email :-
1403,MITRA ELIT INDONESIAPerseroan Terbatas (PT),Website :-Email :ptmitraelit@gmail.com
1404,ACCELERATING BUSINESS EMINENCEPerseroan Terbatas (PT),Website :-Email :-
1405,HERBAL AGRO INDUSTRI INDONESIAPerseroan Terbatas (PT),Website :-Email :-
1406,NATURA PRIMA BEAUTYPerseroan Terbatas (PT),Website :-Email :naturaworld.official@gmail.com
1407,MAHKOTA SUKSES INDONESIAPerseroan Terbatas (PT),Website :-Email :mahkotaindonesia.official@gmail.com
1408,JMOA INDONESIA INTERNASIONALPerseroan Terbatas (PT),Website :-Email :pmljmoa@gmail.com
1409,ZOJUN INTERNATIONAL ECOMMERCE TECHNOLOGY INDONESIAPerseroan Terbatas (PT),Website :-Email :-
1410,NUSA SELARAS INDONESIAPerseroan Terbatas (PT),Website :-Email :andri@nuskin.com
1411,GLOBAL GEMILANG SEHAT SEJAHTERAPerseroan Terbatas (PT),Website :-Email :-
1412,BAE ORBIT SENUSANTARAPerseroan Terbatas (PT),Website :-Email :sagita@ptbos.com
1413,YOO SAI HIROPerseroan Terbatas (PT),Website :-Email :yoosaihiro@gmail.com
1414,KING GAHARU NATURALINDOPerseroan Terbatas (PT),Website :-Email :gaharunat@gmail.com
1415,JAZEERA INTI SUKSESPerseroan Terbatas (PT),Website :-Email :-
1416,HEALTHY WAY WORLDWIDEPerseroan Terbatas (PT),Website :-Email :-
1417,BAOMAN INTERNASIONAL INDONESIAPerseroan Terbatas (PT),Website :-Email :aaagreencellintre@gmail.com
1418,YOUMEI INTERNATIONAL INDONESIAPerseroan Terbatas (PT),Website :-Email :-
1419,ORBIT SEMBILAN SEMBILANPerseroan Terbatas (PT),Website :-Email :orbit99group@gmail.com
1420,SUN HOPE NUTRISIPerseroan Terbatas (PT),Website :-Email :-
1421,BRILIAN NUSANTARA MANDIRIPerseroan Terbatas (PT),Website :-Email :bliuntungyes@gmail.com
1422,EXISTARAYA RESTU BUMIMASPerseroan Terbatas (PT),Website :-Email :exista.adm@gmail.com
1423,K-LINK NUSANTARAPerseroan Terbatas (PT),Website :-Email :mitrapendidikanind@gmail.com
1424,BANDUNG ECO SINERGI TEKNOLOGIPerseroan Terbatas (PT),Website :-Email :official.sinergyworld@gmail.com
1425,HONG RUIPerseroan Terbatas (PT),Website :-Email :chris.indo@yahoo.co.id
1426,TRIDAYA REKATAMA JAYAPerseroan Terbatas (PT),Website :-Email :-
1427,RAZEDO GRUP SUKSESPerseroan Terbatas (PT),Website :-Email :customer.service@razedogroup.com
1428,INDO SUPPLY CHAINPerseroan Terbatas (PT),Website :-Email :admin@iscglobe.com
1429,SIRKUIT SAMMIN INDONESIAPerseroan Terbatas (PT),Website :-Email :-
1430,VARASH SADDAN NUSANTARAPerseroan Terbatas (PT),Website :-Email :-
1431,INDO SUPPLY CHAINPerseroan Terbatas (PT),Website :-Email :admin@iscglobe.com
1432,KARYA CEMERLANG SEHAT SEJAHTERAPerseroan Terbatas (PT),Website :-Email :-
1433,YOUNG LIVING INDONESIAPerseroan Terbatas (PT),Website :-Email :kwinda@youngliving.com
1434,CATUR KENCANA MANAJEMENPerseroan Terbatas (PT),Website :-Email :ptcaturkencanamanajemen@gmail.com
1435,RAJA WALET INDONESIAPerseroan Terbatas (PT),Website :-Email :blackwaletpusat@gmail.com
1436,AYO KITA BERDIKARIPerseroan Terbatas (PT),Website :-Email :kota.hadiah2021@gmail.com
1437,PENAWAR LEGENDA MAJUPerseroan Terbatas (PT),Website :-Email :-
1438,H&E DERMATECH INDONESIAPerseroan Terbatas (PT),Website :-Email :eastcopasific@gmail.com
1439,TRENINET SENTOSA INTERNASIONALPerseroan Terbatas (PT),Website :-Email :treninet.sentosa.internasional@gmail.com
1440,GEMILANG CITRUS BERJAYAPerseroan Terbatas (PT),Website :-Email :gusbiz9@gmail.com
1441,HSIN TEN INDONESIAPerseroan Terbatas (PT),Website :-Email :-
1442,CAHAYA PRESTASI INDONESIAPerseroan Terbatas (PT),Website :-Email :renianggraeni@tupperware.com
1443,SHANNEN GLOBAL INDONESIAPerseroan Terbatas (PT),Website :-Email :shannenglobalofficial@gmail.com
1444,SURYA LIFETIME INTERNASIONALPerseroan Terbatas (PT),Website :-Email :customerservice@itslifetime.com
1445,INDO SUPPLY CHAINPerseroan Terbatas (PT),Website :-Email :admin@iscglobe.com
1446,STARLA SUKSES SEJAHTERAPerseroan Terbatas (PT),Website :-Email :-
1447,SINERGI REZEKI ANANTAPerseroan Terbatas (PT),Website :-Email :-
1448,JOICENELL TECHNOLOGY LLCPerseroan Terbatas (PT),Website :-Email :-
1449,AGOGO MUSTIKA INDONESIAPerseroan Terbatas (PT),Website :-Email :-
1450,USANA HEALTH SCIENCES INDONESIAPerseroan Terbatas (PT),Website :-Email :tiffani.victoria@usanainc.com
1451,INDONESIA AMANAH MANDIRIPerseroan Terbatas (PT),Website :-Email :-
1452,ALFA SEHAT INDONESIAPerseroan Terbatas (PT),Website :-Email :rar.alfasehat@gmail.com
1453,SIMBIOTIK MULTITALENTA INDONESIAPerseroan Terbatas (PT),Website :-Email :info@ptsmi.id
1454,MAKIN JAYA AGUNGPerseroan Terbatas (PT),Website :-Email :makinjayaagung17@gmail.com
1455,DHANA MANDALA UTTAMAPerseroan Terbatas (PT),Website :-Email :-
1456,BORNEO CITRAKOSMETIK INDONESIAPerseroan Terbatas (PT),Website :-Email :-
1457,BERLIAN BERKAH NUSANTARAPerseroan Terbatas (PT),Website :-Email :-
1458,TST RICHING INDONESIAPerseroan Terbatas (PT),Website :-Email :-
1459,AVAIL ELOK INDONESIAPerseroan Terbatas (PT),Website :-Email :ptavail.oss@gmail.com
1460,SAYEN GLOBAL INDONESIAPerseroan Terbatas (PT),Website :-Email :sayenglobal2022@gmail.com
1461,HEALTH WEALTH INTERNATIONALPerseroan Terbatas (PT),Website :-Email :-
1462,SEJAHTERA ANUGERAH PRATAMAPerseroan Terbatas (PT),Website :-Email :info@sejahterapratama.id
1463,MULTI VIRAL PERKASAPerseroan Terbatas (PT),Website :-Email :-
1464,NATURALLY PLUS INDONESIAPerseroan Terbatas (PT),Website :-Email :aida@naturally-plus.co.id
1465,BIO ENERGI SELARAS ALAMPerseroan Terbatas (PT),Website :-Email :bioenergiselarasalam2@gmail.com
1466,Joy Business InternationalPerseroan Terbatas (PT),Website :-Email :-
1467,ELKEN GLOBAL INDONESIAPerseroan Terbatas (PT),Website :-Email :lisma@elken.com
1468,KK INDONESIAPerseroan Terbatas (PT),Website :-Email :-
1469,JEUNESSE GLOBALPerseroan Terbatas (PT),Website :-Email :-
1470,ORBIT KARISMA ELITEPerseroan Terbatas (PT),Website :-Email :targetorbitlegal@gmail.com
1471,CAHAYA PRESTASI INDONESIAPerseroan Terbatas (PT),Website :-Email :renianggraeni@tupperware.com
1472,GAMENET PRIMA INDONESIAPerseroan Terbatas (PT),Website :-Email :gamenetprima@gmail.com
1473,INDONESIA WIJAYA SEJAHTERA GLOBAL ASIAPerseroan Terbatas (PT),Website :-Email :unitediws71@gmail.com
1474,DXPLOR DUTA MEDIAPerseroan Terbatas (PT),Website :-Email :-
1475,MC OCEAN GLOBALPerseroan Terbatas (PT),Website :-Email :-
1476,USANA HEALTH SCIENCES INDONESIAPerseroan Terbatas (PT),Website :-Email :tiffani.victoria@usanainc.com
1477,SURYA LIFETIME INTERNASIONALPerseroan Terbatas (PT),Website :-Email :customerservice@itslifetime.com
1478,AM LIFE INTERNATIONALPerseroan Terbatas (PT),Website :-Email :ptamlife@amlife2u.com
1479,INDO SUPPLY CHAINPerseroan Terbatas (PT),Website :-Email :admin@iscglobe.com
1480,GANESHA PUTRA INDONESIAPerseroan Terbatas (PT),Website :-Email :-
1481,INDO SUPPLY CHAINPerseroan Terbatas (PT),Website :-Email :admin@iscglobe.com
1482,GANESHA PUTRA INDONESIAPerseroan Terbatas (PT),Website :-Email :-
1483,ZEE LORA GLOBAL INTERNASIONALPerseroan Terbatas (PT),Website :-Email :ptzeeloraglobali@gmail.com
1484,REVELL INDONESIAPerseroan Terbatas (PT),Website :-Email :-
1485,KIENS KAPUPON INTERNASIONALPerseroan Terbatas (PT),Website :-Email :-
1486,MAESTRO NETWORK INTERNASIONALPerseroan Terbatas (PT),Website :-Email :-
1487,Unionfam Azaria BerjayaPerseroan Terbatas (PT),Website :-Email :-
1488,GLUTERA INDONESIAPerseroan Terbatas (PT),Website :-Email :naningyusuf@yahoo.com
1489,BINTANG AGNETA INDONESIAPerseroan Terbatas (PT),Website :-Email :-
1490,HETONES JAYA ABADIPerseroan Terbatas (PT),Website :-Email :-
1491,HETONES JAYA ABADIPerseroan Terbatas (PT),Website :-Email :-
1492,ZHIFAM GLOBAL MANDIRIPerseroan Terbatas (PT),Website :-Email :-
1493,UNIVERSAL HEALTH NETWORKPerseroan Terbatas (PT),Website :-Email :debby.alfi@sohoglobalhealth.com
1494,RENER INTI INTERNASIONALPerseroan Terbatas (PT),Website :-Email :nasirindonesia99@gmail.com
1495,SHANNEN GLOBAL INDONESIAPerseroan Terbatas (PT),Website :-Email :shannenglobalofficial@gmail.com
1496,SINERGI REZEKI ANANTAPerseroan Terbatas (PT),Website :-Email :-
1497,LONGRICH BIOSCIENCE INDONESIAPerseroan Terbatas (PT),Website :-Email :-
1498,PASIFIK INDO SUKSESPerseroan Terbatas (PT),Website :-Email :-
1499,GLOBAL TREN INDONESIAPerseroan Terbatas (PT),Website :-Email :globaltrenindonesia@gmail.com
1500,MULIA NUSA INDONESIAPerseroan Terbatas (PT),Website :-Email :mulianusaindonesia@gmail.com
1501,MULIA NUSA INDONESIAPerseroan Terbatas (PT),Website :-Email :mulianusaindonesia@gmail.com
1502,RESTU SUKSES INDONESIAPerseroan Terbatas (PT),Website :-Email :restusuksesindonesia@yahoo.com
1503,ARMINAREKA PHARMASIA PRATAMAPerseroan Terbatas (PT),Website :-Email :ARMINAREKA.PHARMASIA@gmail.com
1504,SOLUSI TEPAT ATASI RINTANGANPerseroan Terbatas (PT),Website :-Email :-
1505,KAPITAL GLOBAL AKADEMIPerseroan Terbatas (PT),Website :-Email :-
1506,RF3 WORLD INDONESIAPerseroan Terbatas (PT),Website :-Email :-
1507,GREENLEAF INTERNATIONAL INDONESIAPerseroan Terbatas (PT),Website :-Email :-
1508,JAZEERA INTI SUKSESPerseroan Terbatas (PT),Website :-Email :-
1509,CENTRAL POINT INTERNASIONALPerseroan Terbatas (PT),Website :-Email :-
1510,MAGIC LIFE INDONESIAPerseroan Terbatas (PT),Website :-Email :-
1511,LP GLOBAL NETWORKPerseroan Terbatas (PT),Website :-Email :-
1512,LUXOR INDONESIAPerseroan Terbatas (PT),Website :-Email :-
1513,RUAN INDAH INDONESIAPerseroan Terbatas (PT),Website :-Email :ruanindahindonesia@gmail.com
1514,BITREXGO SOLUSI PRIMAPerseroan Terbatas (PT),Website :-Email :-
1515,USANA HEALTH SCIENCES INDONESIAPerseroan Terbatas (PT),Website :-Email :tiffani.victoria@usanainc.com
1516,INFINESSE SEMPURNA ABADIPerseroan Terbatas (PT),Website :-Email :-
1517,ANAK BANGSA BERSATUPerseroan Terbatas (PT),Website :-Email :-
1518,MPG NETWORK WORLDWIDEPerseroan Terbatas (PT),Website :-Email :chorhung@m-plan.com.my
1519,DJAYA SEJAHTERA NUSANTARAPerseroan Terbatas (PT),Website :-Email :-
1520,PENJUALAN LANGSUNG SEJAHTERAPerseroan Terbatas (PT),Website :-Email :-
1521,TRIPEL ORGANIK INTERNASIONALPerseroan Terbatas (PT),Website :-Email :-
1522,PROZANT SEJAHTERA INDONESIAPerseroan Terbatas (PT),Website :-Email :Infoprozant@gmail.com
1523,HOUSE OF PRINCESSPerseroan Terbatas (PT),Website :-Email :ratnawisarta@gmail.com
1524,ANUGRAH BERSAMA PERKASAPerseroan Terbatas (PT),Website :-Email :-
1525,INFINY NIAGA ABADIPerseroan Terbatas (PT),Website :-Email :-
1526,KYANI INDONESIA SEJAHTERAPerseroan Terbatas (PT),Website :-Email :asan@kyanicorp.com
1527,Joy Business InternationalPerseroan Terbatas (PT),Website :-Email :-
1528,SENTRAL SEHAT SEJAHTERAPerseroan Terbatas (PT),Website :-Email :-
1529,H&E DERMATECH INDONESIAPerseroan Terbatas (PT),Website :-Email :eastcopasific@gmail.com
1530,COWAY INTERNATIONAL INDONESIAPerseroan Terbatas (PT),Website :-Email :indonesiacoway@hotmail.com
1531,ASTANA MULTI ARTAPerseroan Terbatas (PT),Website :-Email :astanamultiarta@gmail.com
1532,AMINDOWAY JAYAPerseroan Terbatas (PT),Website :-Email :andry.yudistira@amway.com
1533,NEW IMAGE HEALTH SCIENCESPerseroan Terbatas (PT),Website :-Email :-
1534,INDO SEJAHTERA JAYAPerseroan Terbatas (PT),Website :-Email :-
1535,PERFECT NUSANTARAPerseroan Terbatas (PT),Website :-Email :-
1536,KARYA CEMERLANG SEHAT SEJAHTERAPerseroan Terbatas (PT),Website :-Email :-
1537,ALTRA MULTI SUKSESPerseroan Terbatas (PT),Website :-Email :-
1538,VASAYO LLC INDONESIAPerseroan Terbatas (PT),Website :-Email :-
1539,PANSAKY BERDIKARI BERSAMAPerseroan Terbatas (PT),Website :-Email :ptpansakyberdikari@gmail.com
1540,ATOMY INDONESIA INCPerseroan Terbatas (PT),Website :-Email :sj_kim@atomy.kr
1541,PANSAKY BERDIKARI BERSAMAPerseroan Terbatas (PT),Website :-Email :ptpansakyberdikari@gmail.com
1542,SEJAHTERA EKONOMI MAKMURPerseroan Terbatas (PT),Website :-Email :-
1543,SENTRAL SEHAT SEJAHTERAPerseroan Terbatas (PT),Website :-Email :-
1544,CLASSIC WORLDWIDE INTERNATIONAL GROUPPerseroan Terbatas (PT),Website :-Email :-
1545,MEGA GLORYOUNG INTERNATIONALPerseroan Terbatas (PT),Website :-Email :mgiclubglory@gmail.com
1546,SRIKANDHI JAYATAMA INDONESIAPerseroan Terbatas (PT),Website :-Email :srikandhijayatamaindonesia@gmail.com
1547,UNICITY INDONESIAPerseroan Terbatas (PT),Website :-Email :ptunicityindonesia@gmail.com
1548,GAV PUTRA MANDIRIPerseroan Terbatas (PT),Website :-Email :-
1549,CAHAYA PRESTASI INDONESIAPerseroan Terbatas (PT),Website :-Email :renianggraeni@tupperware.com
1550,NIWI INTERNASIONAL INDONESIAPerseroan Terbatas (PT),Website :-Email :-
1551,ORBIT SEMBILAN SEMBILANPerseroan Terbatas (PT),Website :-Email :orbit99group@gmail.com
1552,BINA INSANUSAHA NUSANTARAPerseroan Terbatas (PT),Website :-Email :-
1553,BANDUNG ECO SINERGI TEKNOLOGIPerseroan Terbatas (PT),Website :-Email :official.sinergyworld@gmail.com
1554,NORLAND GLOBAL INDONESIAPerseroan Terbatas (PT),Website :-Email :-
1555,CANAI INDONESIA INTERNATIONALPerseroan Terbatas (PT),Website :-Email :-
1556,VICTORI LINTAS ELEKTRAPerseroan Terbatas (PT),Website :-Email :-
1557,SARANA MITRA NIAGAPerseroan Terbatas (PT),Website :-Email :-
1558,RLEGACY INDO JAYAPerseroan Terbatas (PT),Website :-Email :-
1559,EKSTREM ANUGERAH INDONESIAPerseroan Terbatas (PT),Website :-Email :-
1560,DJAYA SEJAHTERA NUSANTARAPerseroan Terbatas (PT),Website :-Email :-
1561,LAMARIZK ABADI JAYAPerseroan Terbatas (PT),Website :-Email :-
1562,ELOKET SUKSES ABADIPerseroan Terbatas (PT),Website :-Email :-
1563,FAJAR FUTURA FORTUNAPerseroan Terbatas (PT),Website :-Email :-
1564,DUTA ELOK PERSADAPerseroan Terbatas (PT),Website :-Email :elizabeth@skinhealthsystem.com
1565,NUSA SELARAS INDONESIAPerseroan Terbatas (PT),Website :-Email :andri@nuskin.com
1566,BINTANG INDONESIA SEJAHTERA ABADIPerseroan Terbatas (PT),Website :-Email :-
1567,KARUNIA BERJAYA SELAMANYAPerseroan Terbatas (PT),Website :-Email :prast.hrd@gmail.com
1568,PELABUHAN TERAKHIR LANGGENG SEJAHTERAPerseroan Terbatas (PT),Website :-Email :-
1569,DOBEL NETWORK INTERNASIONALPerseroan Terbatas (PT),Website :-Email :dobelnetwork@gmail.com
1570,BIOVITAL VICTORIA INDONESIAPerseroan Terbatas (PT),Website :-Email :biovital@biovital.co.id
1571,BIOVITAL VICTORIA INDONESIAPerseroan Terbatas (PT),Website :-Email :biovital@biovital.co.id
1572,JANITRA JAYA MULIAPerseroan Terbatas (PT),Website :-Email :-
1573,QUAN JIAN INDONESIA NATURAL MEDICINEPerseroan Terbatas (PT),Website :-Email :-
1574,KENANGA LAUTAN HARTAPerseroan Terbatas (PT),Website :-Email :-
1575,RAIH USAHA BERKAH INDONESIAPerseroan Terbatas (PT),Website :-Email :-
1576,HERBAL EQUIVA INTERNASIONALPerseroan Terbatas (PT),Website :-Email :-
1577,RIWAY INTERNATIONALPerseroan Terbatas (PT),Website :-Email :-
1578,WINALITE ASIA JAYAPerseroan Terbatas (PT),Website :-Email :-
1579,BELLAVITA GROUP INDONESIAPerseroan Terbatas (PT),Website :-Email :-
1580,MAGIC LIFE INDONESIAPerseroan Terbatas (PT),Website :-Email :-
1581,JMOA INDONESIA INTERNASIONALPerseroan Terbatas (PT),Website :-Email :pmljmoa@gmail.com
1582,JMOA INDONESIA INTERNASIONALPerseroan Terbatas (PT),Website :-Email :pmljmoa@gmail.com
1583,KYANI INDONESIA SEJAHTERAPerseroan Terbatas (PT),Website :-Email :asan@kyanicorp.com
1584,MUSTIKA GEMILANG INDAH PERSADAPerseroan Terbatas (PT),Website :-Email :-
1585,DILAM NATUR ABADIPerseroan Terbatas (PT),Website :-Email :djajadilam@gmail.com
1586,NEX SUKSES GLOBALPerseroan Terbatas (PT),Website :-Email :-
1587,TAN TAN INDONESIAPerseroan Terbatas (PT),Website :-Email :legal.tantanindonesia@gmail.com
1588,USANA HEALTH SCIENCES INDONESIAPerseroan Terbatas (PT),Website :-Email :tiffani.victoria@usanainc.com
1589,COMPRO KOTAK INOVASIPerseroan Terbatas (PT),Website :-Email :-
1590,FORGEWINNER INDONESIA SEJAHTERAPerseroan Terbatas (PT),Website :-Email :-
1591,FORGEWINNER INDONESIA SEJAHTERAPerseroan Terbatas (PT),Website :-Email :-
1592,JAFRA COSMETICS INDONESIAPerseroan Terbatas (PT),Website :-Email :legal@jafra.co.id
1593,Joy Business InternationalPerseroan Terbatas (PT),Website :-Email :-
1594,TALK FUSION INDONESIAPerseroan Terbatas (PT),Website :-Email :-
1595,KHARISMA INDONESIA SUKSES SEJAHTERAPerseroan Terbatas (PT),Website :-Email :-
1596,MITRA ERAT INDONESIAPerseroan Terbatas (PT),Website :-Email :-
1597,SUKSES INTEGRITAS PERKASAPerseroan Terbatas (PT),Website :-Email :rm@sipindonesia.com
1598,PILMICO FOODS INDONESIAPerseroan Terbatas (PT),Website :-Email :petugas.siptpdn@gmail.com
1599,PILMICO FOODS INDONESIAPerorangan,Website :-Email :petugas.siptpdn@gmail.com
1600,DJAYA SEJAHTERA NUSANTARAPerseroan Terbatas (PT),Website :-Email :-
1601,Inmall Jaringan IndonesiaPerseroan Terbatas (PT),Website :-Email :-
1602,DJAYA SEJAHTERA NUSANTARAPerseroan Terbatas (PT),Website :-Email :-
1603,Joy Business InternationalPerseroan Terbatas (PT),Website :-Email :-
1604,MORINDA INDEPENDENPerseroan Terbatas (PT),Website :-Email :-
