No,Nama Perusahaan,Detail Perusahaan
1,ROKOK HERBAL DINAMIKA KREASIPerseroan Terbatas (PT),Website :www.rokokherbaldk.comEmail :rhdkreasi@gmail.com
2,LEAFHEA INTERNATIONAL NETWORKPerseroan Terbatas (PT),Website :www.leafhea.comEmail :leafheaofficial@gmail.com
3,GLASSTO INTER NATIONALPerseroan Terbatas (PT),Website :https://www.glassto.id/Email :glassto.international@gmail.com
4,AIIVISION INTERNASIONAL INDONESIAPerseroan Terbatas (PT),Website :www.aiivision.co.idEmail :ptaiivision@gmail.com
5,ELYSYLE COSMO INDONESIAPerseroan Terbatas (PT),Website :www.elysyle.co.idEmail :legal@elysyle.co.id
6,IZAUNET BERKAH MANDIRIPerseroan Terbatas (PT),Website :www.izaunet.comEmail :cs_izaura@yahoo.co.id
7,LEAMOR INTI NUSANTARAPerseroan Terbatas (PT),Website :https://calestraofficial.comEmail :leamorintinusantara@gmail.com
8,BIOKAYA ESTETIKA LABPerseroan Terbatas (PT),Website :www.biokaya.comEmail :biokaya.lab@gmail.com
9,NYRTEA BEAUTIKA NUSANTARAPerseroan Terbatas (PT),Website :www.nyrteanusantara.comEmail :nyrtea.nusantara@gmail.com
10,EMAS KARYA ABADIPerseroan Terbatas (PT),Website :momapan.idEmail :masduit@masduit.com
11,EMAS KARYA ABADIPerseroan Terbatas (PT),Website :momapan.idEmail :masduit@masduit.com
12,BERSAMA LEBIH SEMANGAT SEJAHTERAPerseroan Terbatas (PT),Website :www.squad.co.idEmail :squadbless.id@gmail.com
13,AMINDOWAY JAYAPerseroan Terbatas (PT),Website :https://www.amway.id/id/Email :amwayindonesia.bcr.legal@amway.com
14,ACCELERATING BUSINESS EMINENCEPerseroan Terbatas (PT),Website :Abe-global.comEmail :marketing@abe.id
15,JIFU INTER GLOBALPerseroan Terbatas (PT),Website :id.jifu.comEmail :jifuinterglobal@gmail.com
16,THRIVE INTER NATIONALPerseroan Terbatas (PT),Website :https://eazim.id/Email :ptthriveinternational@gmail.com
17,GRIYO MORO INTERNATIONALPerseroan Terbatas (PT),Website :www.griyomorointernational.comEmail :pt.griyomorointernational@gmail.com
18,JIFU INTER GLOBALPerseroan Terbatas (PT),Website :id.jifu.comEmail :jifuinterglobal@gmail.com
19,CINTA ANUGRAH PERSADAPerseroan Terbatas (PT),Website :www.superblessing.co.idEmail :cintaanugrahpersada@gmail.com
20,GRIYO MORO INDONESIAPerseroan Terbatas (PT),Website :www.klikgmind.comEmail :griyomoroindonesia@gmail.com
21,SYAM SHARIFAH INDONESIAPerseroan Terbatas (PT),Website :www.ssi25.comEmail :honey_alkaff@yahoo.com
22,BIOKAYA ESTETIKA LABPerseroan Terbatas (PT),Website :www.biokaya.comEmail :biokaya.lab@gmail.com
23,OLYLIFE INTERNATIONAL INDONESIAPerseroan Terbatas (PT),Website :https://olylifeindonesia.co.idEmail :olylifeinternational@gmail.com
24,BERNIAGA GEMILANG NUSANTARAPerseroan Terbatas (PT),Website :bgncorp.idEmail :ptberniagagemilangnusantara@gmail.com
25,HERBATECH MAHAKARYA INDONESIAPerseroan Terbatas (PT),Website :https://yokinamember.com/member/login.phpEmail :info.herbatceh@gmail.com
26,MEGA GLORYOUNG INTERNATIONALPerseroan Terbatas (PT),Website :www.mgiclub.comEmail :mgiclubglory@gmail.com
27,ROYAL BOSS STARPerseroan Terbatas (PT),Website :www.id-rbs.comEmail :royalboss.star@gmail.com
28,JAGAD PESONA BUANAPerseroan Terbatas (PT),Website :www.jpbuana.comEmail :ceojpbuana@jpbuana.com
29,MITRA JAYA NETWORKPerseroan Terbatas (PT),Website :www.mitrajayanetwork.comEmail :mitrajayanetwork@gmail.com
30,HARMONI DINAMIK INDONESIAPerseroan Terbatas (PT),Website :https://www.hdistore.com/Email :corporate@hdinetwork.com
31,EVERYS LIFE SUCCESSPerseroan Terbatas (PT),Website :www.everyslife.comEmail :everyslifesuccess@gmail.com
32,MAGIC LIFE GLOBALPerseroan Terbatas (PT),Website :magiclife.co.idEmail :ptmagiclifeglobal@gmail.com
33,GOLDEN DAYS INDONESIAPerseroan Terbatas (PT),Website :goldendaysindonesia.comEmail :Goldendaysindonesia@gmail.com
34,USANA HEALTH SCIENCES INDONESIAPerseroan Terbatas (PT),Website :www.usana.comEmail :tiffani.victoria@usanainc.com
35,DAYNET ANUGERAH INDONESIAPerseroan Terbatas (PT),Website :daynet.idEmail :daynetanugerahindonesia@gmail.com
36,THUR SINA LANGGENGPerseroan Terbatas (PT),Website :www.thursinalanggeng.comEmail :langgengthursina@gmail.com
37,HEALTH WEALTH INTERNATIONALPerseroan Terbatas (PT),Website :https://www.healthwealthint.comEmail :realmailhwi@gmail.com
38,REVOOBIT INTERNATIONAL INDONESIAPerseroan Terbatas (PT),Website :www.revoobit.my.idEmail :revoobitindonesiapt@gmail.com
39,KINO TEKNOLOGI NUSANTARAPerseroan Terbatas (PT),Website :ktnusantara.co.idEmail :kinoteknologinusantara@gmail.com
40,IONAYA OPTIMA NATURAPerseroan Terbatas (PT),Website :www.ionaya.comEmail :ionayaoptimanatura@gmail.com
41,IONAYA OPTIMA NATURAPerseroan Terbatas (PT),Website :www.ionaya.comEmail :ionayaoptimanatura@gmail.com
42,BEI INTERNATIONAL MARKETINGPerseroan Terbatas (PT),Website :www.beintil.co.idEmail :ptbeiinternational@beintl.com
43,BINNERY INSAN PROSPERAPerseroan Terbatas (PT),Website :www.auriti.co.idEmail :binarypro.official@gmail.com
44,SINDUA SUKSES BERKAHPerseroan Terbatas (PT),Website :www.sindua.idEmail :ptsinduasuksesberkah@gmail.com
45,GOLDEN BIZ INTERNASIONALPerseroan Terbatas (PT),Website :www.goldenbizint.comEmail :goldenbiz.internasional@gmail.com
46,LEAFHEA INTERNATIONAL NETWORKPerseroan Terbatas (PT),Website :www.leafhea.comEmail :Leafheaofficial@gmail.com
47,MILAGROS INDONESIA MEGAHPerseroan Terbatas (PT),Website :www.milagros.co.idEmail :legal@milagros.co.id
48,ORIENTASI SEMESTA INDEPENDENPerseroan Terbatas (PT),Website :www.osinetwork.idEmail :orientasisemestaindependen@gmail.com
49,LABA JAYA INTERNASIONALPerseroan Terbatas (PT),Website :www.lancarbarokahjaya.comEmail :labajayainternasional@gmail.com
50,SYAM SHARIFAH INDONESIAPerseroan Terbatas (PT),Website :www.ssi25.comEmail :honey_alkaff@yahoo.com
51,AYOAJA TEKNOLOGI DIGITALPerseroan Terbatas (PT),Website :www.ayoaja.idEmail :ayoaja@ayoaja.id
52,JMOA INDONESIA INTERNASIONALPerseroan Terbatas (PT),Website :www.bzzworld.comEmail :pmljmoa@gmail.com
53,DIVA INFINITY SOLUTIONPerseroan Terbatas (PT),Website :davins.asiaEmail :Frestyglow@gmail.com
54,LUHAZAHURA SUKSES BERSAMAPerseroan Terbatas (PT),Website :www.Luhazahura.my.idEmail :ptluhazahurasuksesbersama@gmail.com
55,JUARA KASIH SAYANGPerseroan Terbatas (PT),Website :www.juarakasihsayang.co.idEmail :ptjuarakasihsayang@gmail.com
56,JOY CITRA MAKMURPerseroan Terbatas (PT),Website :www.bicnet.idEmail :bicnet777@gmail.com
57,PUTRA MEGA NUSANTARAPerseroan Terbatas (PT),Website :https://levelups.click/Email :adeliafirnanda76@gmail.com
58,BERKAH AMANAH SELALUPerseroan Terbatas (PT),Website :berkahamanah.idEmail :ptberkahamanahselalu@gmail.com
59,JMOA INDONESIA INTERNASIONALPerseroan Terbatas (PT),Website :www.bzzworld.idEmail :pmljmoa@gmail.com
60,NAGA LANGIT SEMESTAPerseroan Terbatas (PT),Website :www.nagita.netEmail :nagalangitsemestapt@gmail.com
61,HEALTHY WAY GLOBALPerseroan Terbatas (PT),Website :healthywayglobalindonesia.comEmail :healthywayglobal@gmail.com
62,SINAR SUKSES IMPIANPerseroan Terbatas (PT),Website :www.551.co.idEmail :ssisinarsukses@gmail.com
63,NATURA PRIMA BEAUTYPerseroan Terbatas (PT),Website :WWW.NATURAWORLD.CO.IDEmail :naturaworld.official@gmail.com
64,OLA NETWORK ASIAPerseroan Terbatas (PT),Website :asc.jpn.comEmail :Olahrd2024@gmail.com
65,KLADN SKIN BEAUTYPerseroan Terbatas (PT),Website :www.kladn.comEmail :ptkladn@gmail.com
66,XAURA GLOBAL TRADINGPerseroan Terbatas (PT),Website :www.xauraglobal.comEmail :xauraglobaltrading@gmail.com
67,TRIDAYA SINERGI INDONESIAPerseroan Terbatas (PT),Website :www.tridayasinergi.comEmail :tridayasinergiindonesia@gmail.com
68,HYDRO INNOVA GENERASI HEBATPerseroan Terbatas (PT),Website :www.dr-hydro.bizEmail :hydroinnovagenerasihebat@gmail.com
69,SUPERPLAN KARYA BERSAMAPerseroan Terbatas (PT),Website :www.superplan.idEmail :superplanofficial@gmail.com
70,RALETSIA MAJU BERJAYAPerseroan Terbatas (PT),Website :www.raletsia.co.idEmail :ptraletsiamajub@gmail.com
71,REVELL MITRA ABADIPerseroan Terbatas (PT),Website :www.revellindo.comEmail :ptrevellmitraabadi@gmail.com
72,CAHAYA POHON ABADIPerseroan Terbatas (PT),Website :http://cahayapohonabadi.comEmail :pt.cahayapohonabadi@gmail.com
73,LABA JAYA INTERNASIONALPerseroan Terbatas (PT),Website :www.lancarbarokahjaya.comEmail :labajayainternasional@gmail.com
74,NYRTEA BEAUTIKA NUSANTARAPerseroan Terbatas (PT),Website :www.nyrteanusantara.comEmail :nyrtea.nusantara@gmail.com
75,NASANUERA GLOBAL SYNERGYPerseroan Terbatas (PT),Website :-Email :nasanuera@gmail.com
76,QN INTERNATIONAL INDONESIAPerseroan Terbatas (PT),Website :www.qnet-indonesia.co.idEmail :ganang.rindarko@qnet.net
77,BOKASHI TERAPI NATUROPATIPerseroan Terbatas (PT),Website :www.bokashitheraphy.comEmail :naturopatiterapi@gmail.com
78,ELYSYLE COSMO INDONESIAPerseroan Terbatas (PT),Website :www.elysyle.co.idEmail :legal@elysyle.co.id
79,JUARA KASIH SAYANGPerseroan Terbatas (PT),Website :www.juarakasihsayang.co.idEmail :ptjuarakasihsayang@gmail.com
80,VOLCANO INTERNATIONAL TECHNOLOGYPerseroan Terbatas (PT),Website :1001jewelrybox.comEmail :volcanotechnology42@gmail.com
81,JUARA KASIH SAYANGPerseroan Terbatas (PT),Website :www.juarakasihsayang.co.idEmail :ptjuarakasihsayang@gmail.com
82,ELYSYLE COSMO INDONESIAPerseroan Terbatas (PT),Website :www.elysyle.co.idEmail :legal@elysyle.co.id
83,LINTAS ARTHA KREATIF USAHAPerseroan Terbatas (PT),Website :www.lakuindonesia.comEmail :lkreatifusaha@gmail.com
84,ELYSYLE COSMO INDONESIAPerseroan Terbatas (PT),Website :www.elysyle.co.idEmail :legal@elysyle.co.id
85,AIDA DAHAYU PERKASAPerseroan Terbatas (PT),Website :www.7diamonds.idEmail :dahayuaidaniaga@gmail.com
86,KOMPAK INDONESIA SUKSESPerseroan Terbatas (PT),Website :-Email :kompakindonesiasukses@gmail.com
87,KLADN SKIN BEAUTYPerseroan Terbatas (PT),Website :www.kladn.comEmail :ptkladn@gmail.com
88,NETWORK INDONESIA SATUPerseroan Terbatas (PT),Website :https://networksatu.id/Email :office@networksatu.id
89,SELLERPRO SUKSES ABADIPerseroan Terbatas (PT),Website :www.sellerpro.idEmail :sellerprosukses@gmail.com
90,ACCELERATING BUSINESS EMINENCEPerseroan Terbatas (PT),Website :Abe-global.comEmail :marketing@abe.id
91,EBANI KARIB SETIAPerseroan Terbatas (PT),Website :www.eonnipro.idEmail :ebanikaribsetia@gmail.com
92,PASTI SUKSES SEMUAPerseroan Terbatas (PT),Website :www.pastisukses.co.idEmail :ratushopping168@gmail.com
93,BERKAH AMANAH SELALUPerseroan Terbatas (PT),Website :berkahamanah.idEmail :ptberkahamanahselalu@gmail.com
94,ESA COSME INTERNASIONALPerseroan Terbatas (PT),Website :www.cuanse.co.idEmail :esadirekcuanse@gmail.com
95,GEO MULIA PERKASA SEJAHTERAPerseroan Terbatas (PT),Website :www.gmpsejahtera.co.idEmail :Gmpsejahtera@gmail.com
96,GOLDEN MILENIUM CEMERLANGPerseroan Terbatas (PT),Website :Goldenmilenium.comEmail :ptgoldenmileniumcemerlang@gmail.com
97,DENDIS BERKAH MULIAPerseroan Terbatas (PT),Website :-Email :pt.dendisberkahmulia@gmail.com
98,DWI LEGASI NUSANTARAPerseroan Terbatas (PT),Website :https://cms-dev.smartdnm.com/auth/loginEmail :indonesiaakademiinspiradzi@gmail.com
99,SOLUSI GLOBAL GROUPPerseroan Terbatas (PT),Website :http://nic.co.id/Email :solusiglobalgrup@gmail.com
100,JMOA INDONESIA INTERNASIONALPerseroan Terbatas (PT),Website :www.bzzworld.idEmail :pmljmoa@gmail.com
101,JMOA INDONESIA INTERNASIONALPerseroan Terbatas (PT),Website :www.bzzworld.idEmail :pmljmoa@gmail.com
102,I LINK AGE INTERNATIONAL INDONESIAPerseroan Terbatas (PT),Website :www.nutric.comEmail :info.id@nutric.com
103,DAMAI EKA PRATAMA INDONESIAPerseroan Terbatas (PT),Website :www.damaiekapratamaindonesia.comEmail :fatdept.depindo@gmail.com
104,SAINS NATURA BIOTECHPerseroan Terbatas (PT),Website :www.sainsbiotech.comEmail :sainsnaturabiotech@gmail.com
105,BERKAH INFINITY GEMILANGPerseroan Terbatas (PT),Website :berkahinfinity.comEmail :network.big.official@gmail.com
106,ELYSYLE COSMO INDONESIAPerseroan Terbatas (PT),Website :www.elysyle.co.idEmail :legal@elysyle.co.id
107,GRIYO MORO INDONESIAPerseroan Terbatas (PT),Website :www.klikgmind.comEmail :griyomoroindonesia@gmail.com
108,HARMONI DINAMIK INDONESIAPerseroan Terbatas (PT),Website :https://www.hdistore.com/Email :corporate@hdinetwork.com
109,USANA HEALTH SCIENCES INDONESIAPerseroan Terbatas (PT),Website :www.usana.comEmail :tiffani.victoria@usanainc.com
110,BEI INTERNATIONAL MARKETINGPerseroan Terbatas (PT),Website :-Email :ptbeiinternational@beintl.com
111,ELYSYLE COSMO INDONESIAPerseroan Terbatas (PT),Website :www.elysyle.co.idEmail :legal@elysyle.co.id
112,SUNRIDER NUSAPERDANAPerseroan Terbatas (PT),Website :www.sunrider.co.idEmail :business.service@sunrider.co.id
113,TUJUH DANA LANGITPerseroan Terbatas (PT),Website :sevenpro.idEmail :tujuhdanalangit@gmail.com
114,HARMONI DINAMIK INDONESIAPerseroan Terbatas (PT),Website :https://www.hdistore.com/Email :corporate@hdinetwork.com
115,HARAPAN GEMILANG INDONESIAPerseroan Terbatas (PT),Website :www.happygrowth.idEmail :ptharapangemilangindonesia@gmail.com
116,NEW IMAGE INTERNATIONAL INDONESIAPerseroan Terbatas (PT),Website :-Email :ptnewimage.ii@gmail.com
117,III INTERNATIONAL WELLNESS NETWORKPerseroan Terbatas (PT),Website :threeinternational.com/idEmail :iii.interwellnessnetwork@gmail.com
118,DUTA DANA KOSMETIKPerseroan Terbatas (PT),Website :nabbclinic.co.idEmail :ptdutadanakosmetik.2024@gmail.com
119,FITLINE NUTRITION AND COSMETICSPerseroan Terbatas (PT),Website :www.fitline.com & www.pm-international.comEmail :office-fitline@pm-international.co.id
120,PASTI SUKSES SEMUAPerseroan Terbatas (PT),Website :www.pastisukses.co.idEmail :ratushopping168@gmail.com
121,BEI INTERNATIONAL MARKETINGPerseroan Terbatas (PT),Website :-Email :ptbeiinternational@beintl.com
122,COWAY INTERNATIONAL INDONESIAPerseroan Terbatas (PT),Website :www.coway.idEmail :indonesiacoway@hotmail.com
123,PRESTIGE INDONESIA SUKSESPerseroan Terbatas (PT),Website :www.m-prestige.comEmail :prestigeindonesiasukses@gmail.com
124,NUSA SELARAS INDONESIAPerseroan Terbatas (PT),Website :https://www.nuskin.com/content/nuskin/in_ID/home.htmlEmail :kkisizenia@nuskin.com
125,MARKET AMERICA INDONESIAPerseroan Terbatas (PT),Website :unfranchise.comEmail :valerias@marketamerica.com
126,FITLINE NUTRITION AND COSMETICSPerseroan Terbatas (PT),Website :-Email :office-fitline@pm-international.co.id
127,LIFEPHARM GLOBAL INDONESIAPerseroan Terbatas (PT),Website :www.lifepharm.comEmail :lifepharmglobalidn@gmail.com
128,FOURMI ASHA SEJAHTERAPerseroan Terbatas (PT),Website :fourmi.idEmail :fourmiashasejahtera@gmail.com
129,BERSAMA LEBIH SEMANGAT SEJAHTERAPerseroan Terbatas (PT),Website :www.squad.co.idEmail :squadbless.id@gmail.com
130,MAHKOTA SUKSES INDONESIAPerseroan Terbatas (PT),Website :www.mymsi.co.idEmail :mahkotaindonesia.official@gmail.com
131,ELYSYLE COSMO INDONESIAPerseroan Terbatas (PT),Website :www.elysyle.co.idEmail :legal@elysyle.co.id
132,UNIVERSAL HEALTH NETWORKPerseroan Terbatas (PT),Website :https://www.sohoglobalhealth.comEmail :debby.alfi@sohoglobalhealth.com
133,ORINDO ALAM AYUPerseroan Terbatas (PT),Website :id.oriflame.comEmail :Indonesia.Regulatory@oriflame.com
134,BERLIAN SEJATI INDONESIAPerseroan Terbatas (PT),Website :htpps://berliansukses.comEmail :bsi.berlian3@gmail.com
135,FANTASTIC FOUR INTERNATIONALPerseroan Terbatas (PT),Website :www.funfoyu.idEmail :fantastic4int@gmail.com
136,WINET PROFISINDO INTERNASIONALPerseroan Terbatas (PT),Website :www.winetpro.comEmail :oss.winetprofisindo@gmail.com
137,PANEN INTI NUSANTARAPerseroan Terbatas (PT),Website :https://pintaracorp.co.idEmail :pintaracorp@gmail.com
138,DOTERRA INDONESIA MARKETINGPerseroan Terbatas (PT),Website :https://www.doterra.com/ID/id_IDEmail :indonesia@doterra.com
139,MILAGROS INDONESIA MEGAHPerseroan Terbatas (PT),Website :www.milagros.co.idEmail :legal@milagros.co.id
140,JALUR OPTIMIS SUKSESPerseroan Terbatas (PT),Website :www.jos-official.comEmail :Josjosjos2x@gmail.com
141,JALUR OPTIMIS SUKSESPerseroan Terbatas (PT),Website :www.jos-official.comEmail :Josjosjos2x@gmail.com
142,SINGA LANGIT JAYAPerseroan Terbatas (PT),Website :http://www.tiens.co.id/Email :singa_langit@yahoo.com
143,JMOA INDONESIA INTERNASIONALPerseroan Terbatas (PT),Website :www.bzzworld.idEmail :pmljmoa@gmail.com
144,KKI NUSANTARA GEMILANGPerseroan Terbatas (PT),Website :www.kkigroup.co.idEmail :kkinusantaragemilang@gmail.com
145,SINAR SUKSES IMPIANPerseroan Terbatas (PT),Website :www.551.co.idEmail :ssisinarsukses@gmail.com
146,LEAFHEA INTERNATIONAL NETWORKPerseroan Terbatas (PT),Website :www.leafhea.comEmail :Leafheaofficial@gmail.com
147,GRYA SMART MANDIRIPerseroan Terbatas (PT),Website :www.gryasmartmandiri.comEmail :pt.gryasmartmandiri@yahoo.com
148,PASTI SUKSES SEMUAPerseroan Terbatas (PT),Website :www.pastisukses.co.idEmail :ratushopping168@gmail.com
149,FITLINE NUTRITION AND COSMETICSPerseroan Terbatas (PT),Website :-Email :office-fitline@pm-international.co.id
150,LUHAZAHURA SUKSES BERSAMAPerseroan Terbatas (PT),Website :www.Luhazahura.my.idEmail :ptluhazahurasuksesbersama@gmail.com
151,NEUMINDO MAKMUR BERSAMAPerseroan Terbatas (PT),Website :office.neumi.comEmail :neumindomakmurbersama@gmail.com
152,JUARA KASIH SAYANGPerseroan Terbatas (PT),Website :www.juarakasihsayang.co.idEmail :ptjuarakasihsayang@gmail.com
153,QN INTERNATIONAL INDONESIAPerseroan Terbatas (PT),Website :www.qnet-indonesia.co.idEmail :ganang.rindarko@qnet.net
154,THRIVE INTER NATIONALPerseroan Terbatas (PT),Website :https://3ve.online/Email :ptthriveinternational@gmail.com
155,NASANUERA GLOBAL SYNERGYPerseroan Terbatas (PT),Website :-Email :nasanuera@gmail.com
156,AWM STAR LIFEPerseroan Terbatas (PT),Website :www.awmstarlife-official.co.idEmail :motivasireaksi@gmail.com
157,BERKAH AMANAH SELALUPerseroan Terbatas (PT),Website :berkahamanah.idEmail :ptberkahamanahselalu@gmail.com
158,NATURAL NUSANTARAPerseroan Terbatas (PT),Website :-Email :service@naturalnusantara.co.id
159,MILIARDER SUKSES BERSAMAPerseroan Terbatas (PT),Website :www.trueme.co.idEmail :miliandersuksesbersama@gmail.com
160,HERBALIFE INDONESIAPerseroan Terbatas (PT),Website :-Email :externalaffairsID@herbalife.com
161,BANGUN INSAN SUKSES AMANAHPerseroan Terbatas (PT),Website :bisakita.co.idEmail :mnitop@yahoo.com
162,DADILA MUDA KREASIPerseroan Terbatas (PT),Website :www.shannen.idEmail :PT.DADILAMUDAKREASI@GMAIL.COM
163,EMAS KARYA ABADIPerseroan Terbatas (PT),Website :momapan.idEmail :masduit@masduit.com
164,HARMONI DINAMIK INDONESIAPerseroan Terbatas (PT),Website :https://www.hdistore.com/Email :corporate@hdinetwork.com
165,ISLAN PELITA NUSANTARAPerseroan Terbatas (PT),Website :www.ipnetwork.idEmail :islanpelitanusantarapt@gmail.com
166,SINAR SUKSES IMPIANPerseroan Terbatas (PT),Website :www.551.co.idEmail :ssisinarsukses@gmail.com
167,NIUANCONG HEALTH MANAGEMENTPerseroan Terbatas (PT),Website :www.niuancong.comEmail :niuancong@gmail.com
168,BERLIAN HIJAU NUSANTARAPerseroan Terbatas (PT),Website :www.greendiamondnetwork.comEmail :ptberlianhijaunusantara@gmail.com
169,ARMINAREKA PHARMASIA PRATAMAPerseroan Terbatas (PT),Website :www.arminadaily.idEmail :info@arminadaily.id
170,BYBELLAZ INSAN MAKMUR AMANAHPerseroan Terbatas (PT),Website :www.thewinner.idEmail :bybellazbeauty@gmail.com
171,BYBELLAZ INSAN MAKMUR AMANAHPerseroan Terbatas (PT),Website :www.thewinner.idEmail :bybellazbeauty@gmail.com
172,MARKET AMERICA INDONESIAPerseroan Terbatas (PT),Website :unfranchise.comEmail :valerias@marketamerica.com
173,HASMART GLOBAL INDONESIAPerseroan Terbatas (PT),Website :hasmart2u.comEmail :hasmartglobalindoonesia@gmail.com
174,ANINA SUKSES BERSINERGIPerseroan Terbatas (PT),Website :www.anina.co.idEmail :ptaninasuksesbersinergi@gmail.com
175,BERNIAGA SINERGI NUSANTARAPerseroan Terbatas (PT),Website :www.berkahsinergi.comEmail :ptberniagasinerginusantara@gmail.com
176,SANDI MAJU MAPAN GROUPPerseroan Terbatas (PT),Website :www.fansbeauty.co.idEmail :ptsandisuksesbersama@gmail.com
177,DIGITAL BUSINESSCARD INTERNATIONALPerseroan Terbatas (PT),Website :www.dbc.networkEmail :marvin.matheus.susanto20@gmail.com
178,WINDSHINE COSME INTERNASIONALPerseroan Terbatas (PT),Website :www.windshine.co.idEmail :windshine99@gmail.com
179,DYNASTY NUSANTARA SUKSESPerseroan Terbatas (PT),Website :www.klikdns.idEmail :dnsnetwork2024@gmail.com
180,HARMONI DINAMIK INDONESIAPerseroan Terbatas (PT),Website :https://www.hdistore.com/Email :corporate@hdinetwork.com
181,DYNASTY NUSANTARA SUKSESPerseroan Terbatas (PT),Website :www.klikdns.idEmail :dnsnetwork2024@gmail.com
182,WIKINARA BENING BERSAMA PUTRAPerseroan Terbatas (PT),Website :www.wikinara.co.idEmail :info@wikinara.id
183,MJOPTIM MEGA ABADIPerseroan Terbatas (PT),Website :https://mjoptim.id/Email :mjoptimmegahabadi@gmail.com
184,NUSA SELARAS INDONESIAPerseroan Terbatas (PT),Website :https://www.nuskin.com/content/nuskin/in_ID/home.htmlEmail :kkisizenia@nuskin.com
185,BERKAH AMANAH SELALUPerseroan Terbatas (PT),Website :berkahamanah.idEmail :ptberkahamanahselalu@gmail.com
186,JUARA KASIH SAYANGPerseroan Terbatas (PT),Website :www.juarakasihsayang.co.idEmail :ptjuarakasihsayang@gmail.com
187,QUIARI TEKNOLOGI INDONESIAPerseroan Terbatas (PT),Website :quiari.com/id/Email :riosoedarno@gmail.com
188,ATOMY INDONESIA GROUPPerseroan Terbatas (PT),Website :https://www.atomy.com/idEmail :atomy_id@atomypark.com
189,ELYSYLE COSMO INDONESIAPerseroan Terbatas (PT),Website :www.elysyle.co.idEmail :legal@elysyle.co.id
190,HOWELL COSME INDONESIAPerseroan Terbatas (PT),Website :www.howellcosme.comEmail :howellcosmeindonesia@gmail.com
191,ARNET SUKSES MANDIRIPerseroan Terbatas (PT),Website :www.netlife.idEmail :arnetnetlife@gmail.com
192,FOHOW GLOBAL INDONESIAPerseroan Terbatas (PT),Website :www.fohow.comEmail :fohowindonesiaofficial@gmail.com
193,CAHAYA GERBANG MUTIARAPerseroan Terbatas (PT),Website :cahayagerbangmutiara.comEmail :cahayagerbang.mutiara@gmail.com
194,CAHAYA PRESTASI INDONESIAPerseroan Terbatas (PT),Website :www.tupperware.co.idEmail :FransLukito@tupperware.com
195,BEI INTERNATIONAL MARKETINGPerseroan Terbatas (PT),Website :-Email :ptbeiinternational@beintl.com
196,TOKO KESEHATAN KECANTIKAN INDONESIAPerseroan Terbatas (PT),Website :www.khavyar.idEmail :tokokesehatankecantikanindones@gmail.com
197,MIRACLE ORGANO INTERNATIONALPerseroan Terbatas (PT),Website :www.miracleorgano.co.idEmail :Miracleorganointernational@gmail.com
198,LEAFHEA INTERNATIONAL NETWORKPerseroan Terbatas (PT),Website :www.leafhea.comEmail :Leafheaofficial@gmail.com
199,BIO INDONESIA BAROKAH SEJAHTERAPerseroan Terbatas (PT),Website :www.bibs2u.comEmail :bibsejahtera@gmail.com
200,DYNAMIC ACE GLOBAL INDONESIAPerseroan Terbatas (PT),Website :-Email :dynamicaceglobalindonesia135@gmail.com
201,INDO SEJAHTERA JAYAPerseroan Terbatas (PT),Website :https://www.merci2u.id/Email :indosejahterajaya.isj@gmail.com
202,BIMA LIFE FUTUREPerseroan Terbatas (PT),Website :https://bimaindonesia.id/landing-pageEmail :bimalifefuture@gmail.com
203,AMANAH SUKSES BERKAH SEJAHTERAPerseroan Terbatas (PT),Website :www.suksesberkah.comEmail :amanahsuksesberkahsejahtera@gmail.com
204,VANESH MEGASUKSES INDOTAMAPerseroan Terbatas (PT),Website :www.neonella.idEmail :Vaneshmegasuksesindotama@gmail.com
205,ALAMO GREENLIFE INTERNATIONALPerseroan Terbatas (PT),Website :myalamo.co.idEmail :admin@myalamo.co.id
206,BIOTA INDONESIA SEJAHTERAPerseroan Terbatas (PT),Website :www.biotagroup.idEmail :biotaindonesiasejahtera@gmail.com
207,ORIENTAL INCHAWAY INTERNATIONALPerseroan Terbatas (PT),Website :www.inchaway.idEmail :orientalinchawayinternational@gmail.com
208,MLWAY GEMILANG SEJAHTERAPerseroan Terbatas (PT),Website :https://mlway.onlineEmail :ptmlwaygemilangsejahtera@gmail.com
209,SUNTHREE MAKMUR INDONESIAPerseroan Terbatas (PT),Website :sunthree.idEmail :sunthreemakmurindonesia2@gmail.com
210,REA STAR INTERNATIONALPerseroan Terbatas (PT),Website :www.reastar-int.comEmail :pt.reastarinternational@gmail.com
211,COWAY INTERNATIONAL INDONESIAPerseroan Terbatas (PT),Website :www.coway.idEmail :indonesiacoway@hotmail.com
212,REA STAR INTERNATIONALPerseroan Terbatas (PT),Website :www.reastar-int.comEmail :pt.reastarinternational@gmail.com
213,NATURA PRIMA BEAUTYPerseroan Terbatas (PT),Website :WWW.NATURAWORLD.CO.IDEmail :naturaworld.official@gmail.com
214,BEI INTERNATIONAL MARKETINGPerseroan Terbatas (PT),Website :-Email :ptbeiinternational@beintl.com
215,HERBA PENAWAR ALWAHIDA INDONESIAPerseroan Terbatas (PT),Website :www.hni.netEmail :crm@hni.net
216,AMANAH SUKSES BAHAGIAPerseroan Terbatas (PT),Website :www.sahabatasb.comEmail :sahabatbsm@gmail.com
217,ABI DUTA INDONESIAPerseroan Terbatas (PT),Website :dbooster.co.idEmail :abidutacentre22@gmail.com
218,LUXE GLOBAL NETWORKPerseroan Terbatas (PT),Website :www.luxelife.idEmail :luxeglobalnetwork@gmail.com
219,TUAN MUDA TOBACCOSPerseroan Terbatas (PT),Website :www.tm168.idEmail :tuanmudatobaccos168@gmail.com
220,TRIP ELANG JAVAPerseroan Terbatas (PT),Website :www.tripelangjava.comEmail :tripelangjava.pt@gmail.com
221,SHUANG HOR INDONESIAPerseroan Terbatas (PT),Website :https://www.shuanghor.com.my/shweb_id/Email :hr.shuanghor@gmail.com
222,TRIP ELANG JAVAPerseroan Terbatas (PT),Website :www.tripelangjava.comEmail :tripelangjava.pt@gmail.com
223,SAMUDERA SEHAT ABADIPerseroan Terbatas (PT),Website :https://viiva.co.id/Email :samuderajayaabadi@gmail.Com
224,TRUST ASA MANDIRI NETWORKPerseroan Terbatas (PT),Website :www.asanet.co.idEmail :asamandiri.official@gmail.com
225,ANINA SUKSES BERSINERGIPerseroan Terbatas (PT),Website :www.anina.co.idEmail :ptaninasuksesbersinergi@gmail.com
226,SENSE GLOBAL NETWORKPerseroan Terbatas (PT),Website :www.drjlife.comEmail :pt.senseglobalnetwork@gmail.com
227,PANSER ACADEMY INDONESIAPerseroan Terbatas (PT),Website :http://www.panseracademy.co.id/Email :panseracademy@gmail.com
228,HEALTH WEALTH INTERNATIONALPerseroan Terbatas (PT),Website :https://www.healthwealthint.comEmail :realmailhwi@gmail.com
229,BANGUN INSAN SUKSES AMANAHPerseroan Terbatas (PT),Website :www.bisakita.co.idEmail :mnitop@yahoo.com
230,LEAFHEA INTERNATIONAL NETWORKPerseroan Terbatas (PT),Website :www.leafhea.comEmail :Leafheaofficial@gmail.com
231,HARMONI DINAMIK INDONESIAPerseroan Terbatas (PT),Website :https://www.hdistore.com/Email :corporate@hdinetwork.com
232,ELYSYLE COSMO INDONESIAPerseroan Terbatas (PT),Website :www.jafra.co.idEmail :legal@jafra.co.id
233,GARUDA ELITE NUSANTARAPerseroan Terbatas (PT),Website :www.genrich.idEmail :garudaelitenusantara@gmail.com
234,AMERTANT SENTOSA GLOBALPerseroan Terbatas (PT),Website :www.amertant.comEmail :amertantsentosaglobal@gmail.com
235,NEW IMAGE INTERNATIONAL INDONESIAPerseroan Terbatas (PT),Website :-Email :ptnewimage.ii@gmail.com
236,ARNET SUKSES MANDIRIPerseroan Terbatas (PT),Website :www.netlife.idEmail :arnetnetlife@gmail.com
237,BIONEVIT BERKAH SEJAHTERAPT Perseorangan,Website :www.bionevir.comEmail :bionevitberkahsejahtera@gmail.com
238,TREN GLOBAL TEKNOLOGIPerseroan Terbatas (PT),Website :www.trenglobal.co.idEmail :pt.trenglobal@gmail.com
239,ARLEAD GLOBAL INTERNASIONALPerseroan Terbatas (PT),Website :https://arlead-int.bizEmail :ptarleadglobalinternasional@gmail.com
240,FATHIAN ABIZER ALFALAHPerseroan Terbatas (PT),Website :www.fabizer.comEmail :ptfathianabizeralfalah@gmail.com
241,NUSA SELARAS INDONESIAPerseroan Terbatas (PT),Website :https://www.nuskin.com/content/nuskin/in_ID/home.htmlEmail :kkisizenia@nuskin.com
242,STARLA SUKSES SEJAHTERAPerseroan Terbatas (PT),Website :www.starsukses.comEmail :starlasukses@gmail.com
243,HARMONI DINAMIK INDONESIAPerseroan Terbatas (PT),Website :https://www.hdistore.com/Email :corporate@hdinetwork.com
244,FATHIAN ABIZER ALFALAHPerseroan Terbatas (PT),Website :www.fabizer.comEmail :ptfathianabizeralfalah@gmail.com
245,DGASS INDONESIA MAJUPT Perseorangan,Website :www.dgass.co.idEmail :dgassindonesiamaju@gmail.com
246,SINAR SUKSES IMPIANPerseroan Terbatas (PT),Website :www.551.co.idEmail :ssisinarsukses@gmail.com
247,BATUAH AMANAH SEJAHTERAPerseroan Terbatas (PT),Website :batuah.idEmail :batuahamanahsejahtera@gmail.com
248,SAMPOERNA SUKSES INTERNASIONALPerseroan Terbatas (PT),Website :sampoernasukses.comEmail :ptsampoernasuksesinternasional@gmail.com
249,NASANUERA GLOBAL SYNERGYPerseroan Terbatas (PT),Website :-Email :nasanuera@gmail.com
250,SAPTA TARA BUANAPerseroan Terbatas (PT),Website :www.movinite.idEmail :legalptsaptatarabuana@gmail.com
251,SAPTA TARA BUANAPerseroan Terbatas (PT),Website :www.movinite.idEmail :legalptsaptatarabuana@gmail.com
252,CITRA HARAPAN INDONESIAPerseroan Terbatas (PT),Website :https://genindonesia.id/Email :ptcitraharapanindonesia@gmail.com
253,MAKIN JAYA AGUNGPerseroan Terbatas (PT),Website :www.mjagaharu.co.idEmail :makinjayaagung17@gmail.com
254,CAHAYA SAMPOERNA INTERNASIONALPerseroan Terbatas (PT),Website :cahayasampoerna.comEmail :ptcahayasampoernainternasional@gmail.com
255,CANGKLONG ELEKTRIK INDONESIAPerseroan Terbatas (PT),Website :cangkel.comEmail :cangkel.official@gmail.com
256,MAHAMERU JAVANA NUSANTARAPerseroan Terbatas (PT),Website :www.mahamilyader.comEmail :ptmahamerujavananusantara@gmail.com
257,ELKEN GLOBAL INDONESIAPerseroan Terbatas (PT),Website :www.elkenglobal.comEmail :lisma@elken.com
258,BILLIONAIRE ONFIRE SUPPORT SYSTEMPerseroan Terbatas (PT),Website :www.bossindonesia.co.idEmail :pt.billionaire.oss@gmail.com
259,MEMAYU BARATA ADIGUNAPerseroan Terbatas (PT),Website :goldenvision.co.idEmail :mastertanata@gmail.com
260,EMAS KARYA ABADIPerseroan Terbatas (PT),Website :momapan.idEmail :masduit@masduit.com
261,TREN GLOBAL TEKNOLOGIPerseroan Terbatas (PT),Website :www.trenglobal.co.idEmail :pt.trenglobal@gmail.com
262,JUARA OPTIMAL STRATEZIQPerseroan Terbatas (PT),Website :www.infinityjos.comEmail :ferryferdian135@gmail.com
263,EAZY BINA SINERGIPerseroan Terbatas (PT),Website :eazybillionaire.comEmail :eazybinasinergi@gmail.com
264,JMOA INDONESIA INTERNASIONALPerseroan Terbatas (PT),Website :www.bzzworld.idEmail :pmljmoa@gmail.com
265,HARMONI DINAMIK INDONESIAPerseroan Terbatas (PT),Website :https://www.hdistore.com/Email :corporate@hdinetwork.com
266,LIFEWAVE INTERNASIONAL INDONESIAPerseroan Terbatas (PT),Website :-Email :lifewaveinternasional@gmail.com
267,WIKINARA BENING BERSAMA PUTRAPerseroan Terbatas (PT),Website :www.wikinara.co.idEmail :info@wikinara.id
268,ASAYAMA FAMILI CAHAYA INDONESIAPerseroan Terbatas (PT),Website :WWW.afc-lifescience.comEmail :afclifesciencemail@gmail.com
269,VARASH SADDAN NUSANTARAPerseroan Terbatas (PT),Website :www.saddannusantara.comEmail :varashsaddannusantara@gmail.com
270,BERNIAGA BERKAH CEMERLANGPerseroan Terbatas (PT),Website :www.berniagaberkahcemerlang.comEmail :berniagaberkahcemerlang@gmail.com
271,ASIA LUXURY TABITHAPerseroan Terbatas (PT),Website :https://timeouttabitha.com/Email :ariearaya0501@gmail.com
272,MILIARDER SUKSES BERSAMAPerseroan Terbatas (PT),Website :www.trueme.co.idEmail :miliandersuksesbersama@gmail.com
273,THINKQ TECH INDONESIAPerseroan Terbatas (PT),Website :-Email :pt.thinkqtechindonesia@gmail.com
274,BIGENMI GEMILANG INDONESIAPerseroan Terbatas (PT),Website :WWW.bigenmi.co.idEmail :bigenmi.official@gmail.com
275,ANUGERAH WIJAYA INTERNASIONALPerseroan Terbatas (PT),Website :www.anugerahwijaya.comEmail :anugerahwijayainternasional@gmail.com
276,ROMANSHA GROW INTERNATIONALPerseroan Terbatas (PT),Website :www.romansha168.comEmail :romanshapt168@gmail.com
277,BANDUNG BERKAH SPIRITUAL TUJUH TUJUHPerseroan Terbatas (PT),Website :www.bbs77.co.idEmail :bandungberkahspiritual77@gmail.com
278,MIRACLE FORR LIFEPerseroan Terbatas (PT),Website :www.miracleforrlife.co.idEmail :miracleforrlife@gmail.com
279,DYNASTY NUSANTARA SUKSESPerseroan Terbatas (PT),Website :www.rcn.co.idEmail :dnsnetwork2024@gmail.com
280,BERKAH SAHABAT ISTIMEWAPerseroan Terbatas (PT),Website :www.bsinetwork.co.idEmail :istimewaberkahsahabat@gmail.com
281,HARMONI DINAMIK INDONESIAPerseroan Terbatas (PT),Website :https://www.hdistore.com/Email :corporate@hdinetwork.com
282,THRIVE INTER NATIONALPerseroan Terbatas (PT),Website :https://3ve.online/Email :ptthriveinternational@gmail.com
283,UGREAT INTERNATIONAL MAJUPerseroan Terbatas (PT),Website :https://ugreatinternational.com/Email :hi@ugreatinternational.com
284,AKSI ANAK NUSANTARAPerseroan Terbatas (PT),Website :www.kansnetwork.comEmail :aksianaknusantara@gmail.com
285,TEN LLE INTERNATIONALPerseroan Terbatas (PT),Website :https://tenlle.my.id/Email :tenlleinternational@gmail.com
286,USADHA BHAKTI BUANAPerseroan Terbatas (PT),Website :www.kennature.comEmail :usadhabhakti@gmail.com
287,BEI INTERNATIONAL MARKETINGPerseroan Terbatas (PT),Website :-Email :ptbeiinternational@beintl.com
288,BARMA BERKAH SEJAHTERAPerseroan Terbatas (PT),Website :barmabeauty.comEmail :barmaberkahsejahtera@gmail.com
289,BLI GLOBAL STARPerseroan Terbatas (PT),Website :-Email :Bliglobalstar@gmail.com
290,CALERIE HEALTH INDONESIAPerseroan Terbatas (PT),Website :calerie.co.idEmail :caleriehealthindonesia.pt@gmail.com
291,VHERIN SABDA INTERNASIONALPerseroan Terbatas (PT),Website :www.vherin.comEmail :ptvherinsabdainternasional@gmail.com
292,EVERICH BERKAH INDONESIAPerseroan Terbatas (PT),Website :www.everich.co.idEmail :pteverichberkahindonesia@gmail.com
293,BERKAT INTI GUNAPerseroan Terbatas (PT),Website :www.berkatintiguna.comEmail :berkatintiguna@gmail.com
294,DES INTERNATIONAL NETWORKPerseroan Terbatas (PT),Website :www.desintku.comEmail :ptdesinternationalnetwork@gmail.com
295,TDC IMUNO GLOBALPerseroan Terbatas (PT),Website :www.tdci.co.idEmail :tdcimuno.global@gmail.com
296,XANDER NETWORK INTERNASIONALPerseroan Terbatas (PT),Website :www.xni.co.idEmail :inbioplus2018@gmail.com
297,KHARITES BEAUTY INTERNATIONALPerseroan Terbatas (PT),Website :https://www.kharites.co.id/Email :kharitesbeautyinternational@gmail.com
298,PRAMA AGUNG SEJAHTERA INSANIPerseroan Terbatas (PT),Website :www.pramawinza.idEmail :pramasejahtera@gmail.com
299,MAGIC LIFE GLOBALPerseroan Terbatas (PT),Website :Indonesia.magiclife.vipEmail :ptmagiclifeglobal@gmail.com
300,CAHAYA GUNUNG INTENPerseroan Terbatas (PT),Website :ptcgi.idEmail :bulanramadhani@gmail.com
301,ARNET SUKSES MANDIRIPerseroan Terbatas (PT),Website :www.netlife.idEmail :arnetnetlife@gmail.com
302,SEHAT MITRA GLOBALPerseroan Terbatas (PT),Website :blooglobal.comEmail :kk@iblooming.ai
303,MAXXIMAXX JAYA INDONESIAPerseroan Terbatas (PT),Website :maxximaxxindonesia.co.idEmail :maxximaxxjayaindonesia@gmail.com
304,GLOBAL STAR SUCCESSPerseroan Terbatas (PT),Website :www.gssindo.co.idEmail :globalstarsuccess.official@gmail.com
305,NYRTEA BEAUTIKA NUSANTARAPerseroan Terbatas (PT),Website :www.nyrteanusantara.comEmail :nyrtea.nusantara@gmail.com
306,JURAGAN BARU SEJAHTERAPerseroan Terbatas (PT),Website :juraganbarusejahtera.comEmail :juraganbarusejahtera@gmail.com
307,SBS NETWORK INTERNASIONALPerseroan Terbatas (PT),Website :www.qlitenetwork.idEmail :qliteofficial@gmail.com
308,PELABUHAN TERAKHIR LANGGENG SEJAHTERAPerseroan Terbatas (PT),Website :www.ptlsejahtera.comEmail :chensora.official@gmail.com
309,QN INTERNATIONAL INDONESIAPerseroan Terbatas (PT),Website :www.qnet-indonesia.co.idEmail :ganang.rindarko@qnet.net
310,BANDUNG ECO SINERGI TEKNOLOGIPerseroan Terbatas (PT),Website :best-world.idEmail :official.ptbest@gmail.com
311,ASEA ADVANCING LIFE INDONESIAPerseroan Terbatas (PT),Website :aseaglobal.comEmail :aseaadvancinglifeindonesia22@gmail.com
312,QN INTERNATIONAL INDONESIAPerseroan Terbatas (PT),Website :www.qnet-indonesia.co.idEmail :ganang.rindarko@qnet.net
313,BANDUNG ECO SINERGI TEKNOLOGIPerseroan Terbatas (PT),Website :best-world.idEmail :official.ptbest@gmail.com
314,WINNERA INDO NUSAPerseroan Terbatas (PT),Website :winnera.idEmail :winneraindonusa@gmail.com
315,SUPER NETWORK ENTERPRENEURPerseroan Terbatas (PT),Website :www.snemarketing.comEmail :supernetworkenterpreneur@gmail.com
316,NAGA LANGIT SEMESTAPerseroan Terbatas (PT),Website :www.nagita.netEmail :semestanagalangit@gmail.com
317,BERBAGI HASIL SEJAHTERAPerseroan Terbatas (PT),Website :www.berbagihasil.comEmail :berbagihasilsejahtera@gmail.com
318,TRIP ELANG JAVAPerseroan Terbatas (PT),Website :www.tripelangjava.comEmail :tripelangjava.pt@gmail.com
319,SATRIA WIJAYA INTERNASIONALPerseroan Terbatas (PT),Website :http://www.ssatriawijaya.co.id/Email :satriawijayainternasional@gmail.com
320,TERAHERTZ TIRTA ABADIPerseroan Terbatas (PT),Website :thz096.comEmail :terahertztirtaabadi@gmail.com
321,SATRIA WIJAYA INTERNASIONALPerseroan Terbatas (PT),Website :http://www.ssatriawijaya.co.id/Email :satriawijayainternasional@gmail.com
322,RUKMI TIRTA BAWANAPerseroan Terbatas (PT),Website :goseller.idEmail :rukmitirtabawana@gmail.com
323,VARASH SADDAN NUSANTARAPerseroan Terbatas (PT),Website :www.saddannusantara.comEmail :varashsaddannusantara@gmail.com
324,DYNASTY NUSANTARA SUKSESPerseroan Terbatas (PT),Website :www.nushealth.comEmail :ptdynastynusantarasukses@gmail.com
325,ALEXA NETWORK INDONESIAPerseroan Terbatas (PT),Website :www.aninet2u.comEmail :alexanetworkindonesia@gmail.com
326,MAKIN JAYA AGUNGPerseroan Terbatas (PT),Website :www.mjagaharu.co.idEmail :makinjayaagung17@gmail.com
327,JAFRA COSMETICS INDONESIAPerseroan Terbatas (PT),Website :https://www.jafra.co.id/Email :legal@jafra.co.id
328,BOCOROCCO ENTREPRENEUR INDONESIAPerseroan Terbatas (PT),Website :bocorocco-online.comEmail :ptbocoroccoentrepreneur@gmail.com
329,PRAMA AGUNG SEJAHTERA INSANIPerseroan Terbatas (PT),Website :www.pramawinza.idEmail :pramasejahtera@gmail.com
330,HEKSA MAKMUR JAYAPerseroan Terbatas (PT),Website :richwell.co.idEmail :heksa.makmurjaya@gmail.com
331,BIGENMI GEMILANG INDONESIAPerseroan Terbatas (PT),Website :WWW.bigenmi.co.idEmail :bigenmi.official@gmail.com
332,HEKSA MAKMUR JAYAPerseroan Terbatas (PT),Website :richwell.co.idEmail :heksa.makmurjaya@gmail.com
333,HIME LIFESTYLE INDONESIAPerseroan Terbatas (PT),Website :https://www.himelifestyle.com/Email :hime.lifestyle.indonesia@gmail.com
334,RATU LANGIT INDONESIAPerseroan Terbatas (PT),Website :www.ratulangit.idEmail :ratulangitindonesia@gmail.com
335,QUIARI TEKNOLOGI INDONESIAPerseroan Terbatas (PT),Website :quiari.com/id/Email :quiari.teknologi@gmail.com
336,BERKAH AMANAH SELALUPerseroan Terbatas (PT),Website :berkahamanah.idEmail :ptberkahamanahselalu@gmail.com
337,GEO MULIA PERKASA SEJAHTERAPerseroan Terbatas (PT),Website :www.gmpsejahtera.co.idEmail :Gmpsejahtera@gmail.com
338,HARMONI DINAMIK INDONESIAPerseroan Terbatas (PT),Website :https://www.hdistore.com/Email :ratna.putri@hdinetwork.com
339,TRIP ELANG JAVAPerseroan Terbatas (PT),Website :www.tripelangjava.comEmail :tripelangjava.pt@gmail.com
340,LEAFHEA INTERNATIONAL NETWORKPerseroan Terbatas (PT),Website :-Email :Leafheaofficial@gmail.com
341,NATURA PRIMA BEAUTYPerseroan Terbatas (PT),Website :WWW.NATURAWORLD.CO.IDEmail :naturaworld.official@gmail.com
342,GAJAYANA TIMUR ABADIPerseroan Terbatas (PT),Website :www.gta-network.co.idEmail :gtanetwork909@gmail.com
343,JAFRA COSMETICS INDONESIAPerseroan Terbatas (PT),Website :https://www.jafra.co.id/Email :legal@jafra.co.id
344,ERNET GLOBAL INTERNASIONALPerseroan Terbatas (PT),Website :https://www.epoint.devEmail :enginepointinternasional@gmail.com
345,K-LINK NUSANTARAPerseroan Terbatas (PT),Website :https://k-link.co.id/Email :legalklink@gmail.com
346,AKSI NUSA INTERNATIONALPerseroan Terbatas (PT),Website :aksinusa.comEmail :ptaksinusainternational@gmail.com
347,BINTANG PRIMA KARYA BERSAMAPerseroan Terbatas (PT),Website :www.ninestars.idEmail :bintangprimakaryabersama@gmail.com
348,SEHAT SUKSES BAHAGIAPerseroan Terbatas (PT),Website :www.ssbhappylife.comEmail :ssb.happylife@gmail.com
349,USANA HEALTH SCIENCES INDONESIAPerseroan Terbatas (PT),Website :www.usana.comEmail :tiffani.victoria@usanainc.com
350,NATURE JUARAKU INTERNATIONAL-,Website :www.bravobizclub.comEmail :njuaraku@gmail.com
351,JLC SUKSES INDONESIAPerseroan Terbatas (PT),Website :www.jlcnetwork.comEmail :jlcnetworks@gmail.com
352,SULTAN NUSANTARA SENTOSAPerseroan Terbatas (PT),Website :www.sultan-nusantara.comEmail :ptsultannusantarasentosa@gmail.com
353,WELLZ LIFE INDONESIAPerseroan Terbatas (PT),Website :https://www.wellzlifeglobal.com/Email :wellzlifeindonesia@gmail.com
354,NATURA PRIMA BEAUTYPerseroan Terbatas (PT),Website :WWW.NATURAWORLD.CO.IDEmail :naturaworld.official@gmail.com
355,CAHAYA PRESTASI INDONESIAPerseroan Terbatas (PT),Website :-Email :renianggraeni@tupperware.com
356,ANUGERAH SUKSES BERKAH INTERNASIONALPerseroan Terbatas (PT),Website :www.anugrahstore.comEmail :anugrahstore1968@gmail.com
357,NAGA LANGIT SEMESTAPerseroan Terbatas (PT),Website :www.nagita.netEmail :semestanagalangit@gmail.com
358,INDONESIA WIJAYA SEJAHTERA GLOBAL ASIAPerseroan Terbatas (PT),Website :www.iwsunited.co.idEmail :unitediws71@gmail.com
359,PRAMA AGUNG SEJAHTERA INSANIPerseroan Terbatas (PT),Website :www.pramawinza.idEmail :pramasejahtera@gmail.com
360,KIENS KAPUPON INTERNASIONALPerseroan Terbatas (PT),Website :kiens.co.idEmail :kienskapupon@gmail.com
361,KIENS KAPUPON INTERNASIONALPerseroan Terbatas (PT),Website :kiens.co.idEmail :kienskapupon@gmail.com
362,OXY LIFE GLOBALPerseroan Terbatas (PT),Website :www.vlive-international.comEmail :oxylifeglobal@gmail.com
363,SAUDARA BERBAGI BERKAH BERSAMAPerseroan Terbatas (PT),Website :https://www.sbbb.co.idEmail :saudaraberbagiberkahbersama@gmail.com
364,EDEN NETWORK INDONESIAPerseroan Terbatas (PT),Website :www.edennet.co.idEmail :edennetworkindonesia@gmail.com
365,VARASH SADDAN NUSANTARAPerseroan Terbatas (PT),Website :www.saddannusantara.comEmail :varashsaddannusantara@gmail.com
366,KOMPAK INDONESIA SUKSESPerseroan Terbatas (PT),Website :-Email :kompakindonesiasukses@gmail.com
367,MILAGROS INDONESIA MEGAHPerseroan Terbatas (PT),Website :www.milagros.co.idEmail :legal@milagros.co.id
368,GLORICH SEMESTA ALAMPerseroan Terbatas (PT),Website :http://glorich.co.idEmail :indonesiaglorich@gmail.com
369,KIMSTELLA NETWORK SEJAHTERAPerseroan Terbatas (PT),Website :www.kimstella.co.idEmail :kimstellanetworksejahtera@gmail.com
370,SAPTA TARA BUANAPerseroan Terbatas (PT),Website :www.movinite.idEmail :legalptsaptatarabuana@gmail.com
371,EVOLUSI SYSTEM FINANCIALPerseroan Terbatas (PT),Website :-Email :evosystemfinancial@gmail.com
372,NATURAL NUSANTARAPerseroan Terbatas (PT),Website :-Email :service@naturalnusantara.co.id
373,KIMSTELLA NETWORK SEJAHTERAPerseroan Terbatas (PT),Website :www.kimstella.co.idEmail :kimstellanetworksejahtera@gmail.com
374,PUNCAK SURYA ABADIPerseroan Terbatas (PT),Website :fast2billionare.comEmail :pt.puncaksuryaabadi@gmail.com
375,THANKSAI INTERNATIONAL INDONESIAPerseroan Terbatas (PT),Website :-Email :thanksaiinternationalindonesia@gmail.com
376,MARI MENGGAPAI MIMPIPerseroan Terbatas (PT),Website :khaia.co.idEmail :pt.marimenggapaimimpi@gmail.com
377,CINTA ANUGRAH PERSADAPerseroan Terbatas (PT),Website :www.eulogiasukses.co.idEmail :cintaanugrahpersada@gmail.com
378,JASA ANUGRAH ABADI SUKSESINDOPerseroan Terbatas (PT),Website :www.moringagoldjss.co.id/Email :jasaanugrahabadisuksesindo@gmail.com
379,ANUGERAH WIJAYA INTERNASIONALPerseroan Terbatas (PT),Website :www.anugerahwijaya.comEmail :anugerahwijayainternasional@gmail.com
380,THZ TECHNOLOGY INDONESIAPerseroan Terbatas (PT),Website :www.thz-waves.idEmail :thztechnologyindonesia@gmail.com
381,ZAWARA GEMILANG PRATAMA INTERNASIONALPerseroan Terbatas (PT),Website :www.zawaragemilang.comEmail :ptzawaragemilangpratamainterna@gmail.com
382,SELLERPRO SUKSES ABADIPerseroan Terbatas (PT),Website :www.sellerpro.idEmail :sellerprosukses@gmail.com
383,DOCTOREM INTERNATIONAL ASIAPerseroan Terbatas (PT),Website :www.doctoremasia.co.idEmail :ptdoctoreminternationalasia@gmail.com
384,VEARICH INDO JAYAPerseroan Terbatas (PT),Website :www.vearich.netEmail :vearichindojaya@gmail.com
385,STARA SUKSES GEMILANGPerseroan Terbatas (PT),Website :www.starasukses.co.idEmail :starasejahtera@gmail.com
386,NAGA LANGIT SEMESTAPerseroan Terbatas (PT),Website :www.nagita.netEmail :semestanagalangit@gmail.com
387,BERNIAGA SINERGI NUSANTARAPerseroan Terbatas (PT),Website :www.berkahsinergi.comEmail :ptberniagasinerginusantara@gmail.com
388,DAMAI EKA PRATAMA INDONESIAPerseroan Terbatas (PT),Website :www.damaiekapratamaindonesia.comEmail :fatdept.depindo@gmail.com
389,DIGITAL BUSINESSCARD INTERNATIONALPerseroan Terbatas (PT),Website :-Email :marvin.matheus.susanto20@gmail.com
390,MYMOZZA BILLIONAIRE INTERNATIONALPerseroan Terbatas (PT),Website :www.mymozza-int.comEmail :mymozzabillionaireinternationa@gmail.com
391,MYMOZZA BILLIONAIRE INTERNATIONALPerseroan Terbatas (PT),Website :www.mymozza-int.comEmail :mymozzabillionaireinternationa@gmail.com
392,BOCOROCCO ENTREPRENEUR INDONESIAPerseroan Terbatas (PT),Website :bocorocco-online.comEmail :ptbocoroccoentrepreneur@gmail.com
393,JAFRA COSMETICS INDONESIAPerseroan Terbatas (PT),Website :https://www.jafra.co.id/Email :legal@jafra.co.id
394,BAHTERA BISNIS NUSANTARAPerseroan Terbatas (PT),Website :smart-way.idEmail :bahterabisnisnusantara@gmail.com
395,BERKAH AMANAH SELALUPerseroan Terbatas (PT),Website :berkahamanah.idEmail :ptberkahamanahselalu@gmail.com
396,ATOMY INDONESIA GROUPPerseroan Terbatas (PT),Website :-Email :atomy_id@atomypark.com
397,KOMPAK INDONESIA SUKSESPerseroan Terbatas (PT),Website :-Email :kompakindonesiasukses@gmail.com
398,BEI INTERNATIONAL MARKETINGPerseroan Terbatas (PT),Website :-Email :ptbeiinternational@beintl.com
399,WIKINARA BENING BERSAMA PUTRAPerseroan Terbatas (PT),Website :-Email :wikinarabeningbersamaputra@gmail.com
400,JAFRA COSMETICS INDONESIAPerseroan Terbatas (PT),Website :https://www.jafra.co.id/Email :legal@jafra.co.id
401,JAFRA COSMETICS INDONESIAPerseroan Terbatas (PT),Website :https://www.jafra.co.id/Email :legal@jafra.co.id
402,JUARA KASIH SAYANGPerseroan Terbatas (PT),Website :www.juarakasihsayang.co.idEmail :ptjuarakasihsayang@gmail.com
403,KARUNIA BERKAT SELAMANYAPerseroan Terbatas (PT),Website :-Email :adm.kbs500@gmail.com
404,HARMONI DINAMIK INDONESIAPerseroan Terbatas (PT),Website :https://www.hdistore.com/Email :ratna.putri@hdinetwork.com
405,NAGA LANGIT NUSANTARAPerseroan Terbatas (PT),Website :www.nagita.idEmail :nagalangitnusantara@gmail.com
406,PRIMA JAYA SEMESTA INTERNASIONALPerseroan Terbatas (PT),Website :www.primajayasemesta.comEmail :primajayasemestainternasional@gmail.com
407,NATURA HERBALIZE INDONESIAPerseroan Terbatas (PT),Website :www.naturaherbalize.comEmail :pt.naturaherbalizeindonesia@gmail.com
408,BERKAH AUTO SUKSES SEJAHTERAPerseroan Terbatas (PT),Website :-Email :berkahautosuksessejahtera.pt04@gmail.com
409,UNIVERSAL HEALTH NETWORKPerseroan Terbatas (PT),Website :https://www.uni-health.com/Email :debby.alfi@sohoglobalhealth.com
410,HERBALIFE INDONESIAPerseroan Terbatas (PT),Website :-Email :andamd@herbalife.com
411,HERBALIFE INDONESIAPerseroan Terbatas (PT),Website :-Email :andamd@herbalife.com
412,HARMONI DINAMIK INDONESIAPerseroan Terbatas (PT),Website :https://www.hdistore.com/Email :ratna.putri@hdinetwork.com
413,VARASH SADDAN NUSANTARAPerseroan Terbatas (PT),Website :-Email :varashsaddannusantara@gmail.com
414,STARLA SUKSES SEJAHTERAPerseroan Terbatas (PT),Website :-Email :-
415,BERKAH AMANAH SELALUPerseroan Terbatas (PT),Website :berkahamanah.idEmail :ptberkahamanahselalu@gmail.com
416,JAFRA COSMETICS INDONESIAPerseroan Terbatas (PT),Website :https://www.jafra.co.id/Email :legal@jafra.co.id
417,SEHATI INSAN BERJAYAPerseroan Terbatas (PT),Website :-Email :sehatiinsanberjaya@gmail.com
418,SOLUSI BISNIS INTERNATIONALPerseroan Terbatas (PT),Website :-Email :solubizzofficial@gmail.com
419,BERLIAN SEJATI INDONESIAPerseroan Terbatas (PT),Website :-Email :bsi.berlian3@gmail.com
420,BERSAMA KINGSA SEJAHTERAPerseroan Terbatas (PT),Website :www.kingsa.co.idEmail :bersamakingsasejahtera@gmail.com
421,AURA RAYYAH RAFLESIA INTERNASIONALPerseroan Terbatas (PT),Website :-Email :ptaurarayyahraflesiaint@gmail.com
422,BIO NATURAL MARKETING INDONESIAPerseroan Terbatas (PT),Website :-Email :bionaturalmarketing135@gmail.com
423,BERSAMA KINGSA SEJAHTERAPerseroan Terbatas (PT),Website :www.kingsa.co.idEmail :bersamakingsasejahtera@gmail.com
424,KELUARGA ISTIMEWA NETWORKPerseroan Terbatas (PT),Website :www.istimewa.co.idEmail :keluargaistimewanetwork@gmail.com
425,RETURN LEGACY INDONESIAPerseroan Terbatas (PT),Website :https://returnlegacy.co.id/Email :adm.rlipt@gmail.com
426,KOMPAK INDONESIA SUKSESPerseroan Terbatas (PT),Website :-Email :kompakindonesiasukses@gmail.com
427,ARLEAD GLOBAL INTERNASIONALPerseroan Terbatas (PT),Website :arlead-int.bizEmail :ptarleadglobalinternasional@gmail.com
428,HARMONI DINAMIK INDONESIAPerseroan Terbatas (PT),Website :https://www.hdistore.com/Email :ratna.putri@hdinetwork.com
429,BERKAH AUTO SUKSES SEJAHTERAPerseroan Terbatas (PT),Website :-Email :berkahautosuksessejahtera.pt04@gmail.com
430,MUTIARA MASLAHAT MULIAPerseroan Terbatas (PT),Website :www.mutiaramaslahatmulia.comEmail :mutiara.maslahat3@gmail.com
431,KARUNIA BERJAYA SELAMANYAPerseroan Terbatas (PT),Website :-Email :prast.hrd@gmail.com
432,MUTIARA MASLAHAT MULIAPerseroan Terbatas (PT),Website :www.mutiaramaslahatmulia.comEmail :mutiara.maslahat3@gmail.com
433,SAHABAT SEJATI GROUPPerseroan Terbatas (PT),Website :www.sahabatsejatigroup.co.idEmail :groupsahabatsejati@gmail.com
434,BERKAH AMANAH SELALUPerseroan Terbatas (PT),Website :berkahamanah.idEmail :ptberkahamanahselalu@gmail.com
435,MARISI ABADI SEJAHTERAPerseroan Terbatas (PT),Website :www.marisiabadisejahtera.comEmail :marisiabadisejahtera.pt@yahoo.com
436,HEALTH WEALTH INTERNATIONALPerseroan Terbatas (PT),Website :https://www.healthwealthint.comEmail :realmailhwi@gmail.com
437,BEI INTERNATIONAL MARKETINGPerseroan Terbatas (PT),Website :-Email :ptbeiinternational@beintl.com
438,MIRACLE ORGANO INTERNATIONALPerseroan Terbatas (PT),Website :-Email :Miracleorganointernational@gmail.com
439,ARMINAREKA PHARMASIA PRATAMAPerseroan Terbatas (PT),Website :www.arminadaily.idEmail :info@arminadaily.id
440,MILAGROS INDONESIA MEGAHPerseroan Terbatas (PT),Website :www.milagros.co.idEmail :legal@milagros.co.id
441,ELKEN GLOBAL INDONESIAPerseroan Terbatas (PT),Website :-Email :lisma@elken.com
442,PEMENANG BILYUNER INDONESIAPerseroan Terbatas (PT),Website :-Email :pt.pemenangbilyuner.indonesia@gmail.com
443,TARAPRIMA MEGAHPerseroan Terbatas (PT),Website :-Email :carlanatan@hotmail.com
444,PEMENANG BILYUNER INDONESIAPerseroan Terbatas (PT),Website :-Email :pt.pemenangbilyuner.indonesia@gmail.com
445,ARNET SUKSES MANDIRIPerseroan Terbatas (PT),Website :www.netlife.idEmail :arnetnetlife@gmail.com
446,CAHAYA GUNUNG INTENPerseroan Terbatas (PT),Website :ptcgi.idEmail :bulanramadhani@gmail.com
447,BERLIAN CEMERLANG AMANAHPerseroan Terbatas (PT),Website :www.berlian.co.idEmail :berliancemerlangamanah@gmail.com
448,MAKIN JAYA AGUNGPerseroan Terbatas (PT),Website :-Email :makinjayaagung17@gmail.com
449,TENDEN KARYA NUSANTARAPerseroan Terbatas (PT),Website :www.tenden.idEmail :pt.tendenkaryanusantara@outlook.com
450,ALEXA NETWORK INDONESIAPerseroan Terbatas (PT),Website :www.aninet2u.comEmail :alexanetworkindonesia@gmail.com
451,GERAK USAHA SAHABATPerseroan Terbatas (PT),Website :www.deal-gus.comEmail :ptgerakusahasahabat@gmail.com
452,COWAY INTERNATIONAL INDONESIAPerseroan Terbatas (PT),Website :-Email :indonesiacoway@hotmail.com
453,HOKI KLUB INDONESIAPerseroan Terbatas (PT),Website :-Email :hokiklubindonesia@gmail.com
454,KLIK DNA MANDIRIPerseroan Terbatas (PT),Website :www.klikdna.comEmail :hr.gisolution@gmail.com
455,DYNASTY NUSANTARA SUKSESPerseroan Terbatas (PT),Website :www.nushealth.comEmail :ptdynastynusantarasukses@gmail.com
456,BHEVIN MAKMUR BERLIMPAHPerseroan Terbatas (PT),Website :-Email :bhevinmakmurberlimpah@gmail.com
457,BANGKIT SUKSES MENDUNIAPerseroan Terbatas (PT),Website :-Email :bangkitsuksesmendunia@gmail.com
458,HARAPAN SANTOSA INDONESIAPerseroan Terbatas (PT),Website :https:hopesellerindo.comEmail :pt.harapansantosaindonesia@gmail.com
459,BANDUNG ECO SINERGI TEKNOLOGIPerseroan Terbatas (PT),Website :-Email :official.sinergyworld@gmail.com
460,CHAMELINDO GLOBAL AMARTAPerseroan Terbatas (PT),Website :-Email :chameliindonesia@gmail.com
461,CHAMELINDO GLOBAL AMARTAPerseroan Terbatas (PT),Website :-Email :chameliindonesia@gmail.com
462,TRIDAYA SINERGI INDONESIAPerseroan Terbatas (PT),Website :-Email :tridayasinergiindonesia@gmail.com
463,CANGKLONG ELEKTRIK INDONESIAPerseroan Terbatas (PT),Website :-Email :cangkel.official@gmail.com
464,ANANDA SUKSES ABADIPerseroan Terbatas (PT),Website :-Email :anandasuksesabadi.pt@gmail.com
465,RADJA BARQUN INTERNATIONALPerseroan Terbatas (PT),Website :www.barqun.idEmail :radjabarquninternasional@gmail.com
466,VISI INSAN SUKSES INDONESIAPerseroan Terbatas (PT),Website :www.vivigroup.comEmail :academybisnis@gmail.com
467,KAYA HAYAT REZEKIPerseroan Terbatas (PT),Website :www.easecoxgroup.comEmail :kayahayatrezeki1988@gmail.com
468,NUSA SELARAS INDONESIAPerseroan Terbatas (PT),Website :https://www.nuskin.com/content/nuskin/in_ID/home.htmlEmail :kkisizenia@nuskin.com
469,BERKAH SARI BASMALAPerseroan Terbatas (PT),Website :-Email :berkahsaribasmala@gmail.com
470,PILAR JAYA GEMILANGPerseroan Terbatas (PT),Website :www.pilarjayagemilang.comEmail :PILARJAYAGEMILANG@GMAIL.COM
471,PILAR JAYA GEMILANGPerseroan Terbatas (PT),Website :www.pilarjayagemilang.comEmail :PILARJAYAGEMILANG@GMAIL.COM
472,ISPYN NETWORK INTERNATIONALPerseroan Terbatas (PT),Website :-Email :ispyn.international@gmail.com
473,BSY BIOTECHNOLOGY GROUPPerseroan Terbatas (PT),Website :www.h5.bhishop.netEmail :bsybiotechnology@gmail.com
474,TRUE LIFE EMPIREPerseroan Terbatas (PT),Website :www.truelife.bizEmail :cs.truelifeempire@gmail.com
475,YOU NEED INTERNATIONALPerseroan Terbatas (PT),Website :www.aogunderwear.comEmail :ptyouneedinternational@gmail.com
476,K-LINK NUSANTARAPerseroan Terbatas (PT),Website :www.k-link.co.idEmail :legalklink@gmail.com
477,FITLINE NUTRITION AND COSMETICSPerseroan Terbatas (PT),Website :-Email :office-fitline@pm-international.co.id
478,CENTRAL BERKAH AMANAHPerseroan Terbatas (PT),Website :www.centralberkahamanah.comEmail :centralberkahamanahcba@gmail.com
479,GAHAR HERBA NATURA INDONESIAPerseroan Terbatas (PT),Website :-Email :ptghanipusat@gmail.com
480,KIMSTELLA NETWORK SEJAHTERAPerseroan Terbatas (PT),Website :www.kimstella.co.idEmail :kimstellanetworksejahtera@gmail.com
481,CENTRAL BERKAH AMANAHPerseroan Terbatas (PT),Website :www.centralberkahamanah.comEmail :centralberkahamanahcba@gmail.com
482,KIMSTELLA NETWORK SEJAHTERAPerseroan Terbatas (PT),Website :www.kimstella.co.idEmail :kimstellanetworksejahtera@gmail.com
483,LEAFHEA INTERNATIONAL NETWORKPerseroan Terbatas (PT),Website :-Email :Leafheaofficial@gmail.com
484,TAMBAH ASET GLOBALPerseroan Terbatas (PT),Website :-Email :Rongji.hong@gmail.com
485,NUSA SELARAS INDONESIAPerseroan Terbatas (PT),Website :https://www.nuskin.com/content/nuskin/in_ID/home.htmlEmail :kkisizenia@nuskin.com
486,WAHANA INSAN NURANIPerseroan Terbatas (PT),Website :www.wingroup.co.idEmail :wahanainsannurani369@gmail.com
487,ASAYAMA FAMILI CAHAYA INDONESIAPerseroan Terbatas (PT),Website :-Email :afclifesciencemail@gmail.com
488,HARAPAN EMAS BERSAUDARAPerseroan Terbatas (PT),Website :-Email :harapanemasbersaudara@gmail.com
489,SUPERLIFE BIO INDONESIAPerseroan Terbatas (PT),Website :-Email :ptsuperlifebioindonesia@gmail.com
490,BERNIAGA BERKAH CEMERLANGPerseroan Terbatas (PT),Website :www.berniagaberkahcemerlang.comEmail :berniagaberkahcemerlang@gmail.com
491,BIMA MANDIRI ABADIPerseroan Terbatas (PT),Website :www.bimaindonesia.idEmail :PTBIMAMANDIRI@OUTLOOK.COM
492,PRIMA JAYA SEMESTA INTERNASIONALPerseroan Terbatas (PT),Website :www.primajayasemesta.comEmail :primajayasemestainternasional@gmail.com
493,SANIGURIH REKATAMAPerseroan Terbatas (PT),Website :www.sanigurih.comEmail :ptsanigurihr@gmail.com
494,TARAPRIMA MEGAHPerseroan Terbatas (PT),Website :-Email :carlanatan@hotmail.com
495,ARNET SUKSES MANDIRIPerseroan Terbatas (PT),Website :www.netlife.idEmail :arnetnetlife@gmail.com
496,JAFRA COSMETICS INDONESIAPerseroan Terbatas (PT),Website :https://www.jafra.co.id/Email :legal@jafra.co.id
497,HARMONI DINAMIK INDONESIAPerseroan Terbatas (PT),Website :-Email :ratna.putri@hdinetwork.com
498,KAYA HAYAT REZEKIPerseroan Terbatas (PT),Website :www.easecoxgroup.comEmail :kayahayatrezeki1988@gmail.com
499,USANA HEALTH SCIENCES INDONESIAPerseroan Terbatas (PT),Website :-Email :tiffani.victoria@usanainc.com
500,MILAGROS INDONESIA MEGAHPerseroan Terbatas (PT),Website :www.milagros.co.idEmail :legal@milagros.co.id
501,SINAR NUSA INDOJAYAPerseroan Terbatas (PT),Website :-Email :pt.sinarnusaindojaya@gmail.com
502,SANTE INTERNATIONAL INDONESIAPerseroan Terbatas (PT),Website :-Email :yusroni.fadli@santenewzealand.com
503,AIIVISION INTERNASIONAL INDONESIAPerseroan Terbatas (PT),Website :-Email :ptaiivision@gmail.com
504,BERKAH AMANAH SELALUPerseroan Terbatas (PT),Website :berkahamanah.idEmail :ptberkahamanahselalu@gmail.com
505,EMBUN SEGAR NUSANTARAPerseroan Terbatas (PT),Website :-Email :embunsegarpt@gmail.com
506,CENTRAL BERKAH AMANAHPerseroan Terbatas (PT),Website :www.centralberkahamanah.comEmail :centralberkahamanahcba@gmail.com
507,ROYAL SEJAHTERA INDONESIAPerseroan Terbatas (PT),Website :-Email :ptroyalsejahteraindonesia@gmail.com
508,RATU LANGIT INDONESIAPerseroan Terbatas (PT),Website :www.ratulangit.idEmail :ratulangitindonesia@gmail.com
509,SAHABAT SEJATI GROUPPerseroan Terbatas (PT),Website :-Email :groupsahabatsejati@gmail.com
510,ALAMO GREEN LIFEPerseroan Terbatas (PT),Website :-Email :alamogreenlife@gmail.com
511,BANDUNG ECO SINERGI TEKNOLOGIPerseroan Terbatas (PT),Website :-Email :official.sinergyworld@gmail.com
512,ALAMO GREEN LIFEPerseroan Terbatas (PT),Website :-Email :alamogreenlife@gmail.com
513,PRIFE SINAR SEJAHTERAPerseroan Terbatas (PT),Website :-Email :pt.prifesinarsejahtera@gmail.com
514,JOSS OPTIMA SAMPURNAPerseroan Terbatas (PT),Website :-Email :jossoptimasampurna@gmail.com
515,SUKSES NUSANTARA SAKTI DUA PULUH SATU INTERNASIONALPerseroan Terbatas (PT),Website :-Email :ptsns21@gmail.com
516,NATURA PRIMA BEAUTYPerseroan Terbatas (PT),Website :-Email :naturaworld.official@gmail.com
517,USAHA NYATA INSAN CEMERLANGPerseroan Terbatas (PT),Website :-Email :-
518,RER TEKNO INDONESIAPerseroan Terbatas (PT),Website :-Email :ptrerteknoindonesia@gmail.com
519,NYRTEA BEAUTIKA NUSANTARAPerseroan Terbatas (PT),Website :-Email :nyrtea.nusantara@gmail.com
520,BISNIS ONLINE BAHAGIAPerseroan Terbatas (PT),Website :-Email :-
521,SINGA LANGIT JAYAPerseroan Terbatas (PT),Website :-Email :-
522,COWAY INTERNATIONAL INDONESIAPerseroan Terbatas (PT),Website :-Email :indonesiacoway@hotmail.com
523,CITRA HARAPAN INDONESIAPerseroan Terbatas (PT),Website :-Email :ptcitraharapanindonesia@gmail.com
524,GEMMA GLOBAL INDONESIAPerseroan Terbatas (PT),Website :-Email :gemmaglobalind@gmail.com
525,CINTA ANUGRAH PERSADAPerseroan Terbatas (PT),Website :-Email :pt.cintaanugrahpersada@gmail.com
526,DYNAMIC ACE GLOBAL INDONESIAPerseroan Terbatas (PT),Website :-Email :dynamicaceglobalindonesia135@gmail.com
527,VINDO INTI PERSADAPerseroan Terbatas (PT),Website :-Email :pt.vindointipersada@gmail.com
528,NIAT MULIA SEJAHTERAPerseroan Terbatas (PT),Website :-Email :niatmuliasejahtera@gmail.com
529,PRIFE SINAR SEJAHTERAPerseroan Terbatas (PT),Website :-Email :pt.prifesinarsejahtera@gmail.com
530,BIGENMI GEMILANG INDONESIAPerseroan Terbatas (PT),Website :-Email :bigenmi.official@gmail.com
531,VISI SINARMAS PERKASAPerseroan Terbatas (PT),Website :-Email :vivaforever.solo@gmail.com
532,GOLDEN MEDICA INTERNASIONALPerseroan Terbatas (PT),Website :-Email :golden.medica82@gmail.com
533,FITLINE NUTRITION AND COSMETICSPerseroan Terbatas (PT),Website :-Email :office-fitline@pm-international.co.id
534,BERKAH AMANAH SELALUPerseroan Terbatas (PT),Website :-Email :ptberkahamanahselalu@gmail.com
535,PANEN OKTAMAS WIRAWAN EKA RAHARJAPerseroan Terbatas (PT),Website :-Email :powerintl97@gmail.com
536,JUARA KASIH SAYANGPerseroan Terbatas (PT),Website :-Email :ptjuarakasihsayang@gmail.com
537,ANGKASA WIJAYA INTERNASIONALPerseroan Terbatas (PT),Website :-Email :wijayainternasional86@gmail.com
538,BERLIAN CEMERLANG AMANAHPerseroan Terbatas (PT),Website :-Email :berliancemerlangamanah@gmail.com
539,RAJA WALET INDONESIAPerseroan Terbatas (PT),Website :-Email :blackwaletpusat@gmail.com
540,HARMONI DINAMIK INDONESIAPerseroan Terbatas (PT),Website :-Email :ratna.putri@hdinetwork.com
541,HARMONI DINAMIK INDONESIAPerseroan Terbatas (PT),Website :-Email :ratna.putri@hdinetwork.com
542,RAJA WALET INDONESIAPerseroan Terbatas (PT),Website :-Email :blackwaletpusat@gmail.com
543,INOVASI BRILIAN SUKSESPerseroan Terbatas (PT),Website :-Email :inovasibriliansukses@gmail.com
544,DUTA AMANAH INTERNASIONALPerseroan Terbatas (PT),Website :-Email :pt.dutaamanahinternasional@gmail.com
545,ORIENTAL INCHAWAY INTERNATIONALPerseroan Terbatas (PT),Website :-Email :orientalinchawayinternational@gmail.com
546,BERNIAGA BERKAH CEMERLANGPerseroan Terbatas (PT),Website :-Email :berniagaberkahcemerlang@gmail.com
547,UNIVERSAL HERBA TEKNOLOGIPerseroan Terbatas (PT),Website :-Email :universeindonesia.official@gmail.com
548,JENJANG TANGGUH CEMERLANGPerseroan Terbatas (PT),Website :-Email :pt.jenjangcemerlang@gmail.com
549,LEAFHEA INTERNATIONAL NETWORKPerseroan Terbatas (PT),Website :-Email :Leafheaofficial@gmail.com
550,SBS NETWORK INTERNASIONALPerseroan Terbatas (PT),Website :-Email :qliteofficial@gmail.com
551,FAZZA BEAUTY SKINPerseroan Terbatas (PT),Website :-Email :pt.fazzabeautyskin@gmail.com
552,RADJAYERA JAYA UTAMAPerseroan Terbatas (PT),Website :-Email :jayautamaradjayera@gmail.com
553,PATTARA RAJAWALI INDONESIAPerseroan Terbatas (PT),Website :-Email :Info@pattara.co.id
554,BIOTECH SEHAT BERSAMAPerseroan Terbatas (PT),Website :-Email :biotechsehatbersama@gmail.com
555,EAZY BINA SINERGIPerseroan Terbatas (PT),Website :-Email :eazybinasinergi@gmail.com
556,JAVA LIFE NUSANTARAPerseroan Terbatas (PT),Website :-Email :javalifenusantara@gmail.com
557,SHUFI ALMUBARAK INTERNASIONALPerseroan Terbatas (PT),Website :-Email :shamtravel.pusat@gmail.com
558,SHINE BEAUTY INTERNATIONALPerseroan Terbatas (PT),Website :-Email :shinebeautyinternasional@gmail.com
559,SURYA DUTA GREENINDOPerseroan Terbatas (PT),Website :-Email :greenindosuryaduta@gmail.com
560,HARMONI DINAMIK INDONESIAPerseroan Terbatas (PT),Website :-Email :ratna.putri@hdinetwork.com
561,SUKSES INTEGRITAS PERKASAPerseroan Terbatas (PT),Website :-Email :rm@sipindonesia.com
562,HARMONI DINAMIK INDONESIAPerseroan Terbatas (PT),Website :-Email :ratna.putri@hdinetwork.com
563,CENDRAWASIH NETWORK PAPUAPerseroan Terbatas (PT),Website :-Email :cendrawasihnetworkpapua@gmail.com
564,VOLTEN INTERNATIONAL NUSANTARAPerseroan Terbatas (PT),Website :-Email :voltenindonesia02@gmail.com
565,RIADY BANGGA INDONESIAPerseroan Terbatas (PT),Website :-Email :riadybanggaindonesia@gmail.com
566,MAKIN JAYA AGUNGPerseroan Terbatas (PT),Website :-Email :makinjayaagung17@gmail.com
567,LEAFHEA INTERNATIONAL NETWORKPerseroan Terbatas (PT),Website :-Email :Leafheaofficial@gmail.com
568,MERBHA SUKSES ABADIPerseroan Terbatas (PT),Website :-Email :MerbhaSuksesABADI@gmail.com
569,SUWASA AJI HEMASPerseroan Terbatas (PT),Website :-Email :suwasaajihemas@gmail.com
570,SULTAN ASLI INDONESIAPerseroan Terbatas (PT),Website :-Email :pt.sultanasliindonesia@gmail.com
571,CENTRAL BERKAH AMANAHPerseroan Terbatas (PT),Website :-Email :centralberkahamanahcba@gmail.com
572,JUARA KASIH SAYANGPerseroan Terbatas (PT),Website :-Email :ptjuarakasihsayang@gmail.com
573,MAGNER INTERNATIONAL GROUPPerseroan Terbatas (PT),Website :-Email :magnerinternationalgroup27@gmail.com
574,PRIMA JAYA SEMESTA INTERNASIONALPerseroan Terbatas (PT),Website :-Email :primajayasemestainternasional@gmail.com
575,AIDA DAHAYU PERKASAPerseroan Terbatas (PT),Website :-Email :dahayuaidaniaga@gmail.com
576,BERLIAN SEJATI INDONESIAPerseroan Terbatas (PT),Website :-Email :bsi.berlian3@gmail.com
577,NYRTEA BEAUTIKA NUSANTARAPerseroan Terbatas (PT),Website :-Email :nyrtea.nusantara@gmail.com
578,SRIKANDHI JAYATAMA INDONESIAPerseroan Terbatas (PT),Website :-Email :srikandhijayatamaindonesia@gmail.com
579,RENER INTI INTERNASIONALPerseroan Terbatas (PT),Website :-Email :nasirindonesia99@gmail.com
580,BERNIAGA SINERGI NUSANTARAPerseroan Terbatas (PT),Website :-Email :ptberniagasinerginusantara@gmail.com
581,DENYUT EXPANSI DIKEPerseroan Terbatas (PT),Website :-Email :pt.denyutexpansidike@yahoo.com
582,BERNIAGA SINERGI NUSANTARAPerseroan Terbatas (PT),Website :-Email :ptberniagasinerginusantara@gmail.com
583,CITRA LANGGENG BERKAH KEMILAUPerseroan Terbatas (PT),Website :-Email :clbkclub@gmail.com
584,SINAR VISIONER INDONESIAPerseroan Terbatas (PT),Website :-Email :roystanani2678@gmail.com
585,GCOOP GLOBAL INDONESIAPerseroan Terbatas (PT),Website :-Email :gcindonesia@gcoop.com
586,KARUNIA BERJAYA SELAMANYAPerseroan Terbatas (PT),Website :-Email :prast.hrd@gmail.com
587,LIFEWAVE INTERNASIONAL INDONESIAPerseroan Terbatas (PT),Website :-Email :lifewaveinternasional@gmail.com
588,SINAR VISIONER INDONESIAPerseroan Terbatas (PT),Website :-Email :roystanani2678@gmail.com
589,LIFEWAVE INTERNASIONAL INDONESIAPerseroan Terbatas (PT),Website :-Email :lifewaveinternasional@gmail.com
590,CAHAYA ANGKASA INDONESIA MAJUPerseroan Terbatas (PT),Website :-Email :cahayacaim57@gmail.com
591,CAHAYA ANGKASA INDONESIA MAJUPerseroan Terbatas (PT),Website :-Email :cahayacaim57@gmail.com
592,HEMICO INTERNATIONAL INDONESIAPerseroan Terbatas (PT),Website :-Email :hemicoindonesia@gmail.com
593,GEMILANG CITRUS BERJAYAPerseroan Terbatas (PT),Website :-Email :gusbiz9@gmail.com
594,NAGA LANGIT NUSANTARAPerseroan Terbatas (PT),Website :-Email :nagalangitnusantara@gmail.com
595,SOLUSI SEHAT SUKSES BERSINERGIPerseroan Terbatas (PT),Website :-Email :ptsolusisehatsuksesbersinergi@gmail.com
596,MIRACLE MASTERPLAN INDONESIAPerseroan Terbatas (PT),Website :-Email :miraclemasterplan@gmail.com
597,NUSANTARA AGRO FARMAPerseroan Terbatas (PT),Website :-Email :nafnusantara@gmail.com
598,ONEMORE INTERNATIONAL ASIAPerseroan Terbatas (PT),Website :-Email :onemoreinternationalasia@gmail.com
599,ARNET SUKSES MANDIRIPerseroan Terbatas (PT),Website :-Email :arnetnetlife@gmail.com
600,MAHKOTA SUKSES INDONESIAPerseroan Terbatas (PT),Website :-Email :mahkotaindonesia.official@gmail.com
601,MILLIONAIRE CLUB INDONESIAPerseroan Terbatas (PT),Website :-Email :Millionaireclubindonesia@yahoo.com
602,MAHKOTA SUKSES INDONESIAPerseroan Terbatas (PT),Website :-Email :mahkotaindonesia.official@gmail.com
603,FOHOWAY INTERNATIONAL ASPACPerseroan Terbatas (PT),Website :-Email :fohowayinternationalaspac@gmail.com
604,ALFA NETWORK INTERNATIONALPerseroan Terbatas (PT),Website :-Email :alfanetworkinternational@triots.com
605,BHEVIN MAKMUR BERLIMPAHPerseroan Terbatas (PT),Website :-Email :bhevinmakmurberllimpah@gmail.com
606,SEVENTA BERNIAGA INTERNATIONALPerseroan Terbatas (PT),Website :-Email :seventacorporate@gmail.com
607,BHEVIN NUSANTARA BERJAYAPerseroan Terbatas (PT),Website :-Email :bhevinnusantara@gmail.com
608,JAFRA COSMETICS INDONESIAPerseroan Terbatas (PT),Website :-Email :legal@jafra.co.id
609,BISA INTERNASIONAL SEJAHTERA ABADIPerseroan Terbatas (PT),Website :-Email :Ptbisa.international@gmail.com
610,SUWASA AJI HEMASPerseroan Terbatas (PT),Website :-Email :suwasaajihemas@gmail.com
611,SUWASA AJI HEMASPerseroan Terbatas (PT),Website :-Email :suwasaajihemas@gmail.com
612,BERKAH AMANAH SELALUPerseroan Terbatas (PT),Website :-Email :ptberkahamanahselalu@gmail.com
613,CIPTA INDOTAMA PERKASAPerseroan Terbatas (PT),Website :-Email :pt.ciptaindotamaperkasa@gmail.com
614,JAVA LIFE NUSANTARAPerseroan Terbatas (PT),Website :-Email :javalifenusantara@gmail.com
615,LETZGO INDONESIA JAYAPerseroan Terbatas (PT),Website :-Email :indonesiajayaletzgo@gmail.com
616,RADJAYERA JAYA UTAMAPerseroan Terbatas (PT),Website :-Email :jayautamaradjayera@gmail.com
617,MAHESA MANUNGGAL NETWORKPerseroan Terbatas (PT),Website :-Email :ptmahesamanunggalnetwork@gmail.com
618,ASEA ADVANCING LIFE INDONESIAPerseroan Terbatas (PT),Website :-Email :aseaadvancinglifeindonesia22@gmail.com
619,GLOBAL AURA GEMILANGPerseroan Terbatas (PT),Website :-Email :globalauragemilang@gmail.com
620,SINAR SUKSES IMPIANPerseroan Terbatas (PT),Website :-Email :ssisinarsukses@gmail.com
621,HARMONI DINAMIK INDONESIAPerseroan Terbatas (PT),Website :-Email :ratna.putri@hdinetwork.com
622,BWL INDONESIAPerseroan Terbatas (PT),Website :-Email :jayaexpress@gmail.com
623,MARKET AMERICA INDONESIAPerseroan Terbatas (PT),Website :-Email :valerias@marketamerica.com
624,MUTIARA MASLAHAT MULIAPerseroan Terbatas (PT),Website :-Email :ptmutiaramaslahatmulia@gmail.com
625,RWY GLOBAL KINETICPerseroan Terbatas (PT),Website :-Email :ptrwyglobalkinetic@gmail.com
626,PRIMA JAYA SEMESTA INTERNASIONALPerseroan Terbatas (PT),Website :-Email :primajayasemestainternasional@gmail.com
627,TRIDAYA SINERGI INDONESIAPerseroan Terbatas (PT),Website :-Email :tridayasinergiindonesia@gmail.com
628,OLYLIFE INTERNATIONAL INDONESIAPerseroan Terbatas (PT),Website :-Email :olylifeintrindonesia@gmail.com
629,ARBIELA BERKAH SEJAHTERAPerseroan Terbatas (PT),Website :-Email :arbielaberkahsejahterapt@gmail.com
630,LETZGO INDONESIA JAYAPerseroan Terbatas (PT),Website :-Email :indonesiajayaletzgo@gmail.com
631,ANUGERAH BERDIKARI CEMERLANGPerseroan Terbatas (PT),Website :-Email :bamsudiro2478@gmail.com
632,QUICKGLAM MAKMUR SEJAHTERAPerseroan Terbatas (PT),Website :-Email :quickglammakmursejahtera@gmail.com
633,SUPA HABU NATURAPerseroan Terbatas (PT),Website :-Email :supahabu.id@gmail.com
634,GLOBAL MEGA BERKAT INTERNASIONALPerseroan Terbatas (PT),Website :-Email :GMBInternasional@gmail.com
635,COWAY INTERNATIONAL INDONESIAPerseroan Terbatas (PT),Website :-Email :indonesiacoway@hotmail.com
636,JAFRA COSMETICS INDONESIAPerseroan Terbatas (PT),Website :-Email :legal@jafra.co.id
637,BANGKIT SUKSES SEJAHTERAPerseroan Terbatas (PT),Website :-Email :ptbangkitsuksessejahtera@gmail.com
638,WUJUD SUKSES SEJAHTERAPerseroan Terbatas (PT),Website :-Email :wujudsuksessejahtera@gmail.com
639,ENVI SINARI KEHIDUPANPerseroan Terbatas (PT),Website :-Email :benyaminwin16@gmail.com
640,SHAKTI DEVELOPMENT INDONESIAPerseroan Terbatas (PT),Website :-Email :shaktidevelopmentindonesia@triots.com
641,ODO INTERNATIONAL INDONESIAPerseroan Terbatas (PT),Website :-Email :ptoddointindonesia@gmail.com
642,SHAKTI DEVELOPMENT INDONESIAPerseroan Terbatas (PT),Website :-Email :shaktidevelopmentindonesia@triots.com
643,BLAZE BIAN JAYAPerseroan Terbatas (PT),Website :-Email :-
644,ARNET SUKSES MANDIRIPerseroan Terbatas (PT),Website :-Email :arnetnetlife@gmail.com
645,GAMATA UTAMAPerseroan Terbatas (PT),Website :-Email :auunachmad@gmail.com
646,NAGA LANGIT NUSANTARAPerseroan Terbatas (PT),Website :-Email :nagalangitnusantara@gmail.com
647,ABI DUTA INDONESIAPerseroan Terbatas (PT),Website :-Email :abi.dutaindonesiaofficial@gmail.com
648,HERBAL AGRO INDUSTRI INDONESIAPerseroan Terbatas (PT),Website :-Email :-
649,ORBIT SEMBILAN SEMBILANPerseroan Terbatas (PT),Website :-Email :orbit99group@gmail.com
650,DNG WORLDWIDE INDONESIAPerseroan Terbatas (PT),Website :-Email :ptdngworldwide@gmail.com
651,FAZZA BEAUTY SKINPerseroan Terbatas (PT),Website :-Email :pt.fazzabeautyskin@gmail.com
652,SHAUDYA DIAN GEMINTANGPerseroan Terbatas (PT),Website :-Email :shaudyaofficial@gmail.com
653,ALAMO GREEN LIFEPerseroan Terbatas (PT),Website :-Email :alamogreenlife@gmail.com
654,KIMSTELLA NETWORK SEJAHTERAPerseroan Terbatas (PT),Website :-Email :kimstellanetworksejahtera@gmail.com
655,JAFRA COSMETICS INDONESIAPerseroan Terbatas (PT),Website :-Email :legal@jafra.co.id
656,BLAZE BIAN JAYAPerseroan Terbatas (PT),Website :-Email :-
657,BERKAT IMAN HIDUPPerseroan Terbatas (PT),Website :-Email :BERKATIMANHIDUP@GMAIL.COM
658,BERKAH AUTO SUKSES SEJAHTERAPerseroan Terbatas (PT),Website :-Email :berkahautosuksessejahtera.pt04@gmail.com
659,POWER MAX INTERNASIONALPerseroan Terbatas (PT),Website :-Email :powermaxinternasional@gmail.com
660,TANGGUH MAJU TERUSPerseroan Terbatas (PT),Website :-Email :tangguhmajuterus@gmail.com
661,MAHESA MANUNGGAL NETWORKPerseroan Terbatas (PT),Website :-Email :ptmahesamanunggalnetwork@gmail.com
662,TANGGUH MAJU TERUSPerseroan Terbatas (PT),Website :-Email :tangguhmajuterus@gmail.com
663,STARLA SUKSES SEJAHTERAPerseroan Terbatas (PT),Website :-Email :-
664,MARI MENGGAPAI MIMPIPerseroan Terbatas (PT),Website :-Email :pt.marimenggapaimimpi@gmail.com
665,MAKIN JAYA AGUNGPerseroan Terbatas (PT),Website :-Email :makinjayaagung17@gmail.com
666,BISA ASAL MAUPerseroan Terbatas (PT),Website :-Email :bisaasalmau@gmail.com
667,SUKSES SERASI NUSANTARAPerseroan Terbatas (PT),Website :-Email :suksesserasinusantara@gmail.com
668,ARNET SUKSES MANDIRIPerseroan Terbatas (PT),Website :-Email :arnetnetlife@gmail.com
669,DNG WORLDWIDE INDONESIAPerseroan Terbatas (PT),Website :-Email :ptdngworldwide@gmail.com
670,CINTA ANUGRAH PERSADAPerseroan Terbatas (PT),Website :-Email :pt.cintaanugrahpersada@gmail.com
671,CINTA ANUGRAH PERSADAPerseroan Terbatas (PT),Website :-Email :pt.cintaanugrahpersada@gmail.com
672,NYRTEA BEAUTIKA NUSANTARAPerseroan Terbatas (PT),Website :-Email :nyrtea.nusantara@gmail.com
673,RATAUSAT SUKSES MENDUNIAPerseroan Terbatas (PT),Website :-Email :ratausatsuksesmendunia@gmail.com
674,ONEMORE INTERNATIONAL ASIAPerseroan Terbatas (PT),Website :-Email :onemoreinternationalasia@gmail.com
675,NAWA BIMA CAKRAWALAPerseroan Terbatas (PT),Website :-Email :nawabimacakrawalapt@gmail.com
676,KARUNIA BERJAYA SELAMANYAPerseroan Terbatas (PT),Website :-Email :prast.hrd@gmail.com
677,LEAFHEA INTERNATIONAL NETWORKPerseroan Terbatas (PT),Website :-Email :Leafheaofficial@gmail.com
678,AIDA DAHAYU PERKASAPerseroan Terbatas (PT),Website :-Email :dahayuaidaniaga@gmail.com
679,UNIVERSAL HEALTH NETWORKPerseroan Terbatas (PT),Website :-Email :debby.alfi@sohoglobalhealth.com
680,RIADY BANGGA INDONESIAPerseroan Terbatas (PT),Website :-Email :riadybanggaindonesia@gmail.com
681,CHILS BEAUTE INDONESIAPerseroan Terbatas (PT),Website :-Email :chils.beaute@gmail.com
682,YOO SAI HIROPerseroan Terbatas (PT),Website :-Email :yoosaihiro@gmail.com
683,HERBA PENAWAR ALWAHIDA INDONESIAPerseroan Terbatas (PT),Website :-Email :crm@hni.net
684,PRIMA JAYA SEMESTA INTERNASIONALPerseroan Terbatas (PT),Website :-Email :primajayasemestainternasional@gmail.com
685,NAGA LANGIT SEMESTAPerseroan Terbatas (PT),Website :-Email :semestanagalangit@gmail.com
686,ONEMORE INTERNATIONAL ASIAPerseroan Terbatas (PT),Website :-Email :onemoreinternationalasia@gmail.com
687,BEI INTERNATIONAL MARKETINGPerseroan Terbatas (PT),Website :-Email :ptbeiinternational@beintl.com
688,FAZZA BEAUTY SKINPerseroan Terbatas (PT),Website :-Email :pt.fazzabeautyskin@gmail.com
689,ALN CITRA NETWORKPerseroan Terbatas (PT),Website :-Email :pt.alncitranetwork@gmail.com
690,SAYEN GLOBAL INDONESIAPerseroan Terbatas (PT),Website :-Email :sayenglobal2022@gmail.com
691,FAZZA BEAUTY SKINPerseroan Terbatas (PT),Website :-Email :pt.fazzabeautyskin@gmail.com
692,HARMONI MUKTI SEMESTAPerseroan Terbatas (PT),Website :-Email :harmonimuktisemesta@gmail.com
693,NATURA HERBALIZE INDONESIAPerseroan Terbatas (PT),Website :-Email :pt.naturaherbalizeindonesia@gmail.com
694,BIGG RICH INDONESIAPerseroan Terbatas (PT),Website :-Email :pt.biggrich.id@gmail.com
695,NYRTEA BEAUTIKA NUSANTARAPerseroan Terbatas (PT),Website :-Email :nyrtea.nusantara@gmail.com
696,TAROX MULTIGUNA SURYA MANDIRIPerseroan Terbatas (PT),Website :-Email :taroxmultigunasuryamandiri@gmail.com
697,NAGA LANGIT NUSANTARAPerseroan Terbatas (PT),Website :-Email :nagalangitnusantara@gmail.com
698,NUSA SELARAS INDONESIAPerseroan Terbatas (PT),Website :-Email :andri@nuskin.com
699,UNICITY INDONESIAPerseroan Terbatas (PT),Website :-Email :ptunicityindonesia@gmail.com
700,INOVASI BRILIAN SUKSESPerseroan Terbatas (PT),Website :-Email :inovasibriliansukses@gmail.com
701,UNIVERSAL HERBA TEKNOLOGIPerseroan Terbatas (PT),Website :-Email :universeindonesia.official@gmail.com
702,DUTA PAMUNGKAS INDONESIAPerseroan Terbatas (PT),Website :-Email :dutapamungkasindonesia0@gmail.com
703,DENAZI RATANSHA MAKMURPerseroan Terbatas (PT),Website :-Email :pt.denaziratanshamakmur@gmail.com
704,EXCEL GLOBAL NETWORKPerseroan Terbatas (PT),Website :-Email :excelglobalnetwork07@gmail.com
705,MERTHA JAYA LESTARIPerseroan Terbatas (PT),Website :-Email :pt.merthajayalestari@gmail.com
706,K-LINK NUSANTARAPerseroan Terbatas (PT),Website :-Email :mitrapendidikanind@gmail.com
707,TERAHERTZ TIRTA SEMPURNAPerseroan Terbatas (PT),Website :-Email :thztirta.sempurna@gmail.com
708,YOO SAI HIROPerseroan Terbatas (PT),Website :-Email :yoosaihiro@gmail.com
709,FOURMI ASHA SEJAHTERAPerseroan Terbatas (PT),Website :-Email :fourmiashasejahtera@gmail.com
710,MEGA GLORYOUNG INTERNATIONALPerseroan Terbatas (PT),Website :-Email :mgiclubglory@gmail.com
711,FOKUS UNTUK NEGERIPerseroan Terbatas (PT),Website :-Email :fokusuntuknegri@gmail.com
712,BLACK PANTHER NUSANTARAPerseroan Terbatas (PT),Website :-Email :blackpanternusantara@gmail.com
713,BERLIAN CEMERLANG AMANAHPerseroan Terbatas (PT),Website :-Email :berliancemerlangamanah@gmail.com
714,ARNET SUKSES MANDIRIPerseroan Terbatas (PT),Website :-Email :arnetnetlife@gmail.com
715,BANGKIT SUKSES SEJAHTERAPerseroan Terbatas (PT),Website :-Email :ptbangkitsuksessejahtera@gmail.com
716,DRH MAKMUR ABADIPerseroan Terbatas (PT),Website :-Email :drhindonesia@gmail.com
717,ALN CITRA NETWORKPerseroan Terbatas (PT),Website :-Email :pt.alncitranetwork@gmail.com
718,DARUSSALAM TRANSDERMAL INDONESIAPerseroan Terbatas (PT),Website :-Email :darussalamtransdermal@gmail.com
719,NARA CIPTA NUSANTARAPerseroan Terbatas (PT),Website :-Email :ptnaraciptanusantara@gmail.com
720,ENGGAL SUKSES MAHAKARYAPerseroan Terbatas (PT),Website :-Email :ptenggalsuksesmahakarya@gmail.com
721,MINEMA BERKAH ABADIPerseroan Terbatas (PT),Website :-Email :minemabeauty@gmail.com
722,DARUSSALAM TRANSDERMAL INDONESIAPerseroan Terbatas (PT),Website :-Email :darussalamtransdermal@gmail.com
723,ENGGAL SUKSES MAHAKARYAPerseroan Terbatas (PT),Website :-Email :ptenggalsuksesmahakarya@gmail.com
724,GLOSYA INTI PERMATAPerseroan Terbatas (PT),Website :-Email :glosyaintipermata@gmail.com
725,TRIDAYA SINERGI INDONESIAPerseroan Terbatas (PT),Website :-Email :tridayasinergiindonesia@gmail.com
726,PARTNER GRACEN SUKSES BERSAMAPerseroan Terbatas (PT),Website :-Email :gracenbeautycenter@gmail.com
727,TRIDAYA SINERGI INDONESIAPerseroan Terbatas (PT),Website :-Email :tridayasinergiindonesia@gmail.com
728,CENTRAL BERKAH AMANAHPerseroan Terbatas (PT),Website :-Email :centralberkahamanahcba@gmail.com
729,FAZZA BEAUTY SKINPerseroan Terbatas (PT),Website :-Email :pt.fazzabeautyskin@gmail.com
730,JMOA INDONESIA INTERNASIONALPerseroan Terbatas (PT),Website :-Email :pmljmoa@gmail.com
731,CINTA ANUGRAH PERSADAPerseroan Terbatas (PT),Website :-Email :pt.cintaanugrahpersada@gmail.com
732,JMOA INDONESIA INTERNASIONALPerseroan Terbatas (PT),Website :-Email :pmljmoa@gmail.com
733,JUARA KASIH SAYANGPerseroan Terbatas (PT),Website :-Email :ptjuarakasihsayang@gmail.com
734,SARANA OLAH BERSAMAPerseroan Terbatas (PT),Website :-Email :pt.saranaolahbersama@gmail.com
735,MILLIONAIRE CLUB INDONESIAPerseroan Terbatas (PT),Website :-Email :Millionaireclubindonesia@yahoo.com
736,ABI DUTA INDONESIAPerseroan Terbatas (PT),Website :-Email :abi.dutaindonesiaofficial@gmail.com
737,LEAFHEA INTERNATIONAL NETWORKPerseroan Terbatas (PT),Website :-Email :Leafheaofficial@gmail.com
738,BISNIS ONLINE BAHAGIAPerseroan Terbatas (PT),Website :-Email :-
739,NATURA PRIMA BEAUTYPerseroan Terbatas (PT),Website :-Email :naturaworld.official@gmail.com
740,SHINE BEAUTY INTERNATIONALPerseroan Terbatas (PT),Website :-Email :shinebeautyinternasional@gmail.com
741,SHINE BEAUTY INTERNATIONALPerseroan Terbatas (PT),Website :-Email :shinebeautyinternasional@gmail.com
742,KAFFAH BERKAH BERSAMAPerseroan Terbatas (PT),Website :-Email :ptkaffahberkahbersama@gmail.com
743,AWM ELITE INTERNATIONALPerseroan Terbatas (PT),Website :-Email :awmelite2022@gmail.com
744,PATTARA RAJAWALI INDONESIAPerseroan Terbatas (PT),Website :-Email :Info@pattara.co.id
745,LENTERA KARYA SUKSESPerseroan Terbatas (PT),Website :-Email :lenterakaryalks@gmail.com
746,TFORCE INDONESIA JAYAPerseroan Terbatas (PT),Website :-Email :pttforceindonesiajaya@gmail.com
747,BEI INTERNATIONAL MARKETINGPerseroan Terbatas (PT),Website :-Email :ptbeiinternational@beintl.com
748,SUKSES JAYA NETWORKPerseroan Terbatas (PT),Website :-Email :ptsuksesjaya4@gmail.com
749,BRAMMABE RIFKY PEEPPerseroan Terbatas (PT),Website :-Email :brammabe.rifkypeep@gmail.com
750,ORIENTAL INCHAWAY INTERNATIONALPerseroan Terbatas (PT),Website :-Email :orientalinchawayinternational@gmail.com
751,DELTA FORTUNA SANRIDAPerseroan Terbatas (PT),Website :-Email :deltafortuna247@gmail.com
752,BINAKARYA NASIONAL TERBUKA GLOBALPerseroan Terbatas (PT),Website :-Email :barenettrade@gmail.com
753,HERBAL AGRO INDUSTRI INDONESIAPerseroan Terbatas (PT),Website :-Email :-
754,MAO THARA INTERNASIONALPerseroan Terbatas (PT),Website :-Email :klikbci2017@gmail.com
755,PEMENANG BILYUNER INDONESIAPerseroan Terbatas (PT),Website :-Email :pt.pemenang.bilyuner.indonesia@gmail.com
756,NYRTEA BEAUTIKA NETWORKPerseroan Terbatas (PT),Website :-Email :nyrtea.official@gmail.com
757,GLOSYA INTI PERMATAPerseroan Terbatas (PT),Website :-Email :glosyaintipermata@gmail.com
758,ESKAYVIE GLOBAL WELLNESSPerseroan Terbatas (PT),Website :-Email :eskayvie@outlook.com
759,AKSELERASI CIPTA IMPIANPerseroan Terbatas (PT),Website :-Email :akselerasiciptaimpian@gmail.com
760,RIYA JAYA INDONESIAPerseroan Terbatas (PT),Website :-Email :alluvia.indonesia@gmail.com
761,OCTAGON KARYA BERKAHPerseroan Terbatas (PT),Website :-Email :pt.octagonkaryaberkah22@gmail.com
762,JASMINE CAHAYA CEMERLANGPerseroan Terbatas (PT),Website :-Email :jasminecahayacemerlang.pt@gmail.com
763,NUSA SELARAS INDONESIAPerseroan Terbatas (PT),Website :-Email :andri@nuskin.com
764,SOLUSI BISNIS INTERNATIONALPerseroan Terbatas (PT),Website :-Email :-
765,BLACK PANTHER NUSANTARAPerseroan Terbatas (PT),Website :-Email :blackpanternusantara@gmail.com
766,CAHAYA WARGA NUSANTARAPerseroan Terbatas (PT),Website :-Email :ptcawan@gmail.com
767,MITRA ELIT INDONESIAPerseroan Terbatas (PT),Website :-Email :ptmitraelit@gmail.com
768,GOLDEN MEDICA INTERNASIONALPerseroan Terbatas (PT),Website :-Email :golden.medica82@gmail.com
769,ORBIT KARISMA ELITEPerseroan Terbatas (PT),Website :-Email :targetorbitlegal@gmail.com
770,CENTRAL BERKAH AMANAHPerseroan Terbatas (PT),Website :-Email :centralberkahamanahcba@gmail.com
771,CENTRAL BERKAH AMANAHPerseroan Terbatas (PT),Website :-Email :centralberkahamanahcba@gmail.com
772,MAO THARA INTERNASIONALPerseroan Terbatas (PT),Website :-Email :klikbci2017@gmail.com
773,SARANA OLAH BERSAMAPerseroan Terbatas (PT),Website :-Email :pt.saranaolahbersama@gmail.com
774,AMARTA RIZKI UTAMAPerseroan Terbatas (PT),Website :-Email :ptamartarizkiutama18@gmail.com
775,SUPA HABU NATURAPerseroan Terbatas (PT),Website :-Email :supahabu.id@gmail.com
776,SHINE BEAUTY INTERNATIONALPerseroan Terbatas (PT),Website :-Email :shinebeautyinternasional@gmail.com
777,BIO INDONESIA BAROKAH SEJAHTERAPerseroan Terbatas (PT),Website :-Email :bibsejahtera@gmail.com
778,BIO INDONESIA BAROKAH SEJAHTERAPerseroan Terbatas (PT),Website :-Email :bibsejahtera@gmail.com
779,MILAGROS INDONESIA MEGAHPerseroan Terbatas (PT),Website :-Email :legal@milagros.co.id
780,TRENINET SENTOSA INTERNASIONALPerseroan Terbatas (PT),Website :-Email :treninet.sentosa.internasional@gmail.com
781,MILAGROS INDONESIA MEGAHPerseroan Terbatas (PT),Website :-Email :legal@milagros.co.id
782,TRENINET SENTOSA INTERNASIONALPerseroan Terbatas (PT),Website :-Email :treninet.sentosa.internasional@gmail.com
783,JAVA LIFE NUSANTARAPerseroan Terbatas (PT),Website :-Email :javalifenusantara@gmail.com
784,AYOAJA TEKNOLOGI DIGITALPerseroan Terbatas (PT),Website :-Email :ayoaja@ayoaja.id
785,MAKIN JAYA AGUNGPerseroan Terbatas (PT),Website :-Email :makinjayaagung17@gmail.com
786,BANGKIT SUKSES SEJAHTERAPerseroan Terbatas (PT),Website :-Email :ptbangkitsuksessejahtera@gmail.com
787,BERKAH INDO SEMESTAPerseroan Terbatas (PT),Website :-Email :ptberkahindosemesta@gmail.com
788,CENTRAL JAVA DAYA WIGUNA INDONESIAPerseroan Terbatas (PT),Website :-Email :hrd@cjdwnetwork.com
789,ALHUSNA PUTRA MANDIRI SENTOSAPerseroan Terbatas (PT),Website :-Email :alhusnapms@gmail.com
790,CAHAYA SUKSES INSANIPerseroan Terbatas (PT),Website :-Email :cahayasuksesinsani84@gmail.com
791,KOMUNITAS CERDAS INDONESIAPerseroan Terbatas (PT),Website :-Email :kom.cerdas.ind@gmail.com
792,MITRA BERSINAR MANDIRIPerseroan Terbatas (PT),Website :-Email :ptmitrabersinarmandiri@gmail.com
793,DIEMASIN MAKMUR SENTOSAPerseroan Terbatas (PT),Website :-Email :ptdiemasinmakmursentosa@gmail.com
794,MANTAP BERSAMA SUKSESPerseroan Terbatas (PT),Website :-Email :mabesgroup2020@gmail.com
795,ASAYAMA FAMILI CAHAYA INDONESIAPerseroan Terbatas (PT),Website :-Email :afclifesciencemail@gmail.com
796,META FIZ INTERNASIONALPerseroan Terbatas (PT),Website :-Email :adm.metafiz21@gmail.com
797,HARMONI DINAMIK INDONESIAPerseroan Terbatas (PT),Website :-Email :ratna.putri@hdinetwork.com
798,REVIVAL NETWORK INTERNASIONALPerseroan Terbatas (PT),Website :-Email :Revival.internasional@gmail.com
799,DIGITAL BOS INDONESIAPerseroan Terbatas (PT),Website :-Email :digitalbosindonesia@gmail.com
800,NAGA LANGIT NUSANTARAPerseroan Terbatas (PT),Website :-Email :nagalangitnusantara@gmail.com
801,REVIVAL NETWORK INTERNASIONALPerseroan Terbatas (PT),Website :-Email :Revival.internasional@gmail.com
802,LENTERA KARYA SUKSESPerseroan Terbatas (PT),Website :-Email :lenterakaryalks@gmail.com
803,SUMBER AGUNG INTERNATIONALPerseroan Terbatas (PT),Website :-Email :pt.sumberagunginternational@gmail.com
804,INDO SUPPLY CHAINPerseroan Terbatas (PT),Website :-Email :admin@iscglobe.com
805,VARASH SADDAN NUSANTARAPerseroan Terbatas (PT),Website :-Email :-
806,HARMONI DINAMIK INDONESIAPerseroan Terbatas (PT),Website :-Email :ratna.putri@hdinetwork.com
807,SYNERGY WORLDWIDE INDONESIAPerseroan Terbatas (PT),Website :-Email :cs_indo@synergyworldwide.com
808,KYANI INDONESIA SEJAHTERAPerseroan Terbatas (PT),Website :-Email :asan@kyanicorp.com
809,NATURAL DISTRIBUSI SEJAHTERAPerseroan Terbatas (PT),Website :-Email :ptnds.info@gmail.com
810,SEJAHTERA ANUGERAH PRATAMAPerseroan Terbatas (PT),Website :-Email :info@sejahterapratama.id
811,NATURAL DISTRIBUSI SEJAHTERAPerseroan Terbatas (PT),Website :-Email :ptnds.info@gmail.com
812,INDONESIA WIJAYA SEJAHTERA GLOBAL ASIAPerseroan Terbatas (PT),Website :-Email :unitediws71@gmail.com
813,GCOOP GLOBAL INDONESIAPerseroan Terbatas (PT),Website :-Email :gcindonesia@gcoop.com
814,MILLIONAIRE CLUB INDONESIAPerseroan Terbatas (PT),Website :-Email :Millionaireclubindonesia@yahoo.com
815,THUR SINA LANGGENGPerseroan Terbatas (PT),Website :-Email :langgengthursina@gmail.com
816,BANGKIT SUKSES SEJAHTERAPerseroan Terbatas (PT),Website :-Email :ptbangkitsuksessejahtera@gmail.com
817,GLOBAL ARSINDO LESTARIPerseroan Terbatas (PT),Website :-Email :goalsmanagement81@gmail.com
818,GCOOP GLOBAL INDONESIAPerseroan Terbatas (PT),Website :-Email :gcindonesia@gcoop.com
819,K-LINK NUSANTARAPerseroan Terbatas (PT),Website :-Email :mitrapendidikanind@gmail.com
820,NATURA PRIMA BEAUTYPerseroan Terbatas (PT),Website :-Email :naturaworld.official@gmail.com
821,NATURA PRIMA BEAUTYPerseroan Terbatas (PT),Website :-Email :naturaworld.official@gmail.com
822,AM LIFE INTERNATIONALPerseroan Terbatas (PT),Website :-Email :ptamlife@amlife2u.com
823,VOLTEN INTERNATIONAL NUSANTARAPerseroan Terbatas (PT),Website :-Email :voltenindonesia02@gmail.com
824,MILLIONAIRE CLUB INDONESIAPerseroan Terbatas (PT),Website :-Email :Millionaireclubindonesia@yahoo.com
825,NATURARICA CAHAYA PERKASAPerseroan Terbatas (PT),Website :-Email :naturaricacahayaperkasa@gmail.com
826,ILHAM BUGA JAGAPerseroan Terbatas (PT),Website :-Email :ilhambugaj@gmail.com
827,ARNET SUKSES MANDIRIPerseroan Terbatas (PT),Website :-Email :arnetnetlife@gmail.com
828,PEMENANG BILYUNER INDONESIAPerseroan Terbatas (PT),Website :-Email :pt.pemenang.bilyuner.indonesia@gmail.com
829,RADJA BARQUN INTERNATIONALPerseroan Terbatas (PT),Website :-Email :radjabarquninternasional@gmail.com
830,KLIKJAR GLOBAL PALAPA SEJAHTRAPerseroan Terbatas (PT),Website :-Email :eyewellnessindonesia@gmail.com
831,ORINDO ALAM AYUPerseroan Terbatas (PT),Website :-Email :Dina.Muthia@oriflame.com
832,NUSANTARA AGRO FARMAPerseroan Terbatas (PT),Website :-Email :nafnusantara@gmail.com
833,KOLABIZ INDONESIA MANDIRIPerseroan Terbatas (PT),Website :-Email :kolabizofficial@gmail.com
834,BIO INDONESIA BAROKAH SEJAHTERAPerseroan Terbatas (PT),Website :-Email :bibsejahtera@gmail.com
835,INDO SUPPLY CHAINPerseroan Terbatas (PT),Website :-Email :admin@iscglobe.com
836,JAVA LIFE NUSANTARAPerseroan Terbatas (PT),Website :-Email :javalifenusantara@gmail.com
837,GLOBAL WING SEUNGPerseroan Terbatas (PT),Website :-Email :ptglobalwingseung@gmail.com
838,SEMBILAN SUKSES INDONESIAPerseroan Terbatas (PT),Website :-Email :admin@sembilansukses.id
839,SUKSES BERKAH MELIMPAHPerseroan Terbatas (PT),Website :-Email :suksesberkahsbm@gmail.com
840,PASAROA KREASI ANAK NEGERIPerseroan Terbatas (PT),Website :-Email :pasaroamarket@gmail.com
841,ANANDA SUKSES ABADIPerseroan Terbatas (PT),Website :-Email :anandasuksesabadi.pt@gmail.com
842,IZAUNET BERKAH MANDIRIPerseroan Terbatas (PT),Website :-Email :-
843,BERLIAN SEJATI INDONESIAPerseroan Terbatas (PT),Website :-Email :bsi.berlian3@gmail.com
844,COWAY INTERNATIONAL INDONESIAPerseroan Terbatas (PT),Website :-Email :indonesiacoway@hotmail.com
845,BANGKIT SUKSES SEJAHTERAPerseroan Terbatas (PT),Website :-Email :ptbangkitsuksessejahtera@gmail.com
846,EOSTRE INTERNATIONAL INDONESIAPerseroan Terbatas (PT),Website :-Email :eostrept@gmail.com
847,GLOSYA INTI PERMATAPerseroan Terbatas (PT),Website :-Email :glosyaintipermata@gmail.com
848,GELORA WARRIOR WINGPerseroan Terbatas (PT),Website :-Email :pt.glowing@gmail.com
849,MELILEA HEALTH SCIENCE INTERNATIONALPerseroan Terbatas (PT),Website :-Email :melilea2006@melilea.com
850,ASTANA MULTI ARTAPerseroan Terbatas (PT),Website :-Email :astanamultiarta@gmail.com
851,CATUR KENCANA MANAJEMENPerseroan Terbatas (PT),Website :-Email :ptcaturkencanamanajemen@gmail.com
852,LUHUR VISI INTERNASIONALPerseroan Terbatas (PT),Website :-Email :luhurvisiinternasionalofficial@gmail.com
853,MINEMA BERKAH ABADIPerseroan Terbatas (PT),Website :-Email :minemabeauty@gmail.com
854,BIO ENERGI SELARAS ALAMPerseroan Terbatas (PT),Website :-Email :bioenergiselarasalam2@gmail.com
855,MIQAZ ANUGERAH SEJAHTERAPerseroan Terbatas (PT),Website :-Email :miqaz.anugrah@gmail.com
856,BERSAMA KITA BISA NETWORKSPerseroan Terbatas (PT),Website :-Email :guardlinereborn@gmail.com
857,JAFRA COSMETICS INDONESIAPerseroan Terbatas (PT),Website :-Email :legal@jafra.co.id
858,GLOBAL RISE INTERNASIONALPerseroan Terbatas (PT),Website :-Email :gloripusat@gmail.com
859,ALENA NUSA CEMERLANGPerseroan Terbatas (PT),Website :-Email :alenanusacemerlang@gmail.com
860,NARA BERSINERGI INDONESIAPerseroan Terbatas (PT),Website :-Email :ptnarabersinergiindonesia@yahoo.com
861,NARA BERSINERGI INDONESIAPerseroan Terbatas (PT),Website :-Email :ptnarabersinergiindonesia@yahoo.com
862,HARMONI DINAMIK INDONESIAPerseroan Terbatas (PT),Website :-Email :ratna.putri@hdinetwork.com
863,NAGA LANGIT NUSANTARAPerseroan Terbatas (PT),Website :-Email :nagalangitnusantara@gmail.com
864,DNG WORLDWIDE INDONESIAPerseroan Terbatas (PT),Website :-Email :ptdngworldwide@gmail.com
865,GOLDEN SMART MANDIRIPerseroan Terbatas (PT),Website :-Email :globalsmartmandiri@gmail.com
866,AYOAJA TEKNOLOGI DIGITALPerseroan Terbatas (PT),Website :-Email :ayoaja@ayoaja.id
867,MAXIMAL INCOME KITAPerseroan Terbatas (PT),Website :-Email :maximal.income45@gmail.com
868,BAYU INSAN GEMILANG PROFITINDOPerseroan Terbatas (PT),Website :-Email :big.profitindo@gmail.com
869,LEAFHEA INTERNATIONAL NETWORKPerseroan Terbatas (PT),Website :-Email :Leafheaofficial@gmail.com
870,PENTA HARVEST INDONESIAPerseroan Terbatas (PT),Website :-Email :penta.harvest.indonesia@gmail.com
871,LEAFHEA INTERNATIONAL NETWORKPerseroan Terbatas (PT),Website :-Email :Leafheaofficial@gmail.com
872,BAYU INSAN GEMILANG PROFITINDOPerseroan Terbatas (PT),Website :-Email :big.profitindo@gmail.com
873,AWM ELITE INTERNATIONALPerseroan Terbatas (PT),Website :-Email :awmelite2022@gmail.com
874,VEXTA GLOBAL MEDIAPerseroan Terbatas (PT),Website :-Email :vexta.globalmedia@gmail.com
875,MULIA NUSA INDONESIAPerseroan Terbatas (PT),Website :-Email :mulianusaindonesia@gmail.com
876,BANDUNG ECO SINERGI TEKNOLOGIPerseroan Terbatas (PT),Website :-Email :official.sinergyworld@gmail.com
877,NYRTEA BEAUTIKA NETWORKPerseroan Terbatas (PT),Website :-Email :nyrtea.official@gmail.com
878,PRIFE SINAR SEJAHTERAPerseroan Terbatas (PT),Website :-Email :pt.prifesinarsejahtera@gmail.com
879,MAXIMAX SUKSES MAKMURPerseroan Terbatas (PT),Website :-Email :admin1@maximax.co.id
880,BERNIAGA BERKAH CEMERLANGPerseroan Terbatas (PT),Website :-Email :berniagaberkahcemerlang@gmail.com
881,MAXIMAX SUKSES MAKMURPerseroan Terbatas (PT),Website :-Email :admin1@maximax.co.id
882,SINERGI SENTRA SEMESTAPerseroan Terbatas (PT),Website :-Email :ptsinergisentrasemesta@gmail.com
883,CAHAYA PRESTASI INDONESIAPerseroan Terbatas (PT),Website :-Email :renianggraeni@tupperware.com
884,PROZANT SEJAHTERA INDONESIAPerseroan Terbatas (PT),Website :-Email :Infoprozant@gmail.com
885,MINIGRAM INDONESIA SEJAHTERAPerseroan Terbatas (PT),Website :-Email :misminigram@gmail.com
886,MAXIMAX SUKSES MAKMURPerseroan Terbatas (PT),Website :-Email :admin1@maximax.co.id
887,VAYYA SUKSES ABADIPerseroan Terbatas (PT),Website :-Email :vayyasuksesabadi.pt@gmail.com
888,VIGOR TECHNOLOGY GLOBALPerseroan Terbatas (PT),Website :-Email :PT.VigorTechnologyGlobal@gmail.com
889,PAULNA SEHAT INDONESIAPerseroan Terbatas (PT),Website :-Email :paulna.herbs@gmail.com
890,NATA KARYABORA GEMILANGPerseroan Terbatas (PT),Website :-Email :ptnatakaryaboragemilang@gmail.com
891,PRABU TRISULA UTAMAPerseroan Terbatas (PT),Website :-Email :prabutrisula@gmail.com
892,VIGOR TECHNOLOGY GLOBALPerseroan Terbatas (PT),Website :-Email :PT.VigorTechnologyGlobal@gmail.com
893,VAYYA SUKSES ABADIPerseroan Terbatas (PT),Website :-Email :vayyasuksesabadi.pt@gmail.com
894,GRYA SMART MANDIRIPerseroan Terbatas (PT),Website :-Email :pt.gryasmartmandiri@yahoo.com
895,ANUGRAH BERSAMA PERKASA MARKETINGPerseroan Terbatas (PT),Website :-Email :anugrahbersamaperkasamarketing@gmail.com
896,GLOBAL TREN INDONESIAPerseroan Terbatas (PT),Website :-Email :globaltrenindonesia@gmail.com
897,ACIELA MAHKOTA INDONESIAPerseroan Terbatas (PT),Website :-Email :griyaaciela@gmail.com
898,SEMBILAN SUKSES INDONESIAPerseroan Terbatas (PT),Website :-Email :admin@sembilansukses.id
899,RADJA BARQUN INTERNATIONALPerseroan Terbatas (PT),Website :-Email :radjabarquninternasional@gmail.com
900,PHHP MARKETING INDONESIAPerseroan Terbatas (PT),Website :-Email :cktang@phhp.com.my
901,LENTERA KARYA SUKSESPerseroan Terbatas (PT),Website :-Email :lenterakaryalks@gmail.com
902,AKADEMI META INTERNASIONALPerseroan Terbatas (PT),Website :-Email :academymetas@gmail.com
903,NATURA PRIMA BEAUTYPerseroan Terbatas (PT),Website :-Email :naturaworld.official@gmail.com
904,FOUHER POPULAR INTERNASIONALPerseroan Terbatas (PT),Website :-Email :forher.populer@gmail.com
905,RAZEDO GRUP SUKSESPerseroan Terbatas (PT),Website :-Email :customer.service@razedogroup.com
906,HERBA PENAWAR ALWAHIDA INDONESIAPerseroan Terbatas (PT),Website :-Email :crm@hni.net
907,INDO SUPPLY CHAINPerseroan Terbatas (PT),Website :-Email :admin@iscglobe.com
908,SMART POWER SYSTEMPerseroan Terbatas (PT),Website :-Email :ptsmartpowersystem@gmail.com
909,JUARA KASIH SAYANGPerseroan Terbatas (PT),Website :-Email :ptjuarakasihsayang@gmail.com
910,ATOMY INDONESIA GROUPPerseroan Terbatas (PT),Website :-Email :atomyindonesia.group@gmail.com
911,BIOVITAL VICTORIA INDONESIAPerseroan Terbatas (PT),Website :-Email :biovital@biovital.co.id
912,PESONA HERBAL INDONESIAPerseroan Terbatas (PT),Website :-Email :pesonaherbal2021@gmail.com
913,SENTOSA SELARAS NETWORKPerseroan Terbatas (PT),Website :-Email :officialtopseller@gmail.com
914,K-LINK NUSANTARAPerseroan Terbatas (PT),Website :-Email :mitrapendidikanind@gmail.com
915,LEAFHEA INTERNATIONAL NETWORKPerseroan Terbatas (PT),Website :-Email :Leafheaofficial@gmail.com
916,SHAD GLOBAL INDONESIAPerseroan Terbatas (PT),Website :-Email :admsgi2021@gmail.com
917,BIGENMI GEMILANG INDONESIAPerseroan Terbatas (PT),Website :-Email :bigenmi.official@gmail.com
918,NATURAL NUSANTARAPerseroan Terbatas (PT),Website :-Email :service@naturalnusantara.co.id
919,NUSANTARA AGRO FARMAPerseroan Terbatas (PT),Website :-Email :nafnusantara@gmail.com
920,DUTA ELOK PERSADAPerseroan Terbatas (PT),Website :-Email :elizabeth@skinhealthsystem.com
921,HONG RUIPerseroan Terbatas (PT),Website :-Email :chris.indo@yahoo.co.id
922,TREN GLOBAL TEKNOLOGIPerseroan Terbatas (PT),Website :-Email :cs@trenglobal.co.id
923,BERKAH SILIKA JAYAPerseroan Terbatas (PT),Website :-Email :berkahsilika@gmail.com
924,ALMEGA MANDIRI INDONESIAPerseroan Terbatas (PT),Website :-Email :almega.id@gmail.com
925,GLOBAL AURA GEMILANGPerseroan Terbatas (PT),Website :-Email :globalauragemilang@gmail.com
926,SHANNEN GLOBAL INDONESIAPerseroan Terbatas (PT),Website :-Email :shannenglobalofficial@gmail.com
927,ARNET SUKSES MANDIRIPerseroan Terbatas (PT),Website :-Email :arnetnetlife@gmail.com
928,MILAGROS INDONESIA MEGAHPerseroan Terbatas (PT),Website :-Email :legal@milagros.co.id
929,BISNIS SUKSES MULIAPerseroan Terbatas (PT),Website :-Email :pt.bisnissuksesmulia@gmail.com
930,NUSA SELARAS INDONESIAPerseroan Terbatas (PT),Website :-Email :andri@nuskin.com
931,LENTERA KARYA SUKSESPerseroan Terbatas (PT),Website :-Email :lenterakaryalks@gmail.com
932,NUSANTARA AGRO FARMAPerseroan Terbatas (PT),Website :-Email :nafnusantara@gmail.com
933,ARNET SUKSES MANDIRIPerseroan Terbatas (PT),Website :-Email :arnetnetlife@gmail.com
934,NAGA LANGIT NUSANTARAPerseroan Terbatas (PT),Website :-Email :nagalangitnusantara@gmail.com
935,UNICITY INDONESIAPerseroan Terbatas (PT),Website :-Email :ptunicityindonesia@gmail.com
936,BANGKIT SUKSES SEJAHTERAPerseroan Terbatas (PT),Website :-Email :ptbangkitsuksessejahtera@gmail.com
937,INFINITE MITRA SUKSESPerseroan Terbatas (PT),Website :-Email :ptinfinitemitrasukses@gmail.com
938,ATOMY INDONESIA GROUPPerseroan Terbatas (PT),Website :-Email :atomyindonesia.group@gmail.com
939,SINGA INDO PERSADAPerseroan Terbatas (PT),Website :-Email :singaindo.persada@gmail.com
940,GLOSYA INTI PERMATAPerseroan Terbatas (PT),Website :-Email :glosyaintipermata@gmail.com
941,BIG DATA NUSANTARAPerseroan Terbatas (PT),Website :-Email :ptbigdatanusantara@gmail.com
942,AROMA MAKMUR SENTOSAPerseroan Terbatas (PT),Website :-Email :hendraaris394@gmail.com
943,RIADY BANGGA INDONESIAPerseroan Terbatas (PT),Website :-Email :riadybanggaindonesia@gmail.com
944,METASUN INDO TECHPerseroan Terbatas (PT),Website :-Email :metasunindotech@gmail.com
945,BERNIAGA BERKAH CEMERLANGPerseroan Terbatas (PT),Website :-Email :berniagaberkahcemerlang@gmail.com
946,HEALTH WEALTH INTERNATIONALPerseroan Terbatas (PT),Website :-Email :-
947,GRIYO MORO INDONESIAPerseroan Terbatas (PT),Website :-Email :griyomoroindonesia@gmail.com
948,SEJAHTERA ANUGERAH PRATAMAPerseroan Terbatas (PT),Website :-Email :info@sejahterapratama.id
949,SANTE INTERNATIONAL INDONESIAPerseroan Terbatas (PT),Website :-Email :yusroni.fadli@santenewzealand.com
950,NAGA LANGIT NUSANTARAPerseroan Terbatas (PT),Website :-Email :nagalangitnusantara@gmail.com
951,MEGA GLORYOUNG INTERNATIONALPerseroan Terbatas (PT),Website :-Email :mgiclubglory@gmail.com
952,NAGA LANGIT NUSANTARAPerseroan Terbatas (PT),Website :-Email :nagalangitnusantara@gmail.com
953,SRIKANDHI JAYATAMA INDONESIAPerseroan Terbatas (PT),Website :-Email :srikandhijayatamaindonesia@gmail.com
954,RAZEDO GRUP SUKSESPerseroan Terbatas (PT),Website :-Email :customer.service@razedogroup.com
955,HZS INTERNATIONAL INDONESIAPerseroan Terbatas (PT),Website :-Email :hzs.international.indonesia@gmail.com
956,TUNAS BANGSA KREATIFPerseroan Terbatas (PT),Website :-Email :-
957,NARA BERSINERGI INDONESIAPerseroan Terbatas (PT),Website :-Email :ptnarabersinergiindonesia@yahoo.com
958,ALHUSNA PUTRA MANDIRI SENTOSAPerseroan Terbatas (PT),Website :-Email :alhusnapms@gmail.com
959,BEXINDO SUKSES SEJAHTERAPerseroan Terbatas (PT),Website :-Email :ptbexindosuksessejahtera@gmail.com
960,SUKSES BERKAH MELIMPAHPerseroan Terbatas (PT),Website :-Email :suksesberkahsbm@gmail.com
961,SUKSES BERKAH MELIMPAHPerseroan Terbatas (PT),Website :-Email :suksesberkahsbm@gmail.com
962,WIN INTERNATIONAL INDONESIAPerseroan Terbatas (PT),Website :-Email :wininternationalindonesia@gmail.com
963,GENERASI NATURA INDONESIAPerseroan Terbatas (PT),Website :-Email :gnaturaindonesia@gmail.com
964,AAA GREENCELL INTERNASIONALPerseroan Terbatas (PT),Website :-Email :aaagreencellintre@gmail.com
965,KYANI INDONESIA SEJAHTERAPerseroan Terbatas (PT),Website :-Email :asan@kyanicorp.com
966,PANSAKY BERDIKARI BERSAMAPerseroan Terbatas (PT),Website :-Email :ptpansakyberdikari@gmail.com
967,PROWARA MAPAN UTAMAPerseroan Terbatas (PT),Website :-Email :pmapanutama@gmail.com
968,NUSANTARA AGRO FARMAPerseroan Terbatas (PT),Website :-Email :nafnusantara@gmail.com
969,VAYYA SUKSES ABADIPerseroan Terbatas (PT),Website :-Email :vayyasuksesabadi.pt@gmail.com
970,SUKSES LAKSANA AMANAH BERKAHPerseroan Terbatas (PT),Website :-Email :sukseslaksanaamanahberkah@gmail.com
971,MORENOVA JAYA MAKMURPerseroan Terbatas (PT),Website :-Email :info@morenova.co.id
972,TUNAS HIJAU NETWORK INDONESIAPerseroan Terbatas (PT),Website :-Email :thnetworkindonesia@gmail.com
973,AZZURO TRE VENTO TECHPerseroan Terbatas (PT),Website :-Email :Azzventech@gmail.com
974,ONEMORE INTERNATIONAL ASIAPerseroan Terbatas (PT),Website :-Email :onemoreinternationalasia@gmail.com
975,PANSAKY BERDIKARI BERSAMAPerseroan Terbatas (PT),Website :-Email :ptpansakyberdikari@gmail.com
976,ELKEN GLOBAL INDONESIAPerseroan Terbatas (PT),Website :-Email :lisma@elken.com
977,AYOAJA TEKNOLOGI DIGITALPerseroan Terbatas (PT),Website :-Email :ayoaja@ayoaja.id
978,MARDES UTAMA JAYAPerseroan Terbatas (PT),Website :-Email :mardesutamajaya@gmail.com
979,NYRTEA BEAUTIKA NETWORKPerseroan Terbatas (PT),Website :-Email :nyrtea.official@gmail.com
980,DAEHSAN INDONESIAPerseroan Terbatas (PT),Website :-Email :rusmiadxn@gmail.com
981,BEONE GLOBAL INDONESIAPerseroan Terbatas (PT),Website :-Email :be1globalindonesia@gmail.com
982,MASTER MILLIONAIRE PRIMEPerseroan Terbatas (PT),Website :-Email :mastermillionaireprime@gmail.com
983,BIO ORGANIK NUSANTARAPerseroan Terbatas (PT),Website :-Email :legal@biogreenscience.com
984,PRESTIGE INDONESIA SETARAPerseroan Terbatas (PT),Website :-Email :ptprestigeindonesiasetara@gmail.com
985,YELLOW DREAM INDONESIA BARUPerseroan Terbatas (PT),Website :-Email :pt.yellowdreamindonesiabaru@gmail.com
986,ORBIT SEMBILAN SEMBILANPerseroan Terbatas (PT),Website :-Email :orbit99group@gmail.com
987,MANTAP BERSAMA SUKSESPerseroan Terbatas (PT),Website :-Email :mabesgroup2020@gmail.com
988,BANGKIT SUKSES SEJAHTERAPerseroan Terbatas (PT),Website :-Email :ptbangkitsuksessejahtera@gmail.com
989,INDO SUPPLY CHAINPerseroan Terbatas (PT),Website :-Email :admin@iscglobe.com
990,BERKAH SUKSES TEKNOLOGIPerseroan Terbatas (PT),Website :-Email :teknologiberkahsukses@gmail.com
991,RADJA BARQUN INTERNATIONALPerseroan Terbatas (PT),Website :-Email :radjabarquninternasional@gmail.com
992,BERKAH SUKSES TEKNOLOGIPerseroan Terbatas (PT),Website :-Email :teknologiberkahsukses@gmail.com
993,FOURMI ASHA SEJAHTERAPerseroan Terbatas (PT),Website :-Email :fourmiashasejahtera@gmail.com
994,ANUGERAH BERLIAN BERKAH BERJAYAPerseroan Terbatas (PT),Website :-Email :anugerahberlianberkahberjaya@gmail.com
995,DAMAI SINERGI NUSANTARAPerseroan Terbatas (PT),Website :-Email :dsn.fiskal@gmail.com
996,VISI SUKSES MANDIRIPerseroan Terbatas (PT),Website :-Email :info.scg.tng@gmail.com
997,KING GAHARU NATURALINDOPerseroan Terbatas (PT),Website :-Email :gaharunat@gmail.com
998,BEI INTERNATIONAL MARKETINGPerseroan Terbatas (PT),Website :-Email :ptbeiinternational@beintl.com
999,NUSA SELARAS INDONESIAPerseroan Terbatas (PT),Website :-Email :andri@nuskin.com
1000,HEKSA MAKMUR JAYAPerseroan Terbatas (PT),Website :-Email :heksa.makmurjaya@gmail.com
1001,BANDUNG ECO SINERGI TEKNOLOGIPerseroan Terbatas (PT),Website :-Email :official.sinergyworld@gmail.com
1002,HEKSA MAKMUR JAYAPerseroan Terbatas (PT),Website :-Email :heksa.makmurjaya@gmail.com
1003,JAFRA COSMETICS INDONESIAPerseroan Terbatas (PT),Website :-Email :legal@jafra.co.id
1004,TRUST GLOBAL KARYAPerseroan Terbatas (PT),Website :-Email :Vblasteducation@gmail.com
1005,SIMBIOTIK MULTITALENTA INDONESIAPerseroan Terbatas (PT),Website :-Email :info@ptsmi.id
1006,ALGAE BIOTEKNOLOGI INTERNASIONALPerseroan Terbatas (PT),Website :-Email :biotekno@algaecenter.co.id
1007,CIPTA ASET DIGITALPerseroan Terbatas (PT),Website :-Email :ciptaasetdigital@gmail.com
1008,UNIVERSAL HEALTH NETWORKPerseroan Terbatas (PT),Website :-Email :debby.alfi@sohoglobalhealth.com
1009,CITRA CIPTA CERDASPerseroan Terbatas (PT),Website :-Email :citraciptacerdas@gmail.com
1010,NUSANTARA AGRO FARMAPerseroan Terbatas (PT),Website :-Email :nafnusantara@gmail.com
1011,RENER INTI INTERNASIONALPerseroan Terbatas (PT),Website :-Email :nasirindonesia99@gmail.com
1012,FSP AKADEMI PROPerseroan Terbatas (PT),Website :-Email :-
1013,JAFRA COSMETICS INDONESIAPerseroan Terbatas (PT),Website :-Email :legal@jafra.co.id
1014,CAHAYA WARGA NUSANTARAPerseroan Terbatas (PT),Website :-Email :ptcawan@gmail.com
1015,SUKSES BERKAH MELIMPAHPerseroan Terbatas (PT),Website :-Email :suksesberkahsbm@gmail.com
1016,SIMBIOTIK MULTITALENTA INDONESIAPerseroan Terbatas (PT),Website :-Email :info@ptsmi.id
1017,GEMILANG CITRUS BERJAYAPerseroan Terbatas (PT),Website :-Email :gusbiz9@gmail.com
1018,PROFIT DUA SATU TEKNOLOGIPerseroan Terbatas (PT),Website :-Email :profit21id@gmail.com
1019,CAHAYA TRI CEMERLANGPerseroan Terbatas (PT),Website :-Email :-
1020,FOUHER POPULAR INTERNASIONALPerseroan Terbatas (PT),Website :-Email :forher.populer@gmail.com
1021,NATA KARYABORA GEMILANGPerseroan Terbatas (PT),Website :-Email :ptnatakaryaboragemilang@gmail.com
1022,UNIVERSAL HERBA TEKNOLOGIPerseroan Terbatas (PT),Website :-Email :universeindonesia.official@gmail.com
1023,BIKIN ORANG SUKSESPerseroan Terbatas (PT),Website :-Email :pt.bikinorangsukses@gmail.com
1024,DEZ ABADI BERKAHPerseroan Terbatas (PT),Website :-Email :dezabadi@gmail.com
1025,BIO INDONESIA BAROKAH SEJAHTERAPerseroan Terbatas (PT),Website :-Email :bibsejahtera@gmail.com
1026,HERBAL AGRO INDUSTRI INDONESIAPerseroan Terbatas (PT),Website :-Email :-
1027,JKS KASIH SAYANGPerseroan Terbatas (PT),Website :-Email :-
1028,BITREXGO SOLUSI PRIMAPerseroan Terbatas (PT),Website :-Email :-
1029,HEKSA MAKMUR JAYAPerseroan Terbatas (PT),Website :-Email :heksa.makmurjaya@gmail.com
1030,GREEN VIT INTERNATIONALPerseroan Terbatas (PT),Website :-Email :-
1031,BAROKAH IBRAHIMY GROUPPerseroan Terbatas (PT),Website :-Email :barokahibrahimygroup@gmail.com
1032,PANSAKY BERDIKARI BERSAMAPerseroan Terbatas (PT),Website :-Email :ptpansakyberdikari@gmail.com
1033,GEMMA GLOBAL INDONESIAPerseroan Terbatas (PT),Website :-Email :gemmaglobalind@gmail.com
1034,DIGITAL NET ASETPerseroan Terbatas (PT),Website :-Email :pt.digitalnetaset@gmail.com
1035,PANSAKY BERDIKARI BERSAMAPerseroan Terbatas (PT),Website :-Email :ptpansakyberdikari@gmail.com
1036,COWAY INTERNATIONAL INDONESIAPerseroan Terbatas (PT),Website :-Email :indonesiacoway@hotmail.com
1037,GEMMA INDONESIA MILLENIALPerseroan Terbatas (PT),Website :-Email :-
1038,ENAGIC INDONESIAPerseroan Terbatas (PT),Website :-Email :widia@enagic.co.id
1039,ALPHA MAKMUR SENTOSA INDONESIAPerseroan Terbatas (PT),Website :-Email :-
1040,DILAM NATUR ABADIPerseroan Terbatas (PT),Website :-Email :djajadilam@gmail.com
1041,KARYA DUNIA IMPIANPerseroan Terbatas (PT),Website :-Email :-
1042,INDO SUPPLY CHAINPerseroan Terbatas (PT),Website :-Email :admin@iscglobe.com
1043,PM-INTERNATIONAL INDONESIAPerseroan Terbatas (PT),Website :-Email :office@pm-international.co.id
1044,TRENINET SENTOSA INTERNASIONALPerseroan Terbatas (PT),Website :-Email :treninet.sentosa.internasional@gmail.com
1045,PASAROA KREASI ANAK NEGERIPerseroan Terbatas (PT),Website :-Email :pasaroamarket@gmail.com
1046,VERITAS SOLUSI NUSANTARA CEKATANPerseroan Terbatas (PT),Website :-Email :veritas.vsn@gmail.com
1047,SIBAYAK PRATAMA INTERNASIONALPerseroan Terbatas (PT),Website :-Email :sibayakjogja@gmail.com
1048,BERJAYA COSWAY INDONESIAPerseroan Terbatas (PT),Website :-Email :-
1049,EKIWI KONEKSI PERDAGANGANPerseroan Terbatas (PT),Website :-Email :jack.le@kiwi-eco.com
1050,DILAM NATUR ABADIPerseroan Terbatas (PT),Website :-Email :djajadilam@gmail.com
1051,KAIDAH NETWORK SUKSES BERSAMABentuk Perusahaan Luar Negeri,Website :-Email :kaidah.network@gmail.com
1052,PESONA HERBAL INDONESIAPerseroan Terbatas (PT),Website :-Email :pesonaherbal2021@gmail.com
1053,SIGER SINERGI INDONESIAPerseroan Terbatas (PT),Website :-Email :-
1054,MAGIC LIFE INDONESIAPerseroan Terbatas (PT),Website :-Email :-
1055,HEKSA MAKMUR JAYAPerseroan Terbatas (PT),Website :-Email :heksa.makmurjaya@gmail.com
1056,TEKNOLOGI BUMI INDONESIAPerseroan Terbatas (PT),Website :-Email :-
1057,RENER INTI INTERNASIONALPerseroan Terbatas (PT),Website :-Email :nasirindonesia99@gmail.com
1058,LUXINDO RAYAPerseroan Terbatas (PT),Website :-Email :fifit@alvawater.com
1059,MORINDA INDEPENDENPerseroan Terbatas (PT),Website :-Email :-
1060,ATOMY INDONESIA INCPerseroan Terbatas (PT),Website :-Email :sj_kim@atomy.kr
1061,GEMILANG CITRUS BERJAYAPerseroan Terbatas (PT),Website :-Email :gusbiz9@gmail.com
1062,MORINDA INDEPENDENPerseroan Terbatas (PT),Website :-Email :-
1063,GRAHA SUKSES MENDUNIAPerseroan Terbatas (PT),Website :-Email :grahasuksesmendunia@gmail.com
1064,WARUNG KITA INDONESIAPerseroan Terbatas (PT),Website :-Email :-
1065,ANDALAN SEMESTA ABADIPerseroan Terbatas (PT),Website :-Email :-
1066,GCOOP GLOBAL INDONESIAPerseroan Terbatas (PT),Website :-Email :gcindonesia@gcoop.com
1067,HEALTH WEALTH INTERNATIONALPerseroan Terbatas (PT),Website :-Email :-
1068,LEAFHEA INTERNATIONAL NETWORKPerseroan Terbatas (PT),Website :-Email :Leafheaofficial@gmail.com
1069,PESONA HERBAL INDONESIAPerseroan Terbatas (PT),Website :-Email :pesonaherbal2021@gmail.com
1070,YOUNG LIVING INDONESIAPerseroan Terbatas (PT),Website :-Email :kwinda@youngliving.com
1071,RADJA SEHAT SEJAHTERAPerseroan Terbatas (PT),Website :-Email :-
1072,YOUNG LIVING INDONESIAPerseroan Terbatas (PT),Website :-Email :kwinda@youngliving.com
1073,COWAY INTERNATIONAL INDONESIAPerseroan Terbatas (PT),Website :-Email :indonesiacoway@hotmail.com
1074,SEHAT SUKSES BAHAGIAPerseroan Terbatas (PT),Website :-Email :sehatsuksesbahagia141@gmail.com
1075,MAHKOTA SUKSES INDONESIAPerseroan Terbatas (PT),Website :-Email :mahkotaindonesia.official@gmail.com
1076,TERLANJUR JAYA INDONESIAPerseroan Terbatas (PT),Website :-Email :-
1077,ANUGERAH BERLIAN BERKAH BERJAYAPerseroan Terbatas (PT),Website :-Email :anugerahberlianberkahberjaya@gmail.com
1078,AMINDOWAY JAYAPerseroan Terbatas (PT),Website :-Email :andry.yudistira@amway.com
1079,BEONE GLOBAL INDONESIAPerseroan Terbatas (PT),Website :-Email :be1globalindonesia@gmail.com
1080,NAMORA ERA WIRAPerseroan Terbatas (PT),Website :-Email :newofl99@gmail.com
1081,BEONE GLOBAL INDONESIAPerseroan Terbatas (PT),Website :-Email :be1globalindonesia@gmail.com
1082,KLIK DNA MANDIRIPerseroan Terbatas (PT),Website :-Email :hr.gisolution@gmail.com
1083,LONGRICH GLOBALINDO PERKASAPerseroan Terbatas (PT),Website :-Email :-
1084,ARNET SUKSES MANDIRIPerseroan Terbatas (PT),Website :-Email :arnetnetlife@gmail.com
1085,ROYAL QUEEN INDONESIAPerseroan Terbatas (PT),Website :-Email :Myroyalqueenofficial@gmail.com
1086,TUNAS OBOR PERKASAPerseroan Terbatas (PT),Website :-Email :-
1087,ADILUHUNG SANTOSA TEPASALIRAPerseroan Terbatas (PT),Website :-Email :-
1088,HEKSA MAKMUR JAYAPerseroan Terbatas (PT),Website :-Email :heksa.makmurjaya@gmail.com
1089,AIRICH INTERNASIONAL GROUPPerseroan Terbatas (PT),Website :-Email :-
1090,RIWAY INTERNATIONALPerseroan Terbatas (PT),Website :-Email :-
1091,BAYU INSAN GEMILANG PROFITINDOPerseroan Terbatas (PT),Website :-Email :big.profitindo@gmail.com
1092,KALISA SEHAT SEJAHTERAPerseroan Terbatas (PT),Website :-Email :-
1093,BLAZE BIAN JAYAPerseroan Terbatas (PT),Website :-Email :-
1094,SEJAHTERA ANUGERAH PRATAMAPerseroan Terbatas (PT),Website :-Email :info@sejahterapratama.id
1095,HEKSA MAKMUR JAYAPerseroan Terbatas (PT),Website :-Email :heksa.makmurjaya@gmail.com
1096,AIRICH INTERNASIONAL GROUPPerseroan Terbatas (PT),Website :-Email :-
1097,ADILUHUNG SANTOSA TEPASALIRAPerseroan Terbatas (PT),Website :-Email :-
1098,ENLOGY JAYA ANGGAPerseroan Terbatas (PT),Website :-Email :-
1099,KRISNADI SEHAT SEJAHTERAPerseroan Terbatas (PT),Website :-Email :-
1100,KELUARGA JAYA SAKTI SUKSESPerseroan Terbatas (PT),Website :-Email :-
1101,PESONA HERBAL INDONESIAPerseroan Terbatas (PT),Website :-Email :pesonaherbal2021@gmail.com
1102,RIYA JAYA INDONESIAPerseroan Terbatas (PT),Website :-Email :alluvia.indonesia@gmail.com
1103,MUAMALAT INSAN MANDIRIPerseroan Terbatas (PT),Website :-Email :muhammadikhwanul10@gmail.com
1104,DOBEL NETWORK INTERNASIONALPerseroan Terbatas (PT),Website :-Email :dobelnetwork@gmail.com
1105,GLOBAL TREN INDONESIAPerseroan Terbatas (PT),Website :-Email :globaltrenindonesia@gmail.com
1106,HERBA NUSANTARA ALAMIPerseroan Terbatas (PT),Website :-Email :-
1107,JEUNESSE GLOBALPerseroan Terbatas (PT),Website :-Email :-
1108,TFORCE INDONESIA JAYAPerseroan Terbatas (PT),Website :-Email :pttforceindonesiajaya@gmail.com
1109,VISI SUKSES MANDIRIPerseroan Terbatas (PT),Website :-Email :info.scg.tng@gmail.com
1110,NATURA PRIMA BEAUTYPerseroan Terbatas (PT),Website :-Email :naturaworld.official@gmail.com
1111,COWAY INTERNATIONAL INDONESIAPerseroan Terbatas (PT),Website :-Email :indonesiacoway@hotmail.com
1112,NUSA SELARAS INDONESIAPerseroan Terbatas (PT),Website :-Email :andri@nuskin.com
1113,MILAGROS INDONESIA MEGAHPerseroan Terbatas (PT),Website :-Email :legal@milagros.co.id
1114,ANAK BOS GROUPPerseroan Terbatas (PT),Website :-Email :ptanakbosgroup@gmail.com
1115,HARMONI DINAMIK INDONESIAPerseroan Terbatas (PT),Website :-Email :ratna.putri@hdinetwork.com
1116,COWAY INTERNATIONAL INDONESIAPerseroan Terbatas (PT),Website :-Email :indonesiacoway@hotmail.com
1117,WIN NETWORK INDONESIAPerseroan Terbatas (PT),Website :-Email :winindonesia@yahoo.com
1118,SENTOSA SELARAS NETWORKPerseroan Terbatas (PT),Website :-Email :officialtopseller@gmail.com
1119,PM-INTERNATIONAL INDONESIAPerseroan Terbatas (PT),Website :-Email :office@pm-international.co.id
1120,BIGENMI GEMILANG INDONESIAPerseroan Terbatas (PT),Website :-Email :bigenmi.official@gmail.com
1121,BIGENMI GEMILANG INDONESIAPerseroan Terbatas (PT),Website :-Email :bigenmi.official@gmail.com
1122,BANGKIT SUKSES SEJAHTERAPerseroan Terbatas (PT),Website :-Email :ptbangkitsuksessejahtera@gmail.com
1123,AYO KITA BERDIKARIPerseroan Terbatas (PT),Website :-Email :kota.hadiah2021@gmail.com
1124,BIOKISSED NATURALS INDONESIAPerseroan Terbatas (PT),Website :-Email :biokissednaturalsindonesia@gmail.com
1125,DIAMOND INTEREST ABADI INDONESIAPerseroan Terbatas (PT),Website :-Email :-
1126,VISI SINARMAS PERKASAPerseroan Terbatas (PT),Website :-Email :vivaforever.solo@gmail.com
1127,BANDUNG ECO SINERGI TEKNOLOGIPerseroan Terbatas (PT),Website :-Email :official.sinergyworld@gmail.com
1128,BERNIAGA BERKAH CEMERLANGPerseroan Terbatas (PT),Website :-Email :berniagaberkahcemerlang@gmail.com
1129,BITREXGO SOLUSI PRIMAPerseroan Terbatas (PT),Website :-Email :-
1130,MILAGROS INDONESIA MEGAHPerseroan Terbatas (PT),Website :-Email :legal@milagros.co.id
1131,SINAR SUKSES IMPIANPerseroan Terbatas (PT),Website :-Email :ssisinarsukses@gmail.com
1132,QN INTERNATIONAL INDONESIAPerseroan Terbatas (PT),Website :-Email :eka.agustin@qnet.net
1133,MILAGROS INDONESIA MEGAHPerseroan Terbatas (PT),Website :-Email :legal@milagros.co.id
1134,INFINESSE SEMPURNA ABADIPerseroan Terbatas (PT),Website :-Email :-
1135,TIO NAMORA JAYA INDONESIAPerseroan Terbatas (PT),Website :-Email :-
1136,CAHAYA WARGA NUSANTARAPerseroan Terbatas (PT),Website :-Email :ptcawan@gmail.com
1137,PARTNER SEJATI INTERNASIONALPerseroan Terbatas (PT),Website :-Email :-
1138,ANAK BANGSA BERSATUPerseroan Terbatas (PT),Website :-Email :-
1139,MAKIN JAYA AGUNGPerseroan Terbatas (PT),Website :-Email :makinjayaagung17@gmail.com
1140,KANAKA SELARAS NETWORKPerseroan Terbatas (PT),Website :-Email :-
1141,BIO ORGANIK NUSANTARAPerseroan Terbatas (PT),Website :-Email :legal@biogreenscience.com
1142,RYU DIAN GEMILANGPerseroan Terbatas (PT),Website :-Email :-
1143,CANAI INDONESIA INTERNATIONALPerseroan Terbatas (PT),Website :-Email :-
1144,JLC SUKSES INDONESIAPerseroan Terbatas (PT),Website :-Email :-
1145,4LIFE INDONESIA TRADINGPerseroan Terbatas (PT),Website :-Email :-
1146,HARMONI DINAMIK INDONESIAPerseroan Terbatas (PT),Website :-Email :ratna.putri@hdinetwork.com
1147,BITREXGO SOLUSI PRIMAPerseroan Terbatas (PT),Website :-Email :-
1148,NETUP TEKNOLOGI INDONESIAPerseroan Terbatas (PT),Website :-Email :-
1149,GOLDEN CEMERLANG INDONESIAPerseroan Terbatas (PT),Website :-Email :pt.goldencemerlangindonesia@yahoo.com
1150,ANGKASA WIJAYA INTERNASIONALPerseroan Terbatas (PT),Website :-Email :wijayainternasional86@gmail.com
1151,GLOBAL RESOLUSI WAFIRAPerseroan Terbatas (PT),Website :-Email :-
1152,ORINDO ALAM AYUPerseroan Terbatas (PT),Website :-Email :Dina.Muthia@oriflame.com
1153,ONE MORE NUSANTARAPerseroan Terbatas (PT),Website :-Email :-
1154,JOLIES GLOBAL INDONESIAPerseroan Terbatas (PT),Website :-Email :-
1155,HAVANA GLOW INTERNATIONALPerseroan Terbatas (PT),Website :-Email :-
1156,GCOOP GLOBAL INDONESIAPerseroan Terbatas (PT),Website :-Email :gcindonesia@gcoop.com
1157,LEAFHEA INTERNATIONAL NETWORKPerseroan Terbatas (PT),Website :-Email :Leafheaofficial@gmail.com
1158,MOMEN GLOBAL INTERNASIONALPerseroan Terbatas (PT),Website :-Email :mydinda2002@gmail.com
1159,JMOA INDONESIA INTERNASIONALPerseroan Terbatas (PT),Website :-Email :pmljmoa@gmail.com
1160,INDONESIA BERSATU SEJAHTERA INTERNASIONALPerseroan Terbatas (PT),Website :-Email :-
1161,KK INDONESIAPerseroan Terbatas (PT),Website :-Email :-
1162,SINGA LANGIT JAYAPerseroan Terbatas (PT),Website :-Email :-
1163,VOLTEN INTERNATIONAL INDONESIAPerseroan Terbatas (PT),Website :-Email :-
1164,MAHKOTA SUKSES INDONESIAPerseroan Terbatas (PT),Website :-Email :mahkotaindonesia.official@gmail.com
1165,UNIVERSAL HEALTH NETWORKPerseroan Terbatas (PT),Website :-Email :debby.alfi@sohoglobalhealth.com
1166,ARMINAREKA PHARMASIA PRATAMAPerseroan Terbatas (PT),Website :-Email :ARMINAREKA.PHARMASIA@gmail.com
1167,YOO SAI HIROPerseroan Terbatas (PT),Website :-Email :yoosaihiro@gmail.com
1168,UNIO CORPORA TEKNOLOGIPerseroan Terbatas (PT),Website :-Email :-
1169,NUTRISI PASIFIK INTERNASIONALPerseroan Terbatas (PT),Website :-Email :-
1170,MULTICARE MITRA SEJAHTERAPerseroan Terbatas (PT),Website :-Email :askmc@indocare.com
1171,KELUARGA JAYA SAKTI SUKSESPerseroan Terbatas (PT),Website :-Email :-
1172,VISI SUKSES MANDIRIPerseroan Terbatas (PT),Website :-Email :info.scg.tng@gmail.com
1173,FRANCE VALEGE INTERNASIONALPerseroan Terbatas (PT),Website :-Email :fvi_id@yahoo.com
1174,ATOMY INDONESIA INCPerseroan Terbatas (PT),Website :-Email :sj_kim@atomy.kr
1175,MULTICARE MITRA SEJAHTERAPerseroan Terbatas (PT),Website :-Email :askmc@indocare.com
1176,ARYA MAKMUR REZEKIPerseroan Terbatas (PT),Website :-Email :-
1177,LUXOR INDONESIAPerseroan Terbatas (PT),Website :-Email :-
1178,PHHP PEMASARAN INDONESIAPerseroan Terbatas (PT),Website :-Email :registrasi@phhp.co.id
1179,JKS KASIH SAYANGPerseroan Terbatas (PT),Website :-Email :-
1180,SYNERGY WORLDWIDE INDONESIAPerseroan Terbatas (PT),Website :-Email :cs_indo@synergyworldwide.com
1181,SYNERGY WORLDWIDE INDONESIAPerseroan Terbatas (PT),Website :-Email :cs_indo@synergyworldwide.com
1182,SURYA DUTA GREENINDOPerseroan Terbatas (PT),Website :-Email :greenindosuryaduta@gmail.com
1183,SINERGI REZEKI ANANTAPerseroan Terbatas (PT),Website :-Email :-
1184,KOINA MITRA SELARASPerseroan Terbatas (PT),Website :-Email :-
1185,KOMUNITAS CERDAS INDONESIAPerseroan Terbatas (PT),Website :-Email :kom.cerdas.ind@gmail.com
1186,NUSANTARA SUKSES SELALUPerseroan Terbatas (PT),Website :-Email :-
1187,GREEN WORLD GLOBALPerseroan Terbatas (PT),Website :-Email :-
1188,SINERGI REZEKI ANANTAPerseroan Terbatas (PT),Website :-Email :-
1189,BANGUN INSAN SUKSES AMANAHPerseroan Terbatas (PT),Website :-Email :mnitop@yahoo.com
1190,ENAGIC INDONESIAPerseroan Terbatas (PT),Website :-Email :widia@enagic.co.id
1191,NATURAL NUSANTARAPerseroan Terbatas (PT),Website :-Email :service@naturalnusantara.co.id
1192,HIMALAYA INTERNATIONALPerseroan Terbatas (PT),Website :-Email :-
1193,MAKIN JAYA AGUNGPerseroan Terbatas (PT),Website :-Email :makinjayaagung17@gmail.com
1194,MARI MENGGAPAI MIMPIPerseroan Terbatas (PT),Website :-Email :pt.marimenggapaimimpi@gmail.com
1195,CAHAYA KARUNIA PERSADAPerseroan Terbatas (PT),Website :-Email :bcmb.cakap@yahoo.com
1196,CMN INTERNASIONAL INDONESIAPerseroan Terbatas (PT),Website :-Email :-
1197,ONE COMMUNITY INDONESIAPerseroan Terbatas (PT),Website :-Email :marlina@one2u.com
1198,GREEN VIT INTERNATIONALPerseroan Terbatas (PT),Website :-Email :-
1199,PROSPECTIVE BIO INTERNATIONAL TRADINGPerseroan Terbatas (PT),Website :-Email :-
1200,SUNRIDER NUSAPERDANAPerseroan Terbatas (PT),Website :-Email :-
1201,JUARA OPTIMAL STRATEZIQPerseroan Terbatas (PT),Website :-Email :ferryferdian135@gmail.com
1202,SURYA LIFETIME INTERNASIONALPerseroan Terbatas (PT),Website :-Email :customerservice@itslifetime.com
1203,BEI INTERNATIONAL MARKETINGPerseroan Terbatas (PT),Website :-Email :ptbeiinternational@beintl.com
1204,RAZEDO GRUP SUKSESPerseroan Terbatas (PT),Website :-Email :customer.service@razedogroup.com
1205,GREENLEAF INTERNATIONAL INDONESIAPerseroan Terbatas (PT),Website :-Email :-
1206,MELIA SEHAT SEJAHTERAPerseroan Terbatas (PT),Website :-Email :-
1207,SOLUSI SERATUS INDONESIAPerseroan Terbatas (PT),Website :-Email :-
1208,SINERGI REZEKI ANANTAPerseroan Terbatas (PT),Website :-Email :-
1209,KOMPAK INDOPOLAPerseroan Terbatas (PT),Website :-Email :-
1210,ALGAEPARK INDONESIA MANDIRIPerseroan Terbatas (PT),Website :-Email :-
1211,FIRST NETWORK GLOBALPerseroan Terbatas (PT),Website :-Email :-
1212,MAO THARA INTERNASIONALPerseroan Terbatas (PT),Website :-Email :klikbci2017@gmail.com
1213,WICAKSANA INTI NUSANTARA NETWORKPerseroan Terbatas (PT),Website :-Email :pt.wicaksanaintinusantara@gmail.com
1214,MILAGROS INDONESIA MEGAHPerseroan Terbatas (PT),Website :-Email :legal@milagros.co.id
1215,HERBA PENAWAR ALWAHIDA INDONESIAPerseroan Terbatas (PT),Website :-Email :crm@hni.net
1216,INDONESIA BERSATU SEJAHTERA INTERNASIONALPerseroan Terbatas (PT),Website :-Email :-
1217,LUXOR INDONESIAPerseroan Terbatas (PT),Website :-Email :-
1218,LEAFHEA INTERNATIONAL NETWORKPerseroan Terbatas (PT),Website :-Email :Leafheaofficial@gmail.com
1219,COWAY INTERNATIONAL INDONESIAPerseroan Terbatas (PT),Website :-Email :indonesiacoway@hotmail.com
1220,INDO SUPPLY CHAINPerseroan Terbatas (PT),Website :-Email :admin@iscglobe.com
1221,UNICITY INDONESIAPerseroan Terbatas (PT),Website :-Email :ptunicityindonesia@gmail.com
1222,UNIO CORPORA TEKNOLOGIPerseroan Terbatas (PT),Website :-Email :-
1223,ELKEN GLOBAL INDONESIAPerseroan Terbatas (PT),Website :-Email :lisma@elken.com
1224,HARMONI DINAMIK INDONESIAPerseroan Terbatas (PT),Website :-Email :ratna.putri@hdinetwork.com
1225,JUARA OPTIMAL STRATEZIQPerseroan Terbatas (PT),Website :-Email :ferryferdian135@gmail.com
1226,HANITA ARTHA NUSANTARAPerseroan Terbatas (PT),Website :-Email :hanitaarthanusantara488@gmail.com
1227,JMOA INDONESIA INTERNASIONALPerseroan Terbatas (PT),Website :-Email :pmljmoa@gmail.com
1228,TREN GLOBAL TEKNOLOGIPerseroan Terbatas (PT),Website :-Email :cs@trenglobal.co.id
1229,4LIFE INDONESIA TRADINGPerseroan Terbatas (PT),Website :-Email :-
1230,BANGKIT SUKSES SEJAHTERAPerseroan Terbatas (PT),Website :-Email :ptbangkitsuksessejahtera@gmail.com
1231,ANUGRAH KINASIH ABADIPerseroan Terbatas (PT),Website :-Email :-
1232,FOREVER HEALTHY INDONESIAPerseroan Terbatas (PT),Website :-Email :ptforeverhealthyindonesia@gmail.com
1233,ASIAFARMA INDONESIA RAHARJOPerseroan Terbatas (PT),Website :-Email :-
1234,MEDICAL THERAPY INDONESIAPerseroan Terbatas (PT),Website :-Email :-
1235,BOTANIC LIBERTY INTERNATIONALPerseroan Terbatas (PT),Website :-Email :-
1236,MILLIONAIRE GROUP INDONESIAPerseroan Terbatas (PT),Website :-Email :-
1237,TEKNOLOGI BUMI INDONESIAPerseroan Terbatas (PT),Website :-Email :-
1238,KAYA HAYAT REZEKIPerseroan Terbatas (PT),Website :-Email :kayahayatrezeki1988@gmail.com
1239,SINERGI REZEKI ANANTAPerseroan Terbatas (PT),Website :-Email :-
1240,INDO SUPPLY CHAINPerseroan Terbatas (PT),Website :-Email :admin@iscglobe.com
1241,INDO SUPPLY CHAINPerseroan Terbatas (PT),Website :-Email :admin@iscglobe.com
1242,MAXIMAX SUKSES MAKMURPerseroan Terbatas (PT),Website :-Email :admin1@maximax.co.id
1243,QN INTERNATIONAL INDONESIAPerseroan Terbatas (PT),Website :-Email :eka.agustin@qnet.net
1244,PINELENG INDAH CEMERLANGPerseroan Terbatas (PT),Website :-Email :-
1245,ATOMY INDONESIA INCPerseroan Terbatas (PT),Website :-Email :sj_kim@atomy.kr
1246,TRI ENERGI INTERNASIONALPerseroan Terbatas (PT),Website :-Email :tri3nergi@gmail.com
1247,ALTRA MULTI SUKSESPerseroan Terbatas (PT),Website :-Email :-
1248,TUNAS HIJAU NETWORK INDONESIAPerseroan Terbatas (PT),Website :-Email :thnetworkindonesia@gmail.com
1249,Inmall Jaringan IndonesiaPerseroan Terbatas (PT),Website :-Email :-
1250,TRIDAYA SINERGI INDONESIAPerseroan Terbatas (PT),Website :-Email :tridayasinergiindonesia@gmail.com
1251,INDO SEJAHTERA JAYAPerseroan Terbatas (PT),Website :-Email :-
1252,TARAPRIMA MEGAHPerseroan Terbatas (PT),Website :-Email :carlanatan@hotmail.com
1253,ENAGIC INDONESIAPerseroan Terbatas (PT),Website :-Email :widia@enagic.co.id
1254,UNIVERSAL HEALTH NETWORKPerseroan Terbatas (PT),Website :-Email :debby.alfi@sohoglobalhealth.com
1255,LIFEWAVE INTERNASIONAL INDONESIAPerseroan Terbatas (PT),Website :-Email :lifewaveinternasional@gmail.com
1256,MILLIONAIRE GROUP INDONESIAPerseroan Terbatas (PT),Website :-Email :-
1257,BAE ORBIT SENUSANTARAPerseroan Terbatas (PT),Website :-Email :sagita@ptbos.com
1258,IZAUNET BERKAH MANDIRIPerseroan Terbatas (PT),Website :-Email :-
1259,SURYA DUTA GREENINDOPerseroan Terbatas (PT),Website :-Email :greenindosuryaduta@gmail.com
1260,HARMONI DINAMIK INDONESIAPerseroan Terbatas (PT),Website :-Email :ratna.putri@hdinetwork.com
1261,IZAUNET BERKAH MANDIRIPerseroan Terbatas (PT),Website :-Email :-
1262,SINERGI REZEKI ANANTAPerseroan Terbatas (PT),Website :-Email :-
1263,YOUMEI INTERNATIONAL INDONESIAPerseroan Terbatas (PT),Website :-Email :-
1264,INDO SUPPLY CHAINPerseroan Terbatas (PT),Website :-Email :admin@iscglobe.com
1265,SHANNEN GLOBAL INDONESIAPerseroan Terbatas (PT),Website :-Email :shannenglobalofficial@gmail.com
1266,TUJUH GUNUNG BERKATPerseroan Terbatas (PT),Website :-Email :-
1267,ZEE LORA GLOBAL INTERNASIONALPerseroan Terbatas (PT),Website :-Email :ptzeeloraglobali@gmail.com
1268,CAHAYA PRESTASI INDONESIAPerseroan Terbatas (PT),Website :-Email :renianggraeni@tupperware.com
1269,RAZEDO GRUP SUKSESPerseroan Terbatas (PT),Website :-Email :customer.service@razedogroup.com
1270,ANUGRAH KINASIH ABADIPerseroan Terbatas (PT),Website :-Email :-
1271,HEALTH WEALTH INTERNATIONALPerseroan Terbatas (PT),Website :-Email :-
1272,SINAR SUKSES IMPIANPerseroan Terbatas (PT),Website :-Email :ssisinarsukses@gmail.com
1273,SINERGI REZEKI ANANTAPerseroan Terbatas (PT),Website :-Email :-
1274,RAJAWALI WIRA BUANA SAKTIPerseroan Terbatas (PT),Website :-Email :-
1275,MEDICAL THERAPY INDONESIAPerseroan Terbatas (PT),Website :-Email :-
1276,QUARTIMAS INDOJAYA PERKASAPerseroan Terbatas (PT),Website :-Email :mleonaliza@gmail.com
1277,SINERGI REZEKI ANANTAPerseroan Terbatas (PT),Website :-Email :-
1278,ONE FAMILY INDONESIAPerseroan Terbatas (PT),Website :-Email :-
1279,KANAKA SELARAS NETWORKPerseroan Terbatas (PT),Website :-Email :-
1280,TRENINET SENTOSA INTERNASIONALPerseroan Terbatas (PT),Website :-Email :treninet.sentosa.internasional@gmail.com
1281,Joy Business InternationalPerseroan Terbatas (PT),Website :-Email :-
1282,KAPITAL GLOBAL AKADEMIPerseroan Terbatas (PT),Website :-Email :-
1283,INDO SUPPLY CHAINPerseroan Terbatas (PT),Website :-Email :admin@iscglobe.com
1284,ASIAFARMA INDONESIA RAHARJOPerseroan Terbatas (PT),Website :-Email :-
1285,SINERGI REZEKI ANANTAPerseroan Terbatas (PT),Website :-Email :-
1286,HEKSA MAKMUR JAYAPerseroan Terbatas (PT),Website :-Email :heksa.makmurjaya@gmail.com
1287,YOMARI EKSIS SERENTAKPerseroan Terbatas (PT),Website :-Email :ptyomarieksisserentak@gmail.com
1288,BINTANG PRIMA KARYA BERSAMAPerseroan Terbatas (PT),Website :-Email :-
1289,PM-INTERNATIONAL INDONESIAPerseroan Terbatas (PT),Website :-Email :office@pm-international.co.id
1290,BERKAH EMAS INDONESIAPerseroan Terbatas (PT),Website :-Email :berkahemasindonesia@gmail.com
1291,VAYYA SUKSES ABADIPerseroan Terbatas (PT),Website :-Email :vayyasuksesabadi.pt@gmail.com
1292,NUSA SELARAS INDONESIAPerseroan Terbatas (PT),Website :-Email :andri@nuskin.com
1293,TOTAL MITRA TERBAIKPerseroan Terbatas (PT),Website :-Email :-
1294,BANGKIT SUKSES SEJAHTERAPerseroan Terbatas (PT),Website :-Email :ptbangkitsuksessejahtera@gmail.com
1295,VOLTEN INTERNATIONAL INDONESIAPerseroan Terbatas (PT),Website :-Email :-
1296,HIMALAYA INTERNATIONALPerseroan Terbatas (PT),Website :-Email :-
1297,SINERGI REZEKI ANANTAPerseroan Terbatas (PT),Website :-Email :-
1298,SURYA DUTA GREENINDOPerseroan Terbatas (PT),Website :-Email :greenindosuryaduta@gmail.com
1299,SURYA LIFETIME INTERNASIONALPerseroan Terbatas (PT),Website :-Email :customerservice@itslifetime.com
1300,INDO SUPPLY CHAINPerseroan Terbatas (PT),Website :-Email :admin@iscglobe.com
1301,INTERNASIONAL DIGITAL REVOLUSIPerseroan Terbatas (PT),Website :-Email :-
1302,JAFRA COSMETICS INDONESIAPerseroan Terbatas (PT),Website :-Email :legal@jafra.co.id
1303,TIRTAMAS INDO SENTOSAPerseroan Terbatas (PT),Website :-Email :-
1304,ORINDO ALAM AYUPerseroan Terbatas (PT),Website :-Email :Dina.Muthia@oriflame.com
1305,DURASKIN SEJAHTERA INDONESIAPerseroan Terbatas (PT),Website :-Email :-
1306,ZEEOX VIRAL INTERNASIONALPerseroan Terbatas (PT),Website :-Email :info@zeeox.co.id
1307,FOREVER HEALTHY INDONESIAPerseroan Terbatas (PT),Website :-Email :ptforeverhealthyindonesia@gmail.com
1308,ATOMY INDONESIA INCPerseroan Terbatas (PT),Website :-Email :sj_kim@atomy.kr
1309,GEMMA GLOBAL INDONESIAPerseroan Terbatas (PT),Website :-Email :gemmaglobalind@gmail.com
1310,FOURMI ASHA SEJAHTERAPerseroan Terbatas (PT),Website :-Email :fourmiashasejahtera@gmail.com
1311,INFINY NIAGA ABADIPerseroan Terbatas (PT),Website :-Email :-
1312,INDO SUPPLY CHAINPerseroan Terbatas (PT),Website :-Email :admin@iscglobe.com
1313,SINERGI REZEKI ANANTAPerseroan Terbatas (PT),Website :-Email :-
1314,TFORCE INDONESIA JAYAPerseroan Terbatas (PT),Website :-Email :pttforceindonesiajaya@gmail.com
1315,SIMBIOTIK MULTITALENTA INDONESIAPerseroan Terbatas (PT),Website :-Email :info@ptsmi.id
1316,MILLIONAIRE GROUP INDONESIAPerseroan Terbatas (PT),Website :-Email :-
1317,TOGA INTERNATIONAL INDONESIAPerseroan Terbatas (PT),Website :-Email :-
1318,RUBI MAHIRA INDONESIAPerseroan Terbatas (PT),Website :-Email :-
1319,HAFRA SEJAHTERA ABADIPerseroan Terbatas (PT),Website :-Email :-
1320,UNICITY INDONESIAPerseroan Terbatas (PT),Website :-Email :ptunicityindonesia@gmail.com
1321,RUBI MAHIRA INDONESIAPerseroan Terbatas (PT),Website :-Email :-
1322,SINERGI REZEKI ANANTAPerseroan Terbatas (PT),Website :-Email :-
1323,BAYU INSAN GEMILANG PROFITINDOPerseroan Terbatas (PT),Website :-Email :big.profitindo@gmail.com
1324,INFINITI SINERGI INDONESIAPerseroan Terbatas (PT),Website :-Email :-
1325,KLIK DNA MANDIRIPerseroan Terbatas (PT),Website :-Email :hr.gisolution@gmail.com
1326,TUJUH OPTIMA PERSADAPerseroan Terbatas (PT),Website :-Email :-
1327,MITRA ELIT INDONESIAPerseroan Terbatas (PT),Website :-Email :ptmitraelit@gmail.com
1328,BITREXGO SOLUSI PRIMAPerseroan Terbatas (PT),Website :-Email :-
1329,INDOTAMA MITRA MANDIRIPerseroan Terbatas (PT),Website :-Email :-
1330,GARASI INDONESIA MAKMURPerseroan Terbatas (PT),Website :-Email :-
1331,QN INTERNATIONAL INDONESIAPerseroan Terbatas (PT),Website :-Email :eka.agustin@qnet.net
1332,JAFRA COSMETICS INDONESIAPerseroan Terbatas (PT),Website :-Email :legal@jafra.co.id
1333,BANGUN ALAM SAMAWAPerseroan Terbatas (PT),Website :-Email :-
1334,INDO SUPPLY CHAINPerseroan Terbatas (PT),Website :-Email :admin@iscglobe.com
1335,PHHP PEMASARAN INDONESIAPerseroan Terbatas (PT),Website :-Email :registrasi@phhp.co.id
1336,TRUST GLOBAL KARYAPerseroan Terbatas (PT),Website :-Email :Vblasteducation@gmail.com
1337,JOKAM SEMBILAN SEMBILANPerseroan Terbatas (PT),Website :-Email :-
1338,I LINK AGE INTERNATIONAL INDONESIAPerseroan Terbatas (PT),Website :-Email :info.id@nutric.com
1339,KIENS KAPUPON INTERNASIONALPerseroan Terbatas (PT),Website :-Email :-
1340,FOHOWAY INTERNATIONAL INDONESIAPerseroan Terbatas (PT),Website :-Email :-
1341,YOO SAI HIROPerseroan Terbatas (PT),Website :-Email :yoosaihiro@gmail.com
1342,GLOBAL TREN INDONESIAPerseroan Terbatas (PT),Website :-Email :globaltrenindonesia@gmail.com
1343,EMAS KONEKSI NUSANTARAPerseroan Terbatas (PT),Website :-Email :-
1344,SHANNEN GLOBAL INDONESIAPerseroan Terbatas (PT),Website :-Email :shannenglobalofficial@gmail.com
1345,CENTRAL JAVA DAYA WIGUNA INDONESIAPerseroan Terbatas (PT),Website :-Email :hrd@cjdwnetwork.com
1346,SUN CENTURY NUSANTARAPerseroan Terbatas (PT),Website :-Email :-
1347,LP GLOBAL NETWORKPerseroan Terbatas (PT),Website :-Email :-
1348,ALMEGA MANDIRI INDONESIAPerseroan Terbatas (PT),Website :-Email :almega.id@gmail.com
1349,CAKRA ARTHA SENTOSAPerseroan Terbatas (PT),Website :-Email :-
1350,H&E DERMATECH INDONESIAPerseroan Terbatas (PT),Website :-Email :eastcopasific@gmail.com
1351,SHAKLEE INDONESIAPerseroan Terbatas (PT),Website :-Email :-
1352,INFINY NIAGA ABADIPerseroan Terbatas (PT),Website :-Email :-
1353,WIRA INDONESIA BERSAMAPerseroan Terbatas (PT),Website :-Email :-
1354,TAN TAN INDONESIAPerseroan Terbatas (PT),Website :-Email :legal.tantanindonesia@gmail.com
1355,SUN CENTURY NUSANTARAPerseroan Terbatas (PT),Website :-Email :-
1356,ASTANA MULTI ARTAPerseroan Terbatas (PT),Website :-Email :astanamultiarta@gmail.com
1357,ATOMY INDONESIA INCPerseroan Terbatas (PT),Website :-Email :sj_kim@atomy.kr
1358,INDO SUPPLY CHAINPerseroan Terbatas (PT),Website :-Email :admin@iscglobe.com
1359,ATOMY INDONESIA INCPerseroan Terbatas (PT),Website :-Email :sj_kim@atomy.kr
1360,Inmall Jaringan IndonesiaPerseroan Terbatas (PT),Website :-Email :-
1361,Inmall Jaringan IndonesiaPerseroan Terbatas (PT),Website :-Email :-
1362,HIJRAH MULIA SEJAHTERAPerseroan Terbatas (PT),Website :-Email :-
1363,UNICITY INDONESIAPerseroan Terbatas (PT),Website :-Email :ptunicityindonesia@gmail.com
1364,MILLIONAIRE GROUP INDONESIAPerseroan Terbatas (PT),Website :-Email :-
1365,GEMILANG CITRUS BERJAYAPerseroan Terbatas (PT),Website :-Email :gusbiz9@gmail.com
1366,NEW IMAGE HEALTH SCIENCESPerseroan Terbatas (PT),Website :-Email :-
1367,GANESHA PUTRA INDONESIAPerseroan Terbatas (PT),Website :-Email :-
1368,IVO ARTALINE INDONESIAPerseroan Terbatas (PT),Website :-Email :-
1369,PRIMA FORUMPerseroan Terbatas (PT),Website :-Email :-
1370,GLOBAL TREN INDONESIAPerseroan Terbatas (PT),Website :-Email :globaltrenindonesia@gmail.com
1371,INDO SUPPLY CHAINPerseroan Terbatas (PT),Website :-Email :admin@iscglobe.com
1372,UNICITY INDONESIAPerseroan Terbatas (PT),Website :-Email :ptunicityindonesia@gmail.com
1373,BIO ORGANIK NUSANTARAPerseroan Terbatas (PT),Website :-Email :legal@biogreenscience.com
1374,ZEE LORA GLOBAL INTERNASIONALPerseroan Terbatas (PT),Website :-Email :ptzeeloraglobali@gmail.com
1375,VISIONEA TEKNOLOGI PERKASAPerseroan Terbatas (PT),Website :-Email :visioneateknologiperkasa@yahoo.com
1376,HAI-O INDONESIAPerseroan Terbatas (PT),Website :-Email :-
1377,SUKSES NUSANTARA SAKTI DUA PULUH SATU INTERNASIONALPerseroan Terbatas (PT),Website :-Email :ptsns21@gmail.com
1378,RX INTERNATIONALPerseroan Terbatas (PT),Website :-Email :-
1379,GCOOP GLOBAL INDONESIAPerseroan Terbatas (PT),Website :-Email :gcindonesia@gcoop.com
1380,4LIFE INDONESIA TRADINGPerseroan Terbatas (PT),Website :-Email :-
1381,JANITRA JAYA MULIAPerseroan Terbatas (PT),Website :-Email :-
1382,4LIFE INDONESIA TRADINGPerseroan Terbatas (PT),Website :-Email :-
1383,GAMENET PRIMA INDONESIAPerseroan Terbatas (PT),Website :-Email :gamenetprima@gmail.com
1384,MILLIONAIRE GROUP INDONESIAPerseroan Terbatas (PT),Website :-Email :-
1385,SRIKANDHI JAYATAMA INDONESIAPerseroan Terbatas (PT),Website :-Email :srikandhijayatamaindonesia@gmail.com
1386,KIENS KAPUPON INTERNASIONALPerseroan Terbatas (PT),Website :-Email :-
1387,INDO SUPPLY CHAINPerseroan Terbatas (PT),Website :-Email :admin@iscglobe.com
1388,DEZ ABADI BERKAHPerseroan Terbatas (PT),Website :-Email :dezabadi@gmail.com
1389,YOMARI EKSIS SERENTAKPerseroan Terbatas (PT),Website :-Email :ptyomarieksisserentak@gmail.com
1390,AURA MITRA REJEKIPerseroan Terbatas (PT),Website :-Email :-
1391,SIRKUIT SAMMIN INDONESIAPerseroan Terbatas (PT),Website :-Email :-
1392,APLIKASI BISNIS DIGITAL INDONESIAPerseroan Terbatas (PT),Website :-Email :-
1393,UNIVERSAL HEALTH NETWORKPerseroan Terbatas (PT),Website :-Email :debby.alfi@sohoglobalhealth.com
1394,TRENINET SENTOSA INTERNASIONALPerseroan Terbatas (PT),Website :-Email :treninet.sentosa.internasional@gmail.com
1395,YOO SAI HIROPerseroan Terbatas (PT),Website :-Email :yoosaihiro@gmail.com
1396,ENLOGY JAYA ANGGAPerseroan Terbatas (PT),Website :-Email :-
1397,DUTA AMANAH IKHSANPerseroan Terbatas (PT),Website :-Email :-
1398,RIYA JAYA INDONESIAPerseroan Terbatas (PT),Website :-Email :alluvia.indonesia@gmail.com
1399,ADHIGAIA MANDIRI PERKASAPerseroan Terbatas (PT),Website :-Email :-
1400,KASTURI NUSANTARA GEMILANGPerseroan Terbatas (PT),Website :-Email :-
1401,RIYA JAYA INDONESIAPerseroan Terbatas (PT),Website :-Email :alluvia.indonesia@gmail.com
1402,RAJAWALI CIPTA JAYAPerseroan Terbatas (PT),Website :-Email :-
1403,DXPLOR DUTA MEDIAPerseroan Terbatas (PT),Website :-Email :-
1404,INDO SUPPLY CHAINPerseroan Terbatas (PT),Website :-Email :admin@iscglobe.com
1405,HERBAL AGRO INDUSTRI INDONESIAPerseroan Terbatas (PT),Website :-Email :-
1406,NATURA PRIMA BEAUTYPerseroan Terbatas (PT),Website :-Email :naturaworld.official@gmail.com
1407,MAHKOTA SUKSES INDONESIAPerseroan Terbatas (PT),Website :-Email :mahkotaindonesia.official@gmail.com
1408,ACCELERATING BUSINESS EMINENCEPerseroan Terbatas (PT),Website :-Email :-
1409,JMOA INDONESIA INTERNASIONALPerseroan Terbatas (PT),Website :-Email :pmljmoa@gmail.com
1410,ZOJUN INTERNATIONAL ECOMMERCE TECHNOLOGY INDONESIAPerseroan Terbatas (PT),Website :-Email :-
1411,NUSA SELARAS INDONESIAPerseroan Terbatas (PT),Website :-Email :andri@nuskin.com
1412,GLOBAL GEMILANG SEHAT SEJAHTERAPerseroan Terbatas (PT),Website :-Email :-
1413,BAE ORBIT SENUSANTARAPerseroan Terbatas (PT),Website :-Email :sagita@ptbos.com
1414,YOO SAI HIROPerseroan Terbatas (PT),Website :-Email :yoosaihiro@gmail.com
1415,HEALTHY WAY WORLDWIDEPerseroan Terbatas (PT),Website :-Email :-
1416,JAZEERA INTI SUKSESPerseroan Terbatas (PT),Website :-Email :-
1417,KING GAHARU NATURALINDOPerseroan Terbatas (PT),Website :-Email :gaharunat@gmail.com
1418,SUN HOPE NUTRISIPerseroan Terbatas (PT),Website :-Email :-
1419,ORBIT SEMBILAN SEMBILANPerseroan Terbatas (PT),Website :-Email :orbit99group@gmail.com
1420,YOUMEI INTERNATIONAL INDONESIAPerseroan Terbatas (PT),Website :-Email :-
1421,YOUMEI INTERNATIONAL INDONESIAPerseroan Terbatas (PT),Website :-Email :-
1422,BRILIAN NUSANTARA MANDIRIPerseroan Terbatas (PT),Website :-Email :bliuntungyes@gmail.com
1423,K-LINK NUSANTARAPerseroan Terbatas (PT),Website :-Email :mitrapendidikanind@gmail.com
1424,BANDUNG ECO SINERGI TEKNOLOGIPerseroan Terbatas (PT),Website :-Email :official.sinergyworld@gmail.com
1425,EXISTARAYA RESTU BUMIMASPerseroan Terbatas (PT),Website :-Email :exista.adm@gmail.com
1426,HONG RUIPerseroan Terbatas (PT),Website :-Email :chris.indo@yahoo.co.id
1427,TRIDAYA REKATAMA JAYAPerseroan Terbatas (PT),Website :-Email :-
1428,SIRKUIT SAMMIN INDONESIAPerseroan Terbatas (PT),Website :-Email :-
1429,PALUGADA GEMILANG ABADIPerseroan Terbatas (PT),Website :-Email :-
1430,VARASH SADDAN NUSANTARAPerseroan Terbatas (PT),Website :-Email :-
1431,SIRKUIT SAMMIN INDONESIAPerseroan Terbatas (PT),Website :-Email :-
1432,VARASH SADDAN NUSANTARAPerseroan Terbatas (PT),Website :-Email :-
1433,KARYA CEMERLANG SEHAT SEJAHTERAPerseroan Terbatas (PT),Website :-Email :-
1434,YOUNG LIVING INDONESIAPerseroan Terbatas (PT),Website :-Email :kwinda@youngliving.com
1435,CATUR KENCANA MANAJEMENPerseroan Terbatas (PT),Website :-Email :ptcaturkencanamanajemen@gmail.com
1436,RAJA WALET INDONESIAPerseroan Terbatas (PT),Website :-Email :blackwaletpusat@gmail.com
1437,AYO KITA BERDIKARIPerseroan Terbatas (PT),Website :-Email :kota.hadiah2021@gmail.com
1438,PENAWAR LEGENDA MAJUPerseroan Terbatas (PT),Website :-Email :-
1439,H&E DERMATECH INDONESIAPerseroan Terbatas (PT),Website :-Email :eastcopasific@gmail.com
1440,TRENINET SENTOSA INTERNASIONALPerseroan Terbatas (PT),Website :-Email :treninet.sentosa.internasional@gmail.com
1441,GEMILANG CITRUS BERJAYAPerseroan Terbatas (PT),Website :-Email :gusbiz9@gmail.com
1442,HSIN TEN INDONESIAPerseroan Terbatas (PT),Website :-Email :-
1443,SHANNEN GLOBAL INDONESIAPerseroan Terbatas (PT),Website :-Email :shannenglobalofficial@gmail.com
1444,CAHAYA PRESTASI INDONESIAPerseroan Terbatas (PT),Website :-Email :renianggraeni@tupperware.com
1445,SURYA LIFETIME INTERNASIONALPerseroan Terbatas (PT),Website :-Email :customerservice@itslifetime.com
1446,INDO SUPPLY CHAINPerseroan Terbatas (PT),Website :-Email :admin@iscglobe.com
1447,STARLA SUKSES SEJAHTERAPerseroan Terbatas (PT),Website :-Email :-
1448,SINERGI REZEKI ANANTAPerseroan Terbatas (PT),Website :-Email :-
1449,USANA HEALTH SCIENCES INDONESIAPerseroan Terbatas (PT),Website :-Email :tiffani.victoria@usanainc.com
1450,AGOGO MUSTIKA INDONESIAPerseroan Terbatas (PT),Website :-Email :-
1451,JOICENELL TECHNOLOGY LLCPerseroan Terbatas (PT),Website :-Email :-
1452,ALFA SEHAT INDONESIAPerseroan Terbatas (PT),Website :-Email :rar.alfasehat@gmail.com
1453,INDONESIA AMANAH MANDIRIPerseroan Terbatas (PT),Website :-Email :-
1454,SIMBIOTIK MULTITALENTA INDONESIAPerseroan Terbatas (PT),Website :-Email :info@ptsmi.id
1455,MAKIN JAYA AGUNGPerseroan Terbatas (PT),Website :-Email :makinjayaagung17@gmail.com
1456,DHANA MANDALA UTTAMAPerseroan Terbatas (PT),Website :-Email :-
1457,BERLIAN BERKAH NUSANTARAPerseroan Terbatas (PT),Website :-Email :-
1458,BORNEO CITRAKOSMETIK INDONESIAPerseroan Terbatas (PT),Website :-Email :-
1459,TST RICHING INDONESIAPerseroan Terbatas (PT),Website :-Email :-
1460,AVAIL ELOK INDONESIAPerseroan Terbatas (PT),Website :-Email :ptavail.oss@gmail.com
1461,SAYEN GLOBAL INDONESIAPerseroan Terbatas (PT),Website :-Email :sayenglobal2022@gmail.com
1462,HEALTH WEALTH INTERNATIONALPerseroan Terbatas (PT),Website :-Email :-
1463,SEJAHTERA ANUGERAH PRATAMAPerseroan Terbatas (PT),Website :-Email :info@sejahterapratama.id
1464,MULTI VIRAL PERKASAPerseroan Terbatas (PT),Website :-Email :-
1465,BIO ENERGI SELARAS ALAMPerseroan Terbatas (PT),Website :-Email :bioenergiselarasalam2@gmail.com
1466,NATURALLY PLUS INDONESIAPerseroan Terbatas (PT),Website :-Email :aida@naturally-plus.co.id
1467,Joy Business InternationalPerseroan Terbatas (PT),Website :-Email :-
1468,ELKEN GLOBAL INDONESIAPerseroan Terbatas (PT),Website :-Email :lisma@elken.com
1469,KK INDONESIAPerseroan Terbatas (PT),Website :-Email :-
1470,ORBIT KARISMA ELITEPerseroan Terbatas (PT),Website :-Email :targetorbitlegal@gmail.com
1471,ORBIT KARISMA ELITEPerseroan Terbatas (PT),Website :-Email :targetorbitlegal@gmail.com
1472,CAHAYA PRESTASI INDONESIAPerseroan Terbatas (PT),Website :-Email :renianggraeni@tupperware.com
1473,GAMENET PRIMA INDONESIAPerseroan Terbatas (PT),Website :-Email :gamenetprima@gmail.com
1474,INDONESIA WIJAYA SEJAHTERA GLOBAL ASIAPerseroan Terbatas (PT),Website :-Email :unitediws71@gmail.com
1475,DXPLOR DUTA MEDIAPerseroan Terbatas (PT),Website :-Email :-
1476,MC OCEAN GLOBALPerseroan Terbatas (PT),Website :-Email :-
1477,USANA HEALTH SCIENCES INDONESIAPerseroan Terbatas (PT),Website :-Email :tiffani.victoria@usanainc.com
1478,SURYA LIFETIME INTERNASIONALPerseroan Terbatas (PT),Website :-Email :customerservice@itslifetime.com
1479,INDO SUPPLY CHAINPerseroan Terbatas (PT),Website :-Email :admin@iscglobe.com
1480,GANESHA PUTRA INDONESIAPerseroan Terbatas (PT),Website :-Email :-
1481,ZEE LORA GLOBAL INTERNASIONALPerseroan Terbatas (PT),Website :-Email :ptzeeloraglobali@gmail.com
1482,KYANI INDONESIA SEJAHTERAPerseroan Terbatas (PT),Website :-Email :asan@kyanicorp.com
1483,AM LIFE INTERNATIONALPerseroan Terbatas (PT),Website :-Email :ptamlife@amlife2u.com
1484,INDO SUPPLY CHAINPerseroan Terbatas (PT),Website :-Email :admin@iscglobe.com
1485,REVELL INDONESIAPerseroan Terbatas (PT),Website :-Email :-
1486,KIENS KAPUPON INTERNASIONALPerseroan Terbatas (PT),Website :-Email :-
1487,MAESTRO NETWORK INTERNASIONALPerseroan Terbatas (PT),Website :-Email :-
1488,Unionfam Azaria BerjayaPerseroan Terbatas (PT),Website :-Email :-
1489,GLUTERA INDONESIAPerseroan Terbatas (PT),Website :-Email :naningyusuf@yahoo.com
1490,BINTANG AGNETA INDONESIAPerseroan Terbatas (PT),Website :-Email :-
1491,HETONES JAYA ABADIPerseroan Terbatas (PT),Website :-Email :-
1492,ARSYLA BANGKIT MANDIRIPerseroan Terbatas (PT),Website :-Email :-
1493,ZHIFAM GLOBAL MANDIRIPerseroan Terbatas (PT),Website :-Email :-
1494,UNIVERSAL HEALTH NETWORKPerseroan Terbatas (PT),Website :-Email :debby.alfi@sohoglobalhealth.com
1495,RENER INTI INTERNASIONALPerseroan Terbatas (PT),Website :-Email :nasirindonesia99@gmail.com
1496,SHANNEN GLOBAL INDONESIAPerseroan Terbatas (PT),Website :-Email :shannenglobalofficial@gmail.com
1497,SINERGI REZEKI ANANTAPerseroan Terbatas (PT),Website :-Email :-
1498,PASIFIK INDO SUKSESPerseroan Terbatas (PT),Website :-Email :-
1499,LONGRICH BIOSCIENCE INDONESIAPerseroan Terbatas (PT),Website :-Email :-
1500,GLOBAL TREN INDONESIAPerseroan Terbatas (PT),Website :-Email :globaltrenindonesia@gmail.com
1501,HANITA ARTHA NUSANTARAPerseroan Terbatas (PT),Website :-Email :hanitaarthanusantara488@gmail.com
1502,MULIA NUSA INDONESIAPerseroan Terbatas (PT),Website :-Email :mulianusaindonesia@gmail.com
1503,KAPITAL GLOBAL AKADEMIPerseroan Terbatas (PT),Website :-Email :-
1504,RESTU SUKSES INDONESIAPerseroan Terbatas (PT),Website :-Email :restusuksesindonesia@yahoo.com
1505,SOLUSI TEPAT ATASI RINTANGANPerseroan Terbatas (PT),Website :-Email :-
1506,ARMINAREKA PHARMASIA PRATAMAPerseroan Terbatas (PT),Website :-Email :ARMINAREKA.PHARMASIA@gmail.com
1507,RF3 WORLD INDONESIAPerseroan Terbatas (PT),Website :-Email :-
1508,GREENLEAF INTERNATIONAL INDONESIAPerseroan Terbatas (PT),Website :-Email :-
1509,JAZEERA INTI SUKSESPerseroan Terbatas (PT),Website :-Email :-
1510,CENTRAL POINT INTERNASIONALPerseroan Terbatas (PT),Website :-Email :-
1511,MAGIC LIFE INDONESIAPerseroan Terbatas (PT),Website :-Email :-
1512,LP GLOBAL NETWORKPerseroan Terbatas (PT),Website :-Email :-
1513,LUXOR INDONESIAPerseroan Terbatas (PT),Website :-Email :-
1514,RUAN INDAH INDONESIAPerseroan Terbatas (PT),Website :-Email :ruanindahindonesia@gmail.com
1515,BITREXGO SOLUSI PRIMAPerseroan Terbatas (PT),Website :-Email :-
1516,INFINESSE SEMPURNA ABADIPerseroan Terbatas (PT),Website :-Email :-
1517,USANA HEALTH SCIENCES INDONESIAPerseroan Terbatas (PT),Website :-Email :tiffani.victoria@usanainc.com
1518,ANAK BANGSA BERSATUPerseroan Terbatas (PT),Website :-Email :-
1519,MPG NETWORK WORLDWIDEPerseroan Terbatas (PT),Website :-Email :chorhung@m-plan.com.my
1520,DJAYA SEJAHTERA NUSANTARAPerseroan Terbatas (PT),Website :-Email :-
1521,PENJUALAN LANGSUNG SEJAHTERAPerseroan Terbatas (PT),Website :-Email :-
1522,TRIPEL ORGANIK INTERNASIONALPerseroan Terbatas (PT),Website :-Email :-
1523,PROZANT SEJAHTERA INDONESIAPerseroan Terbatas (PT),Website :-Email :Infoprozant@gmail.com
1524,HOUSE OF PRINCESSPerseroan Terbatas (PT),Website :-Email :ratnawisarta@gmail.com
1525,INFINY NIAGA ABADIPerseroan Terbatas (PT),Website :-Email :-
1526,ANUGRAH BERSAMA PERKASAPerseroan Terbatas (PT),Website :-Email :-
1527,KYANI INDONESIA SEJAHTERAPerseroan Terbatas (PT),Website :-Email :asan@kyanicorp.com
1528,Joy Business InternationalPerseroan Terbatas (PT),Website :-Email :-
1529,SENTRAL SEHAT SEJAHTERAPerseroan Terbatas (PT),Website :-Email :-
1530,H&E DERMATECH INDONESIAPerseroan Terbatas (PT),Website :-Email :eastcopasific@gmail.com
1531,COWAY INTERNATIONAL INDONESIAPerseroan Terbatas (PT),Website :-Email :indonesiacoway@hotmail.com
1532,ASTANA MULTI ARTAPerseroan Terbatas (PT),Website :-Email :astanamultiarta@gmail.com
1533,AMINDOWAY JAYAPerseroan Terbatas (PT),Website :-Email :andry.yudistira@amway.com
1534,NEW IMAGE HEALTH SCIENCESPerseroan Terbatas (PT),Website :-Email :-
1535,PERFECT NUSANTARAPerseroan Terbatas (PT),Website :-Email :-
1536,KARYA CEMERLANG SEHAT SEJAHTERAPerseroan Terbatas (PT),Website :-Email :-
1537,INDO SEJAHTERA JAYAPerseroan Terbatas (PT),Website :-Email :-
1538,VASAYO LLC INDONESIAPerseroan Terbatas (PT),Website :-Email :-
1539,ALTRA MULTI SUKSESPerseroan Terbatas (PT),Website :-Email :-
1540,ATOMY INDONESIA INCPerseroan Terbatas (PT),Website :-Email :sj_kim@atomy.kr
1541,ATOMY INDONESIA INCPerseroan Terbatas (PT),Website :-Email :sj_kim@atomy.kr
1542,USANA HEALTH SCIENCES INDONESIAPerseroan Terbatas (PT),Website :-Email :tiffani.victoria@usanainc.com
1543,SEJAHTERA EKONOMI MAKMURPerseroan Terbatas (PT),Website :-Email :-
1544,SENTRAL SEHAT SEJAHTERAPerseroan Terbatas (PT),Website :-Email :-
1545,CLASSIC WORLDWIDE INTERNATIONAL GROUPPerseroan Terbatas (PT),Website :-Email :-
1546,MEGA GLORYOUNG INTERNATIONALPerseroan Terbatas (PT),Website :-Email :mgiclubglory@gmail.com
1547,SRIKANDHI JAYATAMA INDONESIAPerseroan Terbatas (PT),Website :-Email :srikandhijayatamaindonesia@gmail.com
1548,CAHAYA PRESTASI INDONESIAPerseroan Terbatas (PT),Website :-Email :renianggraeni@tupperware.com
1549,GAV PUTRA MANDIRIPerseroan Terbatas (PT),Website :-Email :-
1550,UNICITY INDONESIAPerseroan Terbatas (PT),Website :-Email :ptunicityindonesia@gmail.com
1551,NIWI INTERNASIONAL INDONESIAPerseroan Terbatas (PT),Website :-Email :-
1552,BINA INSANUSAHA NUSANTARAPerseroan Terbatas (PT),Website :-Email :-
1553,ORBIT SEMBILAN SEMBILANPerseroan Terbatas (PT),Website :-Email :orbit99group@gmail.com
1554,BANDUNG ECO SINERGI TEKNOLOGIPerseroan Terbatas (PT),Website :-Email :official.sinergyworld@gmail.com
1555,NORLAND GLOBAL INDONESIAPerseroan Terbatas (PT),Website :-Email :-
1556,VICTORI LINTAS ELEKTRAPerseroan Terbatas (PT),Website :-Email :-
1557,CANAI INDONESIA INTERNATIONALPerseroan Terbatas (PT),Website :-Email :-
1558,SARANA MITRA NIAGAPerseroan Terbatas (PT),Website :-Email :-
1559,RLEGACY INDO JAYAPerseroan Terbatas (PT),Website :-Email :-
1560,EKSTREM ANUGERAH INDONESIAPerseroan Terbatas (PT),Website :-Email :-
1561,DJAYA SEJAHTERA NUSANTARAPerseroan Terbatas (PT),Website :-Email :-
1562,LAMARIZK ABADI JAYAPerseroan Terbatas (PT),Website :-Email :-
1563,ELOKET SUKSES ABADIPerseroan Terbatas (PT),Website :-Email :-
1564,FAJAR FUTURA FORTUNAPerseroan Terbatas (PT),Website :-Email :-
1565,DUTA ELOK PERSADAPerseroan Terbatas (PT),Website :-Email :elizabeth@skinhealthsystem.com
1566,NUSA SELARAS INDONESIAPerseroan Terbatas (PT),Website :-Email :andri@nuskin.com
1567,BINTANG INDONESIA SEJAHTERA ABADIPerseroan Terbatas (PT),Website :-Email :-
1568,KARUNIA BERJAYA SELAMANYAPerseroan Terbatas (PT),Website :-Email :prast.hrd@gmail.com
1569,PELABUHAN TERAKHIR LANGGENG SEJAHTERAPerseroan Terbatas (PT),Website :-Email :-
1570,BIOVITAL VICTORIA INDONESIAPerseroan Terbatas (PT),Website :-Email :biovital@biovital.co.id
1571,BIOVITAL VICTORIA INDONESIAPerseroan Terbatas (PT),Website :-Email :biovital@biovital.co.id
1572,TOGA INTERNATIONAL INDONESIA-,Website :-Email :-
1573,JANITRA JAYA MULIAPerseroan Terbatas (PT),Website :-Email :-
1574,QUAN JIAN INDONESIA NATURAL MEDICINEPerseroan Terbatas (PT),Website :-Email :-
1575,KENANGA LAUTAN HARTAPerseroan Terbatas (PT),Website :-Email :-
1576,RAIH USAHA BERKAH INDONESIAPerseroan Terbatas (PT),Website :-Email :-
1577,HERBAL EQUIVA INTERNASIONALPerseroan Terbatas (PT),Website :-Email :-
1578,RIWAY INTERNATIONALPerseroan Terbatas (PT),Website :-Email :-
1579,WINALITE ASIA JAYAPerseroan Terbatas (PT),Website :-Email :-
1580,BELLAVITA GROUP INDONESIAPerseroan Terbatas (PT),Website :-Email :-
1581,MAGIC LIFE INDONESIAPerseroan Terbatas (PT),Website :-Email :-
1582,JMOA INDONESIA INTERNASIONALPerseroan Terbatas (PT),Website :-Email :pmljmoa@gmail.com
1583,JMOA INDONESIA INTERNASIONALPerseroan Terbatas (PT),Website :-Email :pmljmoa@gmail.com
1584,KYANI INDONESIA SEJAHTERAPerseroan Terbatas (PT),Website :-Email :asan@kyanicorp.com
1585,MUSTIKA GEMILANG INDAH PERSADAPerseroan Terbatas (PT),Website :-Email :-
1586,DILAM NATUR ABADIPerseroan Terbatas (PT),Website :-Email :djajadilam@gmail.com
1587,NEX SUKSES GLOBALPerseroan Terbatas (PT),Website :-Email :-
1588,TAN TAN INDONESIAPerseroan Terbatas (PT),Website :-Email :legal.tantanindonesia@gmail.com
1589,USANA HEALTH SCIENCES INDONESIAPerseroan Terbatas (PT),Website :-Email :tiffani.victoria@usanainc.com
1590,COMPRO KOTAK INOVASIPerseroan Terbatas (PT),Website :-Email :-
1591,FORGEWINNER INDONESIA SEJAHTERAPerseroan Terbatas (PT),Website :-Email :-
1592,PHHP PEMASARAN INDONESIAPerseroan Terbatas (PT),Website :-Email :registrasi@phhp.co.id
1593,JAFRA COSMETICS INDONESIAPerseroan Terbatas (PT),Website :-Email :legal@jafra.co.id
1594,Joy Business InternationalPerseroan Terbatas (PT),Website :-Email :-
1595,TALK FUSION INDONESIAPerseroan Terbatas (PT),Website :-Email :-
1596,KHARISMA INDONESIA SUKSES SEJAHTERAPerseroan Terbatas (PT),Website :-Email :-
1597,MITRA ERAT INDONESIAPerseroan Terbatas (PT),Website :-Email :-
1598,SUKSES INTEGRITAS PERKASAPerseroan Terbatas (PT),Website :-Email :rm@sipindonesia.com
1599,PILMICO FOODS INDONESIAPerorangan,Website :-Email :petugas.siptpdn@gmail.com
1600,PILMICO FOODS INDONESIAPerseroan Terbatas (PT),Website :-Email :petugas.siptpdn@gmail.com
1601,DJAYA SEJAHTERA NUSANTARAPerseroan Terbatas (PT),Website :-Email :-
1602,NATURAL NUSANTARAPerseroan Terbatas (PT),Website :-Email :service@naturalnusantara.co.id
1603,Inmall Jaringan IndonesiaPerseroan Terbatas (PT),Website :-Email :-
1604,Joy Business InternationalPerseroan Terbatas (PT),Website :-Email :-
1605,MORINDA INDEPENDENPerseroan Terbatas (PT),Website :-Email :-
